tree
version=v4
num_class=1
num_tree_per_iteration=1
label_index=0
max_feature_idx=9
objective=regression_l1
feature_names=section_code_enc scheduled_runtime entry_delay_min hour_of_day day_of_week fog_flag historical_avg_runtime_section historical_avg_runtime_train train_recovery_rate_prev congestion_proxy
feature_infos=[0:7] [30:295] [-0.90000000000000002:306.5] [0:23] [0:6] [0:1] [28.5:295.30000000000001] [28.5:295.30000000000001] [-209.69999999999999:41.100000000000001] [-20.199999999999999:125.40000000000001]
tree_sizes=1618 2141 2118 2258 2303 2309 2296 2335 2282 2401 2327 2252 2328 2326 2416 2344 2408 2320 2319 2311 2324 2463 2416 2387 2395 2357 2281 2351 2382 2277 2385 2377 2374 2369 2303 2374 2387 2413 2330 2344 2349 2399 2324 2361 2309 2387 2370 2383 2332 2344 2445 2339 2406 2409 2425 2416 2367 2403 2423 2401 2386 2432 2419 2408 2392 2388 2371 2359 2345 2374 2340 2325 2402 2413 2367 2391 2398 2378 2369 2382 2376 2363 2387 2441 2360 2400 2406 2387 2392 2379 2347 2397 2410 2364 2397 2370 2397 2386 2424 2405 2364 2387 2350 2376 2411 2392 2353 2360 2367 2450 2386 2379 2423 2365 2340 2340 2318 2450 2397 2411 2381 2407 2384 2414 2348 2414 2404 2393 2409 2424 2363 2410 2431 2406 2384 2407 2435 2450 2363 2418 2469 2386 2407 2403 2403 2418 2441 2398 2388 2388 2427 2397 2417 2421 2425 2379 2337 2398 2433 2384

Tree=0
num_leaves=17
num_cat=0
split_feature=6 6 2 0 5 8 9 2 4 4 2 4 9 9 2 2
split_gain=187.61 46.0509 37.0025 6.02529 11.3778 4.82026 3.20908 2.03498 3.34641 1.69 2.59286 3.5 0.860215 1.11111 0.834055 2.04848
threshold=128.40000000000001 92.050000000000011 20.350000000000005 2.5000000000000004 1.0000000180025095e-35 -64.949999999999974 -1.9499999999999997 55.600000000000009 2.5000000000000004 1.5000000000000002 162.00000000000003 4.5000000000000009 0.45000000000000007 -1.8499999999999999 120.45000000000002 149.40000000000003
decision_type=2 2 2 2 2 2 2 2 2 2 2 2 2 2 2 2
left_child=1 -1 3 4 -3 14 7 -4 -9 -8 11 -11 13 -5 -2 -16
right_child=5 2 6 12 -6 -7 9 8 -10 10 -12 -13 -14 -15 15 -17
leaf_value=121.65849849700928 123.41199851989747 122.15199851989746 123.04599849700928 123.2499984741211 123.72999870300293 123.71799865722656 123.51399833679199 122.82099849700927 123.02499847412109 123.05199851989747 122.84499858856201 123.10599861145019 123.22299854278565 123.14799842834472 123.02199851989747 123.32949851989746
leaf_weight=116 7.0000000000000027 5.9999999999999973 20 5.9999999999999991 9 118 5.0000000000000027 8.0000000000000018 8.9999999999999982 7.0000000000000018 5.9999999999999991 7 15.999999999999998 9.0000000000000018 4.9999999999999982 6
leaf_count=116 7 6 20 6 9 118 5 8 9 7 6 7 16 9 5 6
internal_value=123.1 123.083 123.097 123.118 123.102 123.128 123.082 123.076 123.084 123.09 123.086 123.094 123.125 123.12 123.113 123.108
internal_weight=360 224 108 46 15 136 62 37 17 25 20 14 31 15 18 11
internal_count=360 224 108 46 15 136 62 37 17 25 20 14 31 15 18 11
is_linear=0
shrinkage=1


Tree=1
num_leaves=22
num_cat=0
split_feature=1 6 2 8 6 9 9 9 2 9 8 2 6 8 0 2 2 6 8 8 2
split_gain=191.912 38.4147 30.0219 4.81482 3.46497 2.67941 2.09074 2.26332 2.03498 2.63529 1.6 1.6 1.52471 1.56863 1.33333 0.834055 2.04848 0.775758 0.4 0.251232 0.514286
threshold=127.50000000000001 92.050000000000011 20.350000000000005 -64.949999999999974 99.350000000000009 -1.9499999999999997 2.2500000000000004 -0.24999999999999997 55.600000000000009 -9.6499999999999986 -52.54999999999999 8.9000000000000021 126.65000000000002 -39.849999999999994 4.5000000000000009 120.45000000000002 149.40000000000003 123.65000000000002 -4.5499999999999989 -28.049999999999994 57.250000000000007
decision_type=2 2 2 2 2 2 2 2 2 2 2 2 2 2 2 2 2 2 2 2 2
left_child=1 19 4 15 -3 8 7 11 -4 -10 -11 -6 13 14 -7 -2 -17 -9 -13 20 -1
right_child=3 2 5 -5 6 12 -8 17 9 10 -12 18 -14 -15 -16 16 -18 -19 -20 -21 -22
leaf_value=-2.2967550006866455 0.30264004440307601 -0.86856004714965818 -0.052379977798461964 0.60246013183593761 0.14430013389587387 0.13400993270874026 0.15530986061096186 -0.0014399986267088138 -0.31274999999999992 0.51524995422363284 -0.081749862670898343 0.14556004714965837 -0.051764958000182944 -0.046559955596923996 -0.12686988830566406 -0.075659955596923956 0.22261504440307631 0.023310043716430612 0.0075600929260255609 -1.3832549777984617 -2.4287549320220947
leaf_weight=4.9999999999999991 7.0000000000000027 8.9999999999999982 20 117 8.0000000000000018 6.0000000000000036 8.9999999999999982 5.0000000000000018 7.0000000000000027 5.0000000000000009 4.9999999999999973 4.9999999999999982 7.9999999999999991 5.0000000000000009 6 4.9999999999999982 6 6 5 102 8.9999999999999982
leaf_count=5 7 9 20 117 8 6 9 5 7 5 5 5 8 5 6 5 6 6 5 102 9
internal_value=-0.0005 -0.0174667 -0.0046789 0.0277778 0.0134043 -0.0183871 0.0173684 0.0134483 -0.0235135 -0.0158824 -0.006 0.02 -0.0108 -0.0158824 -0.01 0.0133333 0.00818182 0.00272727 0.012 -0.0294828 -0.0257143
internal_weight=360 225 109 135 47 62 38 29 37 17 10 18 25 17 12 18 11 11 10 116 14
internal_count=360 225 109 135 47 62 38 29 37 17 10 18 25 17 12 18 11 11 10 116 14
is_linear=0
shrinkage=0.03


Tree=2
num_leaves=22
num_cat=0
split_feature=1 6 2 8 9 6 9 9 2 4 2 4 4 8 2 2 6 8 8 8 2
split_gain=189.656 40.1387 28.222 4.81482 3.7865 3.46497 2.09074 2.26332 2.03498 3.34641 1.6 1.44 3.2 3.6 0.834055 2.04848 0.775758 0.4 0.4 0.251232 0.514286
threshold=127.50000000000001 92.050000000000011 20.350000000000005 -64.949999999999974 -1.9499999999999997 99.350000000000009 2.2500000000000004 -0.24999999999999997 55.600000000000009 2.5000000000000004 8.9000000000000021 1.5000000000000002 4.5000000000000009 -71.249999999999986 120.45000000000002 149.40000000000003 123.65000000000002 -78.59999999999998 -4.5499999999999989 -28.049999999999994 57.250000000000007
decision_type=2 2 2 2 2 2 2 2 2 2 2 2 2 2 2 2 2 2 2 2 2
left_child=1 19 5 14 8 -3 7 10 -4 -10 -7 -6 17 -14 -2 -16 -9 -13 -12 20 -1
right_child=3 2 4 -5 11 6 -8 16 9 -11 18 12 13 -15 15 -17 -18 -19 -20 -21 -22
leaf_value=-2.2278523506660459 0.29356084307098368 -0.84250324573516844 -0.050808578464507974 0.58438632788085942 0.3975595688095096 0.13997112987899782 0.1506505647926332 -0.001396798667907575 -0.26124747779846186 -0.079297366790771234 0.14119324573516862 -0.13758029935455326 -0.080373770141601422 0.0073730819492340057 -0.07339015692901639 0.2159365930709842 0.022610742404937552 -0.045163156929016422 0.0073332901382447344 -1.3417573284645081 -2.355892284061432
leaf_weight=4.9999999999999991 7.0000000000000027 8.9999999999999982 20 117 5.0000000000000027 8.0000000000000018 8.9999999999999982 5.0000000000000018 8.0000000000000018 8.9999999999999982 4.9999999999999982 5.0000000000000027 5 4.9999999999999982 4.9999999999999982 6 6 4.9999999999999991 5 102 8.9999999999999982
leaf_count=5 7 9 20 117 5 8 9 5 8 9 5 5 5 5 5 6 6 5 5 102 9
internal_value=-0.000333333 -0.0172 -0.00412844 0.0277778 -0.0174194 0.0134043 0.0173684 0.0134483 -0.0235135 -0.0158824 0.02 -0.0084 -0.012 0 0.0133333 0.00818182 0.00272727 -0.024 0.012 -0.0294828 -0.0257143
internal_weight=360 225 109 135 62 47 38 29 37 17 18 25 20 10 18 11 11 10 10 116 14
internal_count=360 225 109 135 62 47 38 29 37 17 18 25 20 10 18 11 11 10 10 116 14
is_linear=0
shrinkage=0.03


Tree=3
num_leaves=24
num_cat=0
split_feature=1 6 2 9 6 9 6 9 9 2 4 2 4 4 9 6 3 2 3 3 2 9 2
split_gain=178.579 40.1387 28.222 5.0157 6.4 3.7865 3.46497 2.09074 2.26332 2.03498 3.34641 1.6 1.44 3.2 1.40371 0.775758 0.4 0.4 0.4 0.299805 0.4 0.251232 0.514286
threshold=127.50000000000001 92.050000000000011 20.350000000000005 28.700000000000006 138.05000000000004 -1.9499999999999997 99.350000000000009 2.2500000000000004 -0.24999999999999997 55.600000000000009 2.5000000000000004 8.9000000000000021 1.5000000000000002 4.5000000000000009 -10.399999999999997 123.65000000000002 2.5000000000000004 139.90000000000001 1.0000000180025095e-35 20.500000000000004 72.500000000000014 25.150000000000002 57.250000000000007
decision_type=2 2 2 2 2 2 2 2 2 2 2 2 2 2 2 2 2 2 2 2 2 2 2
left_child=1 21 6 14 -5 9 -3 8 11 -4 -11 -8 -7 16 -2 -10 -14 -15 -13 -16 -21 -1 -23
right_child=3 2 5 4 -6 12 7 -9 15 10 -12 18 13 17 19 -17 -18 -19 -20 20 -22 22 -24
leaf_value=-1.3015046086105728 1.6719584952788549 -0.8172281483631133 -0.049284321110572619 -0.0031452619555665251 3.0747540177788544 0.3856327817452242 0.13577199598262779 0.14613104784885436 -0.0013548947078702155 -0.25341005346450801 -0.076918445787048165 0.13695744836311363 -0.10366969148895265 0.00099560208955750784 0.45435473804443344 0.021932420132789475 -0.13345289037391667 -0.061132693679809336 0.10095753991584799 1.8208548295971678 3.0388545549389647 -2.1610167801460647 -2.2852155155395892
leaf_weight=102 8.9999999999999982 8.9999999999999982 20 4.9999999999999982 5 5.0000000000000027 8.0000000000000018 8.9999999999999982 5.0000000000000018 8.0000000000000018 8.9999999999999982 4.9999999999999982 5.0000000000000018 4.9999999999999982 106 6 5 5 5 4.9999999999999982 5 4.9999999999999991 8.9999999999999982
leaf_count=102 9 9 20 5 5 5 8 9 5 8 9 5 5 5 106 6 5 5 5 5 5 5 9
internal_value=-0.000833333 -0.0172 -0.00412844 0.0264444 0.006 -0.0174194 0.0134043 0.0173684 0.0134483 -0.0235135 -0.0158824 0.02 -0.0084 -0.012 0.02808 0.00272727 -0.024 0 0.012 0.0289655 0.024 -0.0294828 -0.0257143
internal_weight=360 225 109 135 10 62 47 38 29 37 17 18 25 20 125 11 10 10 10 116 10 116 14
internal_count=360 225 109 135 10 62 47 38 29 37 17 18 25 20 125 11 10 10 10 116 10 116 14
is_linear=0
shrinkage=0.03


Tree=4
num_leaves=24
num_cat=0
split_feature=1 6 2 8 9 6 9 9 9 2 9 6 8 8 2 9 6 6 8 6 8 2 6
split_gain=174.96 40.1387 28.222 5.90769 3.7865 3.46497 2.39501 2.09074 2.26332 2.03498 2.63529 1.96923 2.37363 1.6 1.6 1.11692 1.87546 0.775758 0.4 0.333333 0.251232 0.514286 0.137877
threshold=127.50000000000001 92.050000000000011 20.350000000000005 -64.949999999999974 -1.9499999999999997 99.350000000000009 28.700000000000006 2.2500000000000004 -0.24999999999999997 55.600000000000009 -9.6499999999999986 136.55000000000004 -95.549999999999983 -52.54999999999999 8.9000000000000021 40.95000000000001 125.35000000000001 123.65000000000002 -4.5499999999999989 126.65000000000002 -28.049999999999994 57.250000000000007 131.10000000000005
decision_type=2 2 2 2 2 2 2 2 2 2 2 2 2 2 2 2 2 2 2 2 2 2 2
left_child=1 20 5 11 9 -3 22 8 14 -4 -11 -2 -13 -12 -7 16 -6 -10 -16 -17 21 -1 -5
right_child=3 2 4 6 15 7 -8 -9 17 10 13 12 -14 -15 18 19 -18 -19 -20 -21 -22 -23 -24
leaf_value=-2.0961862767416828 -0.040411710422048941 -0.79271130391221989 -0.047805791477255326 0.11222418745583496 -0.039804675509928271 0.13169883610314911 0.16228058381890051 0.14174711641338875 -0.0013142478666340195 -0.29868102562266569 0.50447892997425825 0.32032789891388913 0.049799694644121928 -0.074610892413436852 0.13284872491222002 -0.11919387842616941 0.19059290986046867 0.021274447528805921 0.0040845652366216711 -0.11510406309105739 -1.2624594703522556 -2.2166590500734014 3.6734624008421917
leaf_weight=4.9999999999999991 5.0000000000000027 8.9999999999999982 20 23 7.0000000000000018 8.0000000000000018 5.9999999999999991 8.9999999999999982 5.0000000000000018 7.0000000000000027 5.0000000000000009 6.0000000000000009 6.9999999999999973 4.9999999999999973 4.9999999999999982 5.9999999999999982 6 6 5 6 102 8.9999999999999982 88
leaf_count=5 5 9 20 23 7 8 6 9 5 7 5 6 7 5 5 6 6 6 5 6 102 9 88
internal_value=-0.001 -0.0172 -0.00412844 0.026 -0.0174194 0.0134043 0.0284615 0.0173684 0.0134483 -0.0235135 -0.0158824 0.01 0.0161538 -0.006 0.02 -0.0084 -0.00230769 0.00272727 0.012 -0.015 -0.0294828 -0.0257143 0.0294595
internal_weight=360 225 109 135 62 47 117 38 29 37 17 18 13 10 18 25 13 11 10 12 116 14 111
internal_count=360 225 109 135 62 47 117 38 29 37 17 18 13 10 18 25 13 11 10 12 116 14 111
is_linear=0
shrinkage=0.03


Tree=5
num_leaves=24
num_cat=0
split_feature=6 6 2 6 2 8 5 9 0 4 8 2 4 9 3 4 4 8 2 8 6 8 8
split_gain=164.667 40.7064 29.6101 5.9324 13.6364 3.9862 5.87778 3.7865 3.6 2.72727 2.22191 2.03498 3.34641 1.92857 1.47899 1.44 3.2 3.6 0.768627 1.86667 0.484848 0.4 0.251232
threshold=128.40000000000001 92.050000000000011 20.350000000000005 132.50000000000003 26.400000000000002 -3.9499999999999997 1.0000000180025095e-35 -1.9499999999999997 2.5000000000000004 2.5000000000000004 -64.949999999999974 55.600000000000009 2.5000000000000004 -1.0000000180025095e-35 17.500000000000004 1.5000000000000002 4.5000000000000009 -71.249999999999986 8.4500000000000011 -8.4499999999999975 129.75000000000003 -78.59999999999998 -28.049999999999994
decision_type=2 2 2 2 2 2 2 2 2 2 2 2 2 2 2 2 2 2 2 2 2 2 2
left_child=1 22 5 4 20 14 8 11 -7 -6 13 -4 -13 -5 -3 -9 21 -18 -16 -20 -2 -17 -1
right_child=3 2 7 10 9 6 -8 15 -10 -11 -12 12 -14 -15 18 16 17 -19 19 -21 -22 -23 -24
leaf_value=-2.1141593129034746 0.17635723295032391 0.10749493180282314 -0.046371617732937548 0.1690118142110846 -0.0070593632486105661 -0.84392996479485349 0.57654777603409257 0.36834601099705322 0.0039620282795229398 -0.0079193216114664712 4.0994918365025983 -0.23684732109189269 -0.072372565641033892 1.5301317918721724 0.030007692721104602 -0.12825516339740134 -0.07441660874725485 0.0021598742921685242 0.1256362141029416 0.093943351971005742 0.093857461832159858 -0.046415958772291502 -1.224585686241688
leaf_weight=13.999999999999998 6.0000000000000027 11.000000000000002 20 7.9999999999999991 5.9999999999999982 5 8 5.0000000000000027 5 5 89 8.0000000000000018 8.9999999999999982 5.9999999999999991 5.0000000000000027 5.0000000000000027 5 4.9999999999999982 5.0000000000000027 6.9999999999999956 15.999999999999998 4.9999999999999991 102
leaf_count=14 6 11 20 8 6 5 8 5 5 5 89 8 9 6 5 5 5 5 5 7 16 5 102
internal_value=-0.00133333 -0.0171429 -0.00388889 0.0247059 0.0136364 0.0143478 0.00333333 -0.0174194 -0.012 -0.0136364 0.0282524 -0.0235135 -0.0158824 0.0171429 0.0214286 -0.0084 -0.012 0 0.0158824 0.02 0.0272727 -0.024 -0.0294828
internal_weight=360 224 108 136 33 46 18 62 10 11 103 37 17 14 28 25 20 10 17 12 22 10 116
internal_count=360 224 108 136 33 46 18 62 10 11 103 37 17 14 28 25 20 10 17 12 22 10 116
is_linear=0
shrinkage=0.03


Tree=6
num_leaves=24
num_cat=0
split_feature=1 6 2 6 2 6 9 9 6 4 9 2 4 9 2 4 4 6 6 6 2 6 2
split_gain=143.407 40.2439 26.7162 8.30123 10.5278 4.23824 6.64935 3.5219 3.21111 2.72727 2.35161 1.93613 3.34641 1.8393 2.13333 1.44 3.2 1.33333 0.775758 0.64 0.498121 2.50435 0.436364
threshold=127.50000000000001 92.050000000000011 21.050000000000001 140.05000000000004 26.400000000000002 132.50000000000003 -6.9999999999999991 -1.9499999999999997 99.350000000000009 2.5000000000000004 2.2500000000000004 55.600000000000009 2.5000000000000004 -0.24999999999999997 8.9000000000000021 1.5000000000000002 4.5000000000000009 125.65000000000002 123.65000000000002 131.10000000000005 62.20000000000001 145.70000000000002 125.60000000000001
decision_type=2 2 2 2 2 2 2 2 2 2 2 2 2 2 2 2 2 2 2 2 2 2 2
left_child=1 -1 8 4 19 9 -7 11 -3 -6 13 -4 -13 14 -10 -9 -17 -16 -15 -2 -5 -22 -8
right_child=3 2 7 20 5 6 22 15 10 -11 -12 12 -14 18 17 16 -18 -19 -20 -21 21 -23 -24
leaf_value=-1.1998481614308047 0.13604150909535917 -0.74361206585100781 -0.050980492089132808 3.0640377843039968 -0.0068475823511521122 -0.087964714322712328 1.5392420506426256 0.35729563066714148 0.11864953898872663 -0.0076817419631224479 0.13467640236185702 -0.22974190145913609 -0.070201388671802922 -0.0021750512122680732 0.15561772979019814 -0.10883316622255507 -0.026075480175360752 -0.011253953501438544 0.017614639846334226 0.14003546878275641 0.4400354687827564 4.4343971152893547 0.28464757019103826
leaf_weight=116 20.000000000000004 8.9999999999999982 18 58 6.0000000000000018 7.0000000000000027 5.9999999999999982 5.0000000000000027 8.0000000000000018 5 8.9999999999999982 8.0000000000000018 8.9999999999999982 5.0000000000000018 5.9999999999999982 10.000000000000002 9.9999999999999982 6 6 4.9999999999999991 5.0000000000000027 18 5
leaf_count=116 20 9 18 58 6 7 6 5 8 5 9 8 9 5 6 10 10 6 6 5 5 18 5
internal_value=-0.002 -0.0166667 -0.00357798 0.0224444 0.0133333 0.00103448 0.01 -0.017 0.0128571 -0.0136364 0.0165 -0.0231429 -0.0158824 0.0125806 0.018 -0.0084 -0.012 0.01 0.00272727 0.0276 0.0285185 0.0247826 0.0245455
internal_weight=360 225 109 135 54 29 18 60 49 11 40 35 17 31 20 25 20 12 11 25 81 23 11
internal_count=360 225 109 135 54 29 18 60 49 11 40 35 17 31 20 25 20 12 11 25 81 23 11
is_linear=0
shrinkage=0.03


Tree=7
num_leaves=24
num_cat=0
split_feature=6 6 2 6 8 8 5 9 9 9 8 8 2 6 6 2 9 6 8 6 9 6 2
split_gain=121.735 32.9412 34.8518 8.51042 7.46667 6.39474 6.34921 5.93137 3.99822 4.53064 3.33333 3.6 2.63529 2.45455 2.28001 1.93613 2.63529 1.90078 1.6 1.6 1.47273 2.72727 0.933333
threshold=94.90000000000002 141.70000000000002 21.050000000000001 129.55000000000004 -3.5499999999999994 -86.84999999999998 1.0000000180025095e-35 -1.9499999999999997 -1.9499999999999997 16.450000000000006 -34.599999999999987 -41.999999999999993 53.150000000000013 126.85000000000001 92.050000000000011 55.600000000000009 -9.6499999999999986 145.15000000000001 -52.54999999999999 138.75000000000003 55.300000000000004 125.85000000000001 13.450000000000001
decision_type=2 2 2 2 2 2 2 2 2 2 2 2 2 2 2 2 2 2 2 2 2 2 2
left_child=14 2 4 8 22 -5 -6 12 15 -10 11 -9 -7 20 -1 -4 -17 -3 -18 -14 21 -11 -2
right_child=1 17 3 5 6 7 -8 10 9 13 -12 -13 19 -15 -16 16 18 -19 -20 -21 -22 -23 -24
leaf_value=-1.1638527165878805 0.11164959059439887 0.042114426806371057 -0.049451077326458655 0.18346424404396741 -0.026899211217237422 -0.023885939404566441 0.52674214151195864 0.14454798641728486 0.90741239601329959 -0.0050379052894277262 0.048114335253636682 -0.0044513354805958728 0.018858207263477596 -0.17176578782636959 -0.79141270007366604 -0.28544337622460048 0.4936217807044157 4.5931138774899649 -0.06809534701164878 -0.08532577289303106 0.56708625197702101 -0.1521620416496684 0.10459981465928926
leaf_weight=116 40 12.999999999999998 18 5.9999999999999991 8.9999999999999982 7.0000000000000027 6.9999999999999991 4.9999999999999991 5.0000000000000027 6.0000000000000053 4.9999999999999991 4.9999999999999991 4.9999999999999982 5.9999999999999991 5.9999999999999991 7.0000000000000027 5.0000000000000009 55 4.9999999999999973 5 4.9999999999999991 5 13.999999999999998
leaf_count=116 40 13 18 6 9 7 7 5 5 6 5 5 5 6 6 7 5 55 5 5 5 5 14
internal_value=-0.00366667 0.00882353 0.00176471 -0.0096 0.018 0.00157895 0 -0.00375 -0.0164516 -0.00777778 0.01 0 -0.0158824 -0.0136364 -0.0280328 -0.0231429 -0.0158824 0.0264706 -0.006 -0.006 -0.0075 -0.0136364 0.0233333
internal_weight=360 238 170 100 70 38 16 32 62 27 15 10 17 22 122 35 17 68 10 10 16 11 54
internal_count=360 238 170 100 70 38 16 32 62 27 15 10 17 22 122 35 17 68 10 10 16 11 54
is_linear=0
shrinkage=0.03


Tree=8
num_leaves=24
num_cat=0
split_feature=7 1 2 0 9 8 9 4 8 5 7 2 7 3 8 2 7 4 8 8 8 7 2
split_gain=115.381 34.7875 29.5266 11.6148 12.9521 6.3687 4.8891 4 3.81145 7.21895 3.6 3.43407 2.8576 2.33654 1.96923 1.50037 1.52381 1.33032 1.55556 1.77778 1.86667 1.25172 1.38889
threshold=92.050000000000011 127.50000000000001 19.900000000000002 3.5000000000000004 -2.7499999999999996 -22.699999999999999 25.150000000000002 2.5000000000000004 -3.9499999999999997 1.0000000180025095e-35 138.05000000000004 46.550000000000004 124.95000000000002 1.0000000180025095e-35 2.2500000000000004 201.10000000000002 125.45000000000002 3.5000000000000004 -6.6499999999999995 -9.3499999999999979 -24.749999999999996 126.45000000000002 8.4500000000000011
decision_type=2 2 2 2 2 2 2 2 2 2 2 2 2 2 2 2 2 2 2 2 2 2 2
left_child=-1 2 8 -3 5 7 17 -5 21 -10 -8 -4 -13 -14 -7 16 -15 -6 19 20 -19 22 -2
right_child=1 3 11 4 6 14 10 -9 9 -11 -12 12 13 15 -16 -17 -18 18 -20 -21 -22 -23 -24
leaf_value=-1.128937135090244 0.046506224555473846 4.4973211935871404 -0.035967499230297899 -0.029556856780034835 0.13917368778612754 -0.024159366715593222 -0.007317749639810813 0.15548728962540814 -0.72049672753896032 0.54791473480232467 0.085316417681308959 0.0030284796273470247 0.20598807122659862 -0.12099137635011999 -0.082765999706239768 -0.069720721408261702 -0.16173664225494569 0.97632573307688708 0.14997634081385824 0.022632293508559869 0.070517062646724887 0.085091751561736678 0.1179105448219579
leaf_weight=116 6.0000000000000062 45 24 8.0000000000000053 26 7.9999999999999982 4.9999999999999982 7.9999999999999991 9 8 5 6.9999999999999991 5.9999999999999991 7.0000000000000062 5 4.9999999999999991 13.999999999999998 5.0000000000000036 6.9999999999999991 6.0000000000000009 7 4.9999999999999991 18
leaf_count=116 6 45 24 8 26 8 5 8 9 8 5 7 6 7 5 5 14 5 7 6 7 5 18
internal_value=-0.00433333 0.00737705 -0.00522936 0.0175556 0.0113333 -0.00517241 0.0191803 0.0075 0.0130435 0.00176471 0 -0.0185714 -0.0130769 -0.016875 -0.0207692 -0.0207692 -0.0242857 0.0229412 0.018 0.0133333 0.02 0.0196552 0.0225
internal_weight=360 244 109 135 90 29 61 16 46 17 10 63 39 32 13 26 21 51 25 18 12 29 24
internal_count=360 244 109 135 90 29 61 16 46 17 10 63 39 32 13 26 21 51 25 18 12 29 24
is_linear=0
shrinkage=0.03


Tree=9
num_leaves=24
num_cat=0
split_feature=6 1 2 0 2 5 8 0 6 2 8 6 3 6 6 6 2 4 2 6 4 8 8
split_gain=118.525 31.507 32.4814 11.6148 11.6198 11.6009 4.60711 4.27059 4.01369 3.29385 3 2.8576 2.33654 2.1645 2.04948 1.72596 1.70455 2.25 1.50037 1.52381 1.45628 2.04848 0.626087
threshold=92.050000000000011 127.50000000000001 20.350000000000005 3.5000000000000004 25.400000000000002 1.0000000180025095e-35 -48.249999999999993 6.5000000000000009 99.350000000000009 46.550000000000004 -86.84999999999998 124.95000000000002 1.0000000180025095e-35 131.10000000000005 125.95000000000002 123.65000000000002 19.900000000000002 3.5000000000000004 201.10000000000002 125.45000000000002 2.5000000000000004 -14.249999999999998 -0.74999999999999989
decision_type=2 2 2 2 2 2 2 2 2 2 2 2 2 2 2 2 2 2 2 2 2 2 2
left_child=-1 2 8 -3 13 6 7 -6 -2 22 -9 -11 -13 -5 15 -10 17 -15 19 -14 21 -8 -4
right_child=1 3 9 4 5 -7 20 10 14 11 -12 12 18 16 -16 -17 -18 -19 -20 -21 -22 -23 -24
leaf_value=-1.0950690210375369 -0.69888182571279156 4.3624015577795268 -0.03550153652471813 0.12546541484817353 -0.06404120501859395 2.6561504931131075 0.025655846403491153 0.17434826111304794 0.11060077403761248 0.0029376252385266352 -0.040386069820927586 0.19980842908980065 -0.11736163505961641 0.086145708295353812 0.077594942916863086 0.093342987715392234 0.053488570012080169 0.052663250054296923 -0.067629099766013917 -0.15688454298729715 -0.023434585714125402 -0.039282848619397154 -0.024021644594738517
leaf_weight=116 8.9999999999999982 45 18.000000000000004 20 4.9999999999999973 9.9999999999999982 4.9999999999999982 6.0000000000000009 10.000000000000002 6.9999999999999991 5.9999999999999991 5.9999999999999991 7.0000000000000062 8.0000000000000053 6.9999999999999991 21 5.9999999999999991 7.9999999999999991 4.9999999999999991 13.999999999999998 9.9999999999999982 6.0000000000000071 4.9999999999999991
leaf_count=116 9 45 18 20 5 10 5 6 10 7 6 6 7 8 7 21 6 8 5 14 10 6 5
internal_value=-0.004 0.00786885 -0.00412844 0.0175556 0.0113333 0.00125 -0.00631579 0.00529412 0.0146809 -0.0183871 0.015 -0.0130769 -0.016875 0.0228571 0.0189474 0.0222581 0.0163636 0.01125 -0.0207692 -0.0242857 -0.0157143 -0.00818182 -0.0273913
internal_weight=360 244 109 135 90 48 38 17 47 62 12 39 32 42 38 31 22 16 26 21 21 11 23
internal_count=360 244 109 135 90 48 38 17 47 62 12 39 32 42 38 31 22 16 26 21 21 11 23
is_linear=0
shrinkage=0.03


Tree=10
num_leaves=24
num_cat=0
split_feature=6 1 2 0 9 8 9 6 5 6 2 6 6 3 8 9 2 2 6 8 6 9 6
split_gain=115.381 34.7875 29.5266 11.6148 12.9521 6.3687 4.8891 4.72735 8.99181 3.6 3.43407 2.97249 2.8576 2.33654 1.96923 1.92063 1.6 1.50037 1.52381 1.29076 1.39887 7.23684 0.55
threshold=92.050000000000011 127.50000000000001 19.900000000000002 3.5000000000000004 -2.7499999999999996 -22.699999999999999 25.150000000000002 123.65000000000002 1.0000000180025095e-35 138.05000000000004 46.550000000000004 125.95000000000002 124.95000000000002 1.0000000180025095e-35 2.2500000000000004 -6.0999999999999988 5.4500000000000011 201.10000000000002 125.45000000000002 -6.6499999999999995 131.10000000000005 2.9500000000000006 129.75000000000003
decision_type=2 2 2 2 2 2 2 2 2 2 2 2 2 2 2 2 2 2 2 2 2 2 2
left_child=-1 2 7 -3 5 15 19 8 16 -8 -4 -9 -12 -14 -7 -5 -2 18 -15 20 22 -22 -6
right_child=1 3 10 4 6 14 9 11 -10 -11 12 -13 13 17 -16 -17 -18 -19 -20 -21 21 -23 -24
leaf_value=-1.062216950406411 -0.72997996627571526 4.2315295110461406 -0.033823428157647439 -0.019648786289474456 0.13019665566845945 -0.022731548142701997 -0.0063951795791926712 0.091742945749980154 0.56513412707285171 0.077526477317478845 0.002849496481370721 0.075267094629357267 0.19381417621710667 -0.11384078600782771 -0.079104534256471196 0.26070914924183425 -0.0014827001702438735 -0.065600226773033649 -0.15217800669767817 0.16062236114949285 -0.0092568445255322724 0.21221685048414798 0.049637359440041703
leaf_weight=116 5 45 24 7.0000000000000027 4.9999999999999991 7.9999999999999982 4.9999999999999982 20.000000000000004 9 5 6.9999999999999991 6.9999999999999991 5.9999999999999991 7.0000000000000062 5 9.0000000000000018 5 4.9999999999999991 13.999999999999998 15.999999999999998 8.0000000000000018 10.999999999999998 10.999999999999998
leaf_count=116 5 45 24 7 5 8 5 20 9 5 7 7 6 7 5 9 5 5 14 16 8 11 11
internal_value=-0.00433333 0.00737705 -0.00522936 0.0175556 0.0113333 -0.00517241 0.0191803 0.0130435 0.00157895 0 -0.0185714 0.0211111 -0.0130769 -0.016875 -0.0207692 0.0075 -0.018 -0.0207692 -0.0242857 0.0229412 0.0197143 0.0142105 0.02625
internal_weight=360 244 109 135 90 29 61 46 19 10 63 27 39 32 13 16 10 26 21 51 35 19 16
internal_count=360 244 109 135 90 29 61 46 19 10 63 27 39 32 13 16 10 26 21 51 35 19 16
is_linear=0
shrinkage=0.03


Tree=11
num_leaves=24
num_cat=0
split_feature=6 1 9 9 6 5 8 6 9 4 0 6 9 9 6 3 9 8 8 6 4 9 4
split_gain=113.825 32.0624 28.3831 13.225 6.65132 7.2 5.71755 5.43908 4.06349 3.9185 3.80952 3.22967 3.14262 7.00606 2.45372 2.37576 1.61616 3.21111 3.62174 4.26257 1.6 1.6 1.6
threshold=92.050000000000011 217.50000000000003 -2.7499999999999996 16.450000000000006 123.65000000000002 1.0000000180025095e-35 -52.54999999999999 138.05000000000004 -9.6499999999999986 2.5000000000000004 4.5000000000000009 124.25000000000001 2.4500000000000006 1.7500000000000002 140.75000000000003 4.5000000000000009 -1.9499999999999997 -0.94999999999999984 -6.6499999999999995 131.10000000000005 2.5000000000000004 0.15000000000000005 4.5000000000000009
decision_type=2 2 2 2 2 2 2 2 2 2 2 2 2 2 2 2 2 2 2 2 2 2 2
left_child=-1 2 6 4 5 20 8 9 -2 15 -10 -8 13 16 -13 -5 -6 18 19 -18 -4 -7 -11
right_child=1 -3 3 7 12 21 11 -9 10 22 -12 14 -14 -15 -16 -17 17 -19 -20 -21 -22 -23 -24
leaf_value=-1.0303504418942186 -0.24216229870587511 4.1045836257147563 -0.010128016346417183 -0.14760989235452107 0.069335521027462196 0.49851486618172841 -0.0084124183832101091 1.2333824946049003 -0.044361229582594745 -0.052375864712770621 0.29488814942278235 -0.039843477695732758 0.16300167410764813 -0.0015563635602501335 -0.023039607191585106 0.023494025414768912 0.063148467538676409 -0.00072494993587454812 0.17252889837668745 -0.0089791391897661287 -0.6800158346240347 0.68751495773446281 -0.062780166725251621
leaf_weight=116 9.0000000000000018 45 5 6.0000000000000018 9.9999999999999982 5 5.9999999999999991 5.9999999999999991 6.9999999999999982 8.0000000000000018 5 29 19 4.9999999999999991 8.9999999999999982 5 17 4.9999999999999991 17.000000000000004 5.9999999999999991 5 5 9.9999999999999982
leaf_count=116 9 45 5 6 10 5 6 6 7 8 5 29 19 5 9 5 17 5 17 6 5 5 10
internal_value=-0.0045 0.00713115 0.0019598 0.00985075 0.0154545 0 -0.0143077 -0.006 -0.00142857 -0.0113793 0.01 -0.0204545 0.0193671 0.016 -0.0236842 0.00272727 0.0190909 0.0166667 0.0195 0.0117391 -0.018 0.018 -0.02
internal_weight=360 244 199 134 99 20 65 35 21 29 12 44 79 60 38 11 55 45 40 23 10 10 18
internal_count=360 244 199 134 99 20 65 35 21 29 12 44 79 60 38 11 55 45 40 23 10 10 18
is_linear=0
shrinkage=0.03


Tree=12
num_leaves=24
num_cat=0
split_feature=6 1 9 9 9 6 2 2 2 2 0 9 9 1 4 2 0 5 6 3 4 6 4
split_gain=109.22 34.1643 28.4479 11.7728 6.06958 5.43908 5.2898 10.1561 6.03871 5.53846 6.92308 4.57322 5.96512 4.01111 3.9185 3.6 3.46466 3.6 3.21429 2.37576 1.6 1.37363 0.769231
threshold=92.050000000000011 217.50000000000003 -2.7499999999999996 16.450000000000006 2.9500000000000006 138.05000000000004 53.150000000000013 76.050000000000026 21.050000000000001 116.30000000000003 4.5000000000000009 -0.24999999999999997 -1.2499999999999998 127.50000000000001 2.5000000000000004 19.900000000000002 2.5000000000000004 1.0000000180025095e-35 131.10000000000005 4.5000000000000009 4.5000000000000009 125.05000000000001 2.5000000000000004
decision_type=2 2 2 2 2 2 2 2 2 2 2 2 2 2 2 2 2 2 2 2 2 2 2
left_child=-1 2 6 4 11 14 8 -8 -2 -9 -11 12 13 15 19 -4 17 -13 21 -5 -16 -18 -23
right_child=1 -3 3 5 -6 -7 7 9 -10 10 -12 16 -14 -15 20 -17 18 -19 -20 -21 -22 22 -24
leaf_value=-0.99943992863739217 0.0072361695452599403 3.9814461169433137 0.1068475405025039 -0.14318159558388535 0.17953595931540653 1.196381019766753 0.77629477444091732 -0.11769765942684557 -0.038648173364860976 -0.24404939205415885 0.26504136761099717 -0.71977654369158239 0.16528798243990833 0.060667585557214632 -0.050804588771387459 -0.0017954295141602472 0.0056741337779349973 0.66688950900242883 -0.0038692947336417659 0.02278920465232602 -0.060896761723494203 0.1166772025689535 0.057923701743119192
leaf_weight=116 5.0000000000000027 45 9.0000000000000018 6.0000000000000018 18 5.9999999999999991 7.9999999999999991 13.000000000000002 26 4.9999999999999991 7.9999999999999991 4.9999999999999982 19 8.9999999999999982 8.0000000000000018 5.9999999999999991 7.0000000000000062 5 7.9999999999999991 5 9.9999999999999982 4.9999999999999991 7.9999999999999991
leaf_count=116 5 45 9 6 18 6 8 13 26 5 8 5 19 9 8 6 7 5 8 5 10 5 8
internal_value=-0.005 0.00639344 0.00105528 0.00895522 0.0142424 -0.006 -0.0152308 -0.00705882 -0.0241935 -0.0161538 -0.00230769 0.0107407 0.0174419 0.0075 -0.0113793 -0.002 0.00315789 -0.012 0.00857143 0.00272727 -0.02 0.015 0.0207692
internal_weight=360 244 199 134 99 35 65 34 31 26 13 81 43 24 29 15 38 10 28 11 18 20 13
internal_count=360 244 199 134 99 35 65 34 31 26 13 81 43 24 29 15 38 10 28 11 18 20 13
is_linear=0
shrinkage=0.03


Tree=13
num_leaves=24
num_cat=0
split_feature=6 6 2 5 6 2 8 0 6 9 2 2 9 8 6 3 0 4 9 8 4 6 9
split_gain=107.706 33.4139 31.1098 13.9452 8.27814 11.8543 8.20681 5.34545 4.8 4.31092 5.50476 4.26667 4.8 3.07033 2.49351 4.09697 2.38431 3.33333 1.80087 1.6 1.6 1.54286 1.33333
threshold=92.050000000000011 145.15000000000001 20.350000000000005 1.0000000180025095e-35 129.55000000000004 26.400000000000002 -48.249999999999993 6.5000000000000009 138.75000000000003 -0.24999999999999997 8.4500000000000011 11.950000000000001 2.4500000000000006 -52.54999999999999 127.10000000000001 2.5000000000000004 3.5000000000000004 4.5000000000000009 -1.9499999999999997 -70.049999999999983 2.5000000000000004 129.25000000000003 15.050000000000002
decision_type=2 2 2 2 2 2 2 2 2 2 2 2 2 2 2 2 2 2 2 2 2 2 2
left_child=-1 2 9 4 13 -6 8 -3 19 16 21 -12 20 14 15 -4 17 -2 -15 -7 -13 -11 -17
right_child=1 7 3 -5 5 6 -8 -9 -10 10 11 12 -14 18 -16 22 -18 -19 -20 -21 -22 -23 -24
leaf_value=-0.96945673077827066 0.31090556333386876 3.853002184118608 0.46680887873942478 2.0052108489166272 0.034924560524639783 0.278090263911769 -0.014333088587112285 0.0057105693415883249 -0.13256451090913529 -0.65205442960627091 0.11111407705096681 0.050879734179413272 0.14372591131589416 -0.040143573239641059 -0.21006252678255327 -0.23404720512721353 0.12894397582883016 -0.00064933855237356394 -0.022210681028665958 0.0017024352743055715 -0.0016798966667803939 0.11317688649188497 -0.1004336922935903
leaf_weight=116 9.9999999999999982 49 10.000000000000005 9.9999999999999982 7.9999999999999991 4.9999999999999991 19 5.9999999999999991 4.9999999999999991 7.9999999999999982 12.000000000000002 4.9999999999999982 4.9999999999999991 25.999999999999996 5.9999999999999991 5.9999999999999982 19 4.9999999999999991 7.0000000000000027 4.9999999999999991 5 7 6
leaf_count=116 10 49 10 10 8 5 19 6 5 8 12 5 5 26 6 6 19 5 7 5 5 7 6
internal_value=-0.00516667 0.00614754 0.00015873 -0.00982301 -0.0131068 -0.00285714 -0.0105882 0.0267273 0.006 0.015 0.00857143 0.0166667 0.006 -0.0201639 -0.0128571 -0.00818182 0.0229412 0.014 -0.0263636 0.018 -0.006 -0.006 -0.02
internal_weight=360 244 189 113 103 42 34 55 15 76 42 27 15 61 28 22 34 15 33 10 10 15 12
internal_count=360 244 189 113 103 42 34 55 15 76 42 27 15 61 28 22 34 15 33 10 10 15 12
is_linear=0
shrinkage=0.03


Tree=14
num_leaves=24
num_cat=0
split_feature=7 1 2 5 7 2 8 7 9 8 9 9 2 7 3 2 2 9 9 9 0 9 9
split_gain=109.22 34.1643 27.2095 18.2393 10.0388 10.6869 5.86984 3.55556 3.21905 3.07033 2.56466 5.86073 2.66087 2.49351 4.09697 2.38095 4.02381 1.80087 1.54286 1.33333 1.13199 1.31364 0.533333
threshold=92.050000000000011 217.50000000000003 20.350000000000005 1.0000000180025095e-35 129.55000000000004 25.400000000000002 -48.249999999999993 99.350000000000009 -1.0000000180025095e-35 -52.54999999999999 2.4500000000000006 0.65000000000000002 8.9000000000000021 127.10000000000001 2.5000000000000004 12.850000000000001 8.9000000000000021 -1.9499999999999997 -4.2499999999999991 15.050000000000002 3.5000000000000004 -0.44999999999999996 -5.6499999999999995
decision_type=2 2 2 2 2 2 2 2 2 2 2 2 2 2 2 2 2 2 2 2 2 2 2
left_child=-1 2 7 4 9 -6 18 -2 22 13 11 12 -9 14 -4 16 -13 -11 -7 -16 -14 -22 -8
right_child=1 -3 3 -5 5 6 8 10 -10 17 -12 15 20 -15 19 -17 -18 -19 -20 -21 21 -23 -24
leaf_value=-0.94037302885492235 -0.61846043038637843 3.7464126679114562 0.45280461237724196 2.2024679745605984 0.033876823708900473 0.13105130257484604 -0.074181875037204179 0.15646102369184617 -0.00087049369339389662 -0.03893926604245166 0.13941413397641725 -0.009091119421431414 0.09431494738741264 -0.20376065097907675 -0.2270257889733972 -0.011771821552178209 0.089662946137622934 -0.021544360597805932 -0.0060349303505489614 -0.097420681524782532 0.10467125593421968 0.0021704874530679773 -0.019516917566552081
leaf_weight=116 8.9999999999999982 45 10.000000000000005 12.999999999999998 7.9999999999999991 7.9999999999999991 4.9999999999999991 17 6.0000000000000027 25.999999999999996 10.999999999999998 6.0000000000000027 7.0000000000000027 5.9999999999999991 5.9999999999999982 6.9999999999999991 7.9999999999999991 7.0000000000000027 6.9999999999999991 6 10.999999999999996 5.0000000000000009 9.9999999999999982
leaf_count=116 9 45 10 13 8 8 5 17 6 26 11 6 7 6 6 7 8 7 7 6 11 5 10
internal_value=-0.005 0.00639344 0.00105528 -0.00813559 -0.0122857 -0.00136364 -0.00833333 0.0144444 -0.0185714 -0.0201639 0.0166667 0.0142623 0.021 -0.0128571 -0.00818182 0.00142857 0.00857143 -0.0263636 0.006 -0.02 0.0143478 0.01875 -0.026
internal_weight=360 244 199 118 105 44 36 81 21 61 72 61 40 28 22 21 14 33 15 12 23 16 15
internal_count=360 244 199 118 105 44 36 81 21 61 72 61 40 28 22 21 14 33 15 12 23 16 15
is_linear=0
shrinkage=0.03


Tree=15
num_leaves=24
num_cat=0
split_feature=6 1 9 9 6 2 2 2 2 0 9 9 0 6 9 9 4 4 9 9 1 2 3
split_gain=110.744 33.4562 29.511 15.4228 5.68907 5.2898 10.1561 6.03871 5.53846 6.92308 4.22081 4.84602 3.98835 4.85213 3.80952 1.75 1.67701 2.82689 1.6643 2.72222 1.60952 1.6 1.38889
threshold=92.050000000000011 217.50000000000003 -2.7499999999999996 16.450000000000006 99.350000000000009 53.150000000000013 76.050000000000026 21.050000000000001 116.30000000000003 4.5000000000000009 2.4500000000000006 0.65000000000000002 4.5000000000000009 129.75000000000003 28.700000000000006 55.300000000000004 4.5000000000000009 2.5000000000000004 -1.9499999999999997 -1.2499999999999998 127.50000000000001 4.7000000000000002 21.500000000000004
decision_type=2 2 2 2 2 2 2 2 2 2 2 2 2 2 2 2 2 2 2 2 2 2 2
left_child=-1 2 5 4 21 7 -7 -2 -8 -10 11 18 13 14 -5 -14 17 -13 -6 20 -20 -4 -21
right_child=1 -3 3 12 10 6 8 -9 9 -11 -12 16 15 -15 -16 -17 -18 -19 19 22 -22 -23 -24
leaf_value=-0.91216183798927475 1.062750601036555e-05 3.634020287874113 -0.62024763006132766 -0.0957661865748895 0.10153111825619306 0.70338547291013631 -0.11179424446557717 -0.035116242985452288 -0.22289572046951575 0.24481587958806911 0.13973152685165602 0.064086939130287846 -0.10870340200612857 0.04979450498329669 0.0077869706891858922 -0.087510316849880351 0.012768721164588612 -0.0059458219995186566 -0.0034593068174247322 0.15279971747383009 0.051839101037606666 0.66210321433241814 0.0034893875687728834
leaf_weight=116 5.0000000000000027 45 4.9999999999999982 5.0000000000000018 10.999999999999998 7.9999999999999991 13.000000000000002 26 4.9999999999999991 7.9999999999999991 20 7.0000000000000062 6.9999999999999991 6.9999999999999991 7 8.9999999999999982 4.9999999999999991 9.9999999999999982 6.9999999999999947 18.000000000000007 5 5 5.9999999999999991
leaf_count=116 5 45 5 5 11 8 13 26 5 8 20 7 7 7 7 9 5 10 7 18 5 5 6
internal_value=-0.00483333 0.00663934 0.00135678 0.00940299 0.0154545 -0.0152308 -0.00705882 -0.0241935 -0.0161538 -0.00230769 0.0178652 0.0143478 -0.00771429 0.00157895 -0.01 -0.01875 0.00272727 -0.00176471 0.0197872 0.0166667 0.005 -0.006 0.0225
internal_weight=360 244 199 134 99 65 34 31 26 13 89 69 35 19 12 16 22 17 47 36 12 10 24
internal_count=360 244 199 134 99 65 34 31 26 13 89 69 35 19 12 16 22 17 47 36 12 10 24
is_linear=0
shrinkage=0.03


Tree=16
num_leaves=24
num_cat=0
split_feature=6 6 2 5 6 2 0 8 6 6 8 6 3 9 9 9 2 2 4 3 9 9 0
split_gain=107.706 33.4139 31.1098 13.9452 8.27814 11.8543 5.34545 4.72611 3.8126 3.33333 3.07033 2.49351 4.09697 2.29851 4.0117 1.80087 1.77778 2.4381 1.70526 1.45191 1.33333 0.876268 1.41569
threshold=92.050000000000011 145.15000000000001 20.350000000000005 1.0000000180025095e-35 129.55000000000004 26.400000000000002 6.5000000000000009 -48.249999999999993 99.350000000000009 138.75000000000003 -52.54999999999999 127.10000000000001 2.5000000000000004 2.2500000000000004 0.65000000000000002 -1.9499999999999997 8.9000000000000021 12.850000000000001 2.5000000000000004 2.5000000000000004 15.050000000000002 -0.84999999999999998 4.5000000000000009
decision_type=2 2 2 2 2 2 2 2 2 2 2 2 2 2 2 2 2 2 2 2 2 2 2
left_child=-1 2 8 4 10 -6 -3 9 -2 -7 11 12 -4 14 19 -12 -16 -18 -9 -10 -14 -21 -23
right_child=1 6 3 -5 5 7 -8 18 13 -11 15 -13 20 -15 16 -17 17 -19 -20 21 -22 22 -24
leaf_value=-0.88479698284959651 -0.58129918857294727 3.5159991299214837 0.42499745371845166 1.8676827845439092 0.028905646934848192 0.069272603529850083 0.0016178320021944614 -0.0077420660518939142 0.05361623328758014 -0.13986359104674889 -0.036717600771614657 -0.19502252194420783 -0.21519466583016922 0.10368573358704865 -0.0089207293262642644 -0.020794250575349338 0.093486975001763992 -0.013341275079521323 -0.016635859199265041 0.099507625524795598 -0.091748913527667425 0.16291019868503631 0.0020006912024125257
leaf_weight=116 8.9999999999999982 49 10.000000000000005 9.9999999999999982 7.9999999999999991 9.9999999999999982 5.9999999999999991 10.000000000000002 8.9999999999999982 4.9999999999999991 25.999999999999996 5.9999999999999991 5.9999999999999982 10.999999999999998 6.0000000000000027 7.0000000000000027 6.9999999999999982 5 8.9999999999999982 11.999999999999995 6 12.000000000000009 4.9999999999999991
leaf_count=116 9 49 10 10 8 10 6 10 9 5 26 6 6 11 6 7 7 5 9 12 6 12 5
internal_value=-0.00516667 0.00614754 0.00015873 -0.00982301 -0.0131068 -0.00285714 0.0267273 -0.0105882 0.015 0.002 -0.0201639 -0.0128571 -0.00818182 0.0174627 0.015 -0.0263636 0.00333333 0.01 -0.0205263 0.0205263 -0.02 0.0237931 0.0194118
internal_weight=360 244 189 113 103 42 55 34 76 15 61 28 22 67 56 33 18 12 19 38 12 29 17
internal_count=360 244 189 113 103 42 55 34 76 15 61 28 22 67 56 33 18 12 19 38 12 29 17
is_linear=0
shrinkage=0.03


Tree=17
num_leaves=24
num_cat=0
split_feature=6 1 9 9 9 6 3 6 4 9 1 2 8 9 6 3 6 2 6 4 8 4 6
split_gain=99.9943 35.6026 26.3803 13.0972 6.54545 5.42564 7.05734 4.28571 4.18565 3.52174 3.44689 7.31429 3.34365 3 2.89724 2.37576 2.16733 2.53968 2.1 1.70526 1.68791 1.4359 1.38425
threshold=92.050000000000011 217.50000000000003 -2.7499999999999996 16.450000000000006 2.9500000000000006 132.50000000000003 4.5000000000000009 139.25000000000003 2.5000000000000004 1.7500000000000002 127.50000000000001 19.900000000000002 -6.6499999999999995 2.2500000000000004 131.10000000000005 4.5000000000000009 125.45000000000002 79.850000000000009 140.75000000000003 4.5000000000000009 -4.4499999999999993 3.5000000000000004 89.750000000000014
decision_type=2 2 2 2 2 2 2 2 2 2 2 2 2 2 2 2 2 2 2 2 2 2 2
left_child=22 2 5 4 9 16 18 8 15 10 11 20 14 -11 -12 -5 17 -2 -7 -10 21 -4 -1
right_child=1 -3 3 7 -6 6 -8 -9 19 13 12 -13 -14 -15 -16 -17 -18 -19 -20 -21 -22 -23 -24
leaf_value=-0.88075295892319072 -0.00297492008491389 3.4195197053402455 0.062564569208764881 -0.1316215024507425 0.15835316136401373 -0.0080915503628588674 0.25639336242363286 2.0300334869731769 -0.027110155170057906 -0.022022123362875019 0.051123150610177456 -0.0014068941807590816 0.14436094448180342 0.046758419163391095 -0.010179955584594324 0.021203087626645356 -0.038270917824192306 -0.10733888910846175 -0.031130813478842043 -0.068910487356317773 0.052007746288952598 0.082006541967954261 -0.39475305047592513
leaf_weight=97 8.9999999999999982 45 6.9999999999999982 6.0000000000000018 18 7.0000000000000027 10.999999999999998 4.9999999999999991 9.0000000000000018 5.9999999999999982 12.000000000000002 6.9999999999999991 14.999999999999998 6 6.9999999999999991 5 25 4.9999999999999991 7.9999999999999991 9.9999999999999982 15.000000000000002 6 19
leaf_count=97 9 45 7 6 18 7 11 5 9 6 12 7 15 6 7 5 25 5 8 10 15 6 19
internal_value=-0.005 0.00590164 0.000452261 0.0080597 0.0136364 -0.0152308 -0.00461538 -0.00771429 -0.012 0.01 0.0126087 0.006 0.0194118 -0.005 0.0110526 0.00272727 -0.0223077 -0.0128571 -0.018 -0.0205263 0.0128571 0.0207692 -0.027931
internal_weight=360 244 199 134 99 65 26 35 30 81 69 35 34 12 19 11 39 14 15 19 28 13 116
internal_count=360 244 199 134 99 65 26 35 30 81 69 35 34 12 19 11 39 14 15 19 28 13 116
is_linear=0
shrinkage=0.03


Tree=18
num_leaves=24
num_cat=0
split_feature=6 1 9 9 6 3 9 0 6 9 9 1 2 8 9 6 6 2 6 9 8 5 4
split_gain=98.5461 36.3329 25.3757 12.3642 5.42564 7.05734 4.54545 3.98835 4.85213 3.80952 3.52174 3.44689 7.31429 3.34365 3 2.89724 2.16733 2.53968 2.1 1.75 1.68791 5.18571 1.4359
threshold=92.050000000000011 217.50000000000003 -2.7499999999999996 16.450000000000006 132.50000000000003 4.5000000000000009 2.9500000000000006 4.5000000000000009 129.75000000000003 28.700000000000006 1.7500000000000002 127.50000000000001 19.900000000000002 -6.6499999999999995 2.2500000000000004 131.10000000000005 125.45000000000002 79.850000000000009 140.75000000000003 55.300000000000004 -4.4499999999999993 1.0000000180025095e-35 3.5000000000000004
decision_type=2 2 2 2 2 2 2 2 2 2 2 2 2 2 2 2 2 2 2 2 2 2 2
left_child=-1 2 4 6 16 18 10 8 9 -5 11 12 20 15 -12 -13 17 -2 -6 -9 22 -22 -4
right_child=1 -3 3 7 5 -7 -8 19 -10 -11 14 13 -14 -15 -16 -17 -18 -19 -20 -21 21 -23 -24
leaf_value=-0.83183048459641284 -0.0028856724823666012 3.3169341141800381 0.06068763213250207 -0.086192088498290492 -0.0078488038519733995 0.24870156155092374 0.15360256652309337 -0.11612490893680856 0.049500815046442027 0.010244503706460505 -0.021361459661988602 0.049589456091872035 -0.0013646873553362581 0.14003011614734931 0.045355666588489212 -0.009874556917056623 -0.037122790289466537 -0.10411872243520789 -0.030196889074476443 -0.087038854016760175 -0.027468427402348963 0.51536021882614202 0.07954634570891557
leaf_weight=116 8.9999999999999982 45 6.9999999999999982 5.0000000000000018 7.0000000000000027 10.999999999999998 18 6.9999999999999991 6.9999999999999991 7 5.9999999999999982 12.000000000000002 6.9999999999999991 14.999999999999998 6 6.9999999999999991 25 4.9999999999999991 7.9999999999999991 8.9999999999999982 7.0000000000000009 8 6
leaf_count=116 9 45 7 5 7 11 18 7 7 7 6 12 7 15 6 7 25 5 8 9 7 8 6
internal_value=-0.00516667 0.00565574 0.000150754 0.00761194 -0.0152308 -0.00461538 0.0130303 -0.00771429 0.00157895 -0.01 0.01 0.0126087 0.006 0.0194118 -0.005 0.0110526 -0.0223077 -0.0128571 -0.018 -0.01875 0.0128571 0.006 0.0207692
internal_weight=360 244 199 134 65 26 99 35 19 12 81 69 35 34 12 19 39 14 15 16 28 15 13
internal_count=360 244 199 134 65 26 99 35 19 12 81 69 35 34 12 19 39 14 15 16 28 15 13
is_linear=0
shrinkage=0.03


Tree=19
num_leaves=24
num_cat=0
split_feature=6 1 9 9 2 2 0 9 2 1 2 8 6 4 2 5 0 2 8 3 8 4 4
split_gain=95.5342 36.3329 22.4214 11.6523 6.4355 8.97964 6.46154 4.95847 4.66667 3.95062 5.64745 4.01932 4.50033 3.126 3.08571 2.81385 7.8 2.19256 2.1 1.97802 1.6 1.50769 1.4359
threshold=92.050000000000011 217.50000000000003 -2.7499999999999996 16.450000000000006 53.150000000000013 76.050000000000026 4.5000000000000009 2.9500000000000006 116.30000000000003 127.50000000000001 19.900000000000002 -5.5499999999999989 131.10000000000005 1.0000000180025095e-35 114.15000000000002 1.0000000180025095e-35 2.5000000000000004 21.050000000000001 -147.09999999999999 20.500000000000004 -9.3499999999999979 2.5000000000000004 3.5000000000000004
decision_type=2 2 2 2 2 2 2 2 2 2 2 2 2 2 2 2 2 2 2 2 2 2 2
left_child=-1 2 4 7 17 -6 -7 9 -8 10 13 12 22 -4 19 16 -15 -2 -16 21 -14 -5 -11
right_child=1 -3 3 14 5 6 8 -9 -10 11 -12 -13 20 15 18 -17 -18 -19 -20 -21 -22 -23 -24
leaf_value=-0.80687557005852051 -0.0027991023078956798 3.2174260907546373 0.7530974803952637 0.01908197054645271 0.64040519017778763 -0.13408601932188738 -0.038213342306190015 0.14899448952740066 0.22024037737529426 0.066659305796871349 -0.0013237467346762343 0.1631531091482924 0.04878576225412274 -0.60667166380985182 -0.12974945567519619 0.49294603218248539 0.043766599214604511 -0.030699416429330453 -0.083606325843341683 0.018980288398479244 -0.0095783202095449833 -0.012590141325931796 0.05192622377855869
leaf_weight=116 5.0000000000000027 45 4.9999999999999991 5.0000000000000027 7.9999999999999991 12 6.0000000000000009 18 7.9999999999999991 6.0000000000000018 6.9999999999999991 12.999999999999998 5 6.0000000000000027 7.9999999999999991 6.9999999999999991 20 26 6.9999999999999991 6.9999999999999991 4.9999999999999982 7.9999999999999991 7
leaf_count=116 5 45 5 5 8 12 6 18 8 6 7 13 5 6 8 7 20 26 7 7 5 8 7
internal_value=-0.005 0.00565574 0.000150754 0.00716418 -0.0143077 -0.00529412 -0.0138462 0.0124242 0 0.00925926 0.00333333 0.0166667 0.00913043 0.00789474 -0.00771429 0.00454545 0 -0.0241935 -0.018 0 -0.006 -0.00692308 0.0207692
internal_weight=360 244 199 134 65 34 26 99 14 81 45 36 23 38 35 33 26 31 15 20 10 13 13
internal_count=360 244 199 134 65 34 26 99 14 81 45 36 23 38 35 33 26 31 15 20 10 13 13
is_linear=0
shrinkage=0.03


Tree=20
num_leaves=24
num_cat=0
split_feature=6 6 2 5 6 4 0 2 2 4 6 5 8 8 3 3 3 8 6 6 8 2 9
split_gain=98.3969 33.4139 19.2793 12.2488 6.88594 6.4381 5.34545 4.8 6.75 4.2185 3.93939 4.88722 6.01754 2.84091 2.37576 2.19076 1.86667 1.66667 2.84444 2.2 1.60952 1.6 1.46677
threshold=92.050000000000011 145.15000000000001 20.350000000000005 1.0000000180025095e-35 129.55000000000004 1.5000000000000002 6.5000000000000009 27.650000000000002 49.350000000000001 1.0000000180025095e-35 125.05000000000001 1.0000000180025095e-35 -4.4499999999999993 -86.84999999999998 4.5000000000000009 1.0000000180025095e-35 7.5000000000000009 -5.5499999999999989 130.65000000000001 126.45000000000002 -7.5499999999999989 10.350000000000003 -1.9499999999999997
decision_type=2 2 2 2 2 2 2 2 2 2 2 2 2 2 2 2 2 2 2 2 2 2 2
left_child=-1 2 9 4 15 16 -3 -7 -9 -2 11 12 20 -10 -15 -4 -6 18 21 -19 -11 -12 -17
right_child=1 6 3 -5 5 7 -8 8 13 10 17 -13 -14 14 -16 22 -18 19 -20 -21 -22 -23 -24
leaf_value=-0.78266930295676485 0.13617960074768595 3.1119027587155919 0.13986762961839708 1.762992080439036 -0.057616761183826949 0.027509153952071159 -0.0045505276705721086 -0.010240142088048998 0.19263302872493399 0.12310031941059094 0.1162929098397516 0.47815765121701076 -0.56673725515460205 0.00062008326253447875 -0.094618594682364193 -0.036602586710786013 -0.012944054803359251 0.034948633730416102 -0.0055692077332591336 0.16619021816101806 -0.00030186407174170426 0.030640277485141778 -0.081098136068041241
leaf_weight=116 9.9999999999999982 49 5.9999999999999991 9.9999999999999982 6.9999999999999982 6.0000000000000027 5.9999999999999991 8.0000000000000018 5.0000000000000009 5.0000000000000036 5.9999999999999991 6.9999999999999991 7.0000000000000009 4.9999999999999964 6 34 5 5.0000000000000062 8.9999999999999982 10.999999999999998 7 8.9999999999999982 21
leaf_count=116 10 49 6 10 7 6 6 8 5 5 6 7 7 5 6 34 5 5 9 11 7 9 21
internal_value=-0.00466667 0.00614754 0.00015873 -0.00769912 -0.0107767 -0.00142857 0.0267273 0.006 0 0.0118421 0.00909091 0 -0.00789474 0.01125 0.00272727 -0.0172131 -0.02 0.015 0.01 0.0225 0.005 0.018 -0.0190909
internal_weight=360 244 189 113 103 42 55 30 24 76 66 26 19 16 11 61 12 40 24 16 12 15 55
internal_count=360 244 189 113 103 42 55 30 24 76 66 26 19 16 11 61 12 40 24 16 12 15 55
is_linear=0
shrinkage=0.03


Tree=21
num_leaves=24
num_cat=0
split_feature=6 1 2 5 4 0 9 6 4 2 4 2 9 2 3 5 2 3 9 6 2 2 4
split_gain=96.9603 35.6026 20.6613 18.0565 5.74379 4.28148 3.6 3.33787 5.87209 5.58313 3.24928 3.93216 3.22667 7.84 3.03355 6.21513 2.4 2.08954 1.32463 3.35043 1.2381 4.62857 1.23419
threshold=92.050000000000011 217.50000000000003 21.050000000000001 1.0000000180025095e-35 1.0000000180025095e-35 3.5000000000000004 -0.44999999999999996 129.55000000000004 1.5000000000000002 25.400000000000002 2.5000000000000004 84.750000000000014 2.9500000000000006 12.850000000000001 1.0000000180025095e-35 1.0000000180025095e-35 10.750000000000002 1.0000000180025095e-35 -3.4499999999999997 126.85000000000001 67.350000000000009 88.600000000000009 1.5000000000000002
decision_type=2 2 2 2 2 2 2 2 2 2 2 2 2 2 2 2 2 2 2 2 2 2 2
left_child=-1 2 4 7 -2 14 -7 17 -9 -10 -11 -12 13 16 -6 -16 -8 -4 20 22 -19 -22 -20
right_child=1 -3 3 -5 5 6 12 8 9 10 11 -13 -14 -15 15 -17 -18 18 19 -21 21 -23 -24
leaf_value=-0.75918922386806198 0.082661267034571745 3.0275462252705307 0.13567160072984527 1.8737209664991674 0.047752945384290653 0.08514684048523577 0.059724459773243692 -0.055033662299765633 0.0057995384507532315 0.021249437586995584 -0.014991639366970162 0.0006014807646585041 0.71962993310916412 -0.019789058956133799 -0.53956463120669351 0.46381292168050064 0.089485845545962797 -0.037018971732345987 0.0020100908425226293 -0.060464667150996687 0.0027253787356596604 -0.19828862235323541 -0.019920256255880561
leaf_weight=116 12.999999999999998 45 5.9999999999999991 12.999999999999998 10.000000000000002 14.999999999999998 15.000000000000009 10.999999999999998 5.0000000000000027 7.0000000000000027 10.000000000000002 8.9999999999999982 4.9999999999999991 4.9999999999999991 10.000000000000002 6.9999999999999991 4.9999999999999991 12.999999999999998 5.0000000000000098 7.9999999999999991 4.9999999999999991 8.9999999999999982 12.999999999999998
leaf_count=116 13 45 6 13 10 15 15 11 5 7 10 9 5 5 10 7 5 13 5 8 5 9 13
internal_value=-0.00483333 0.00590164 0.000452261 -0.00789474 0.0116471 0.00833333 0.014 -0.0121782 -0.00571429 0.000967742 -0.00461538 -0.0110526 0.008 0.0036 -0.00111111 -0.00882353 0.012 -0.0167797 -0.0186792 -0.0138462 -0.0233333 -0.0171429 -0.00666667
internal_weight=360 244 199 114 85 72 45 101 42 31 26 19 30 25 27 17 20 59 53 26 27 14 18
internal_count=360 244 199 114 85 72 45 101 42 31 26 19 30 25 27 17 20 59 53 26 27 14 18
is_linear=0
shrinkage=0.03


Tree=22
num_leaves=24
num_cat=0
split_feature=6 1 2 5 1 5 9 4 2 2 9 9 8 6 2 3 3 9 3 6 9 4 1
split_gain=101.302 33.4562 23.836 17.7543 6.47001 8.07059 4.97368 3.60868 3.38087 4.89855 3.04244 4.87703 3.00868 3.30634 2.02341 3.84615 3.33333 3.07692 2.22308 1.19762 1.59098 1.13495 1.10769
threshold=92.050000000000011 217.50000000000003 25.400000000000002 1.0000000180025095e-35 107.50000000000001 1.0000000180025095e-35 -3.4499999999999997 1.0000000180025095e-35 34.800000000000004 60.250000000000007 2.4500000000000006 -0.24999999999999997 -5.5499999999999989 131.10000000000005 149.40000000000003 1.5000000000000002 4.5000000000000009 16.450000000000006 3.5000000000000004 89.750000000000014 1.0000000180025095e-35 1.5000000000000002 127.50000000000001
decision_type=2 2 2 2 2 2 2 2 2 2 2 2 2 2 2 2 2 2 2 2 2 2 2
left_child=19 2 4 7 5 -2 -6 -4 -9 -10 11 21 13 22 15 -11 -16 18 -17 -1 -21 -8 -13
right_child=1 -3 3 -5 6 -7 10 8 9 14 -12 12 -14 -15 16 17 -18 -19 -20 20 -22 -23 -24
leaf_value=-0.75891343271110212 -0.57133068302614742 2.9367198385124147 -0.13930765332340087 1.8404170674229503 -0.015564698891525949 0.45685191410895765 0.028913143149062674 0.0032880960048793637 -0.022576430176578698 0.39693173076821936 0.075292871502660008 0.0014671552507397223 0.088195561754298948 -0.011978927241743093 -0.17537152827572952 -0.062363217125164565 0.093277057597528523 -0.07806758429832357 0.0016135268576542927 -0.23649338418815302 -0.29799347574088741 0.057932725980046201 0.027036493794208381
leaf_weight=97 7.0000000000000009 45 10.999999999999998 11.999999999999998 7.9999999999999991 10 10.999999999999998 5.9999999999999991 23 8.0000000000000018 13.999999999999998 8.0000000000000053 6.9999999999999991 5.9999999999999991 12.000000000000002 5.0000000000000027 7.9999999999999991 4.9999999999999991 7.9999999999999991 5.0000000000000027 13.999999999999998 25 4.9999999999999991
leaf_count=97 7 45 11 12 8 10 11 6 23 8 14 8 7 6 12 5 8 5 8 5 14 25 5
internal_value=-0.00433333 0.00663934 0.00135678 -0.00918367 0.0115842 -0.00529412 0.015 -0.0139535 -0.0116 -0.0134783 0.0173684 0.0145161 0.00461538 -0.00157895 -0.00782609 -0.00230769 -0.015 -0.01 -0.00230769 -0.0274138 -0.0205263 0.0216667 0.00692308
internal_weight=360 244 199 98 101 17 84 86 75 69 76 62 26 19 46 26 20 18 13 116 19 36 13
internal_count=360 244 199 98 101 17 84 86 75 69 76 62 26 19 46 26 20 18 13 116 19 36 13
is_linear=0
shrinkage=0.03


Tree=23
num_leaves=24
num_cat=0
split_feature=6 6 2 6 2 5 0 6 0 5 2 9 8 9 9 2 2 9 2 6 8 2 6
split_gain=101.302 31.836 22.5207 9.6447 8.06667 8.54118 5.34545 5.30882 4.93811 8.71111 3.82273 3.25185 2.84284 3.74026 3.15657 1.93548 3.56364 1.83025 3.39596 1.92857 1.6 1.38889 1.23419
threshold=92.050000000000011 145.15000000000001 20.350000000000005 129.55000000000004 26.400000000000002 1.0000000180025095e-35 6.5000000000000009 138.75000000000003 2.5000000000000004 1.0000000180025095e-35 42.250000000000007 -3.4499999999999997 -5.2499999999999991 2.4500000000000006 -0.44999999999999996 67.350000000000009 88.600000000000009 40.95000000000001 26.400000000000002 126.85000000000001 -38.949999999999996 12.850000000000001 130.65000000000001
decision_type=2 2 2 2 2 2 2 2 2 2 2 2 2 2 2 2 2 2 2 2 2 2 2
left_child=-1 2 8 11 -5 7 -3 10 9 -2 -6 15 13 14 -10 -4 -17 18 -13 -19 -9 22 -16
right_child=1 6 3 4 5 -7 -8 20 12 -11 -12 17 -14 -15 21 16 -18 19 -20 -21 -22 -23 -24
leaf_value=-0.71364614417068717 -0.5381425368139332 2.8396176940406366 -0.035441461613629738 0.015966659686209965 -0.0050843833086312885 2.3048753063913781 -0.0063068041255452557 -0.062172685473546346 0.10199660561143048 0.45009973676456111 0.021289247364683062 -0.003346374624923527 0.076859877452719869 0.10527667344298137 0.056194744200644631 0.0025952115678602181 -0.18707881783436647 -0.095050318606735323 0.0014374726817158034 -0.11577506622161998 -0.013864597280663986 -0.0085659752085504685 -0.010556260347204898
leaf_weight=116 5.9999999999999973 49 15.000000000000002 7.9999999999999991 4.9999999999999991 5.9999999999999991 5.9999999999999991 7.9999999999999991 8.9999999999999947 9 10.999999999999998 9.0000000000000018 19 8.9999999999999982 13.000000000000009 4.9999999999999991 10.999999999999998 7.9999999999999982 10.999999999999998 6 10.000000000000002 5.9999999999999991 4.9999999999999991
leaf_count=116 6 49 15 8 5 6 6 8 9 9 11 9 19 9 13 5 11 8 11 6 10 6 5
internal_value=-0.00433333 0.00663934 0.000793651 -0.00769912 0.0025 -0.003 0.0267273 -0.00882353 0.0134211 -0.002 0.00375 -0.0152308 0.0172131 0.0128571 0.00818182 -0.0222581 -0.015 -0.00882353 -0.003 -0.0171429 -0.02 0.0025 0.00666667
internal_weight=360 244 189 113 48 40 55 34 76 15 16 65 61 42 33 31 16 34 20 14 18 24 18
internal_count=360 244 189 113 48 40 55 34 76 15 16 65 61 42 33 31 16 34 20 14 18 24 18
is_linear=0
shrinkage=0.03


Tree=24
num_leaves=24
num_cat=0
split_feature=6 1 9 9 9 6 9 9 8 6 8 8 8 6 3 9 8 6 8 4 8 6 6
split_gain=93.9729 35.6026 18.1439 10.756 5.53631 3.94647 4.50667 3.73841 4.29762 3.33333 2.89735 2.6455 3.80952 4.02381 2.45042 2.49231 2.42713 2.29199 2.11722 2.10777 2.09277 1.64835 1.56863
threshold=92.050000000000011 217.50000000000003 -2.9999999999999996 16.450000000000006 2.9500000000000006 132.50000000000003 -4.4999999999999991 0.15000000000000005 -20.949999999999996 138.75000000000003 -3.9499999999999997 -5.5499999999999989 -7.5499999999999989 130.65000000000001 4.5000000000000009 40.95000000000001 1.0000000180025095e-35 89.750000000000014 -41.999999999999993 2.5000000000000004 -6.6499999999999995 129.75000000000003 127.10000000000001
decision_type=2 2 2 2 2 2 2 2 2 2 2 2 2 2 2 2 2 2 2 2 2 2 2
left_child=17 2 5 4 7 -2 9 8 -4 -7 11 12 13 -9 22 18 20 -1 -16 -19 21 -10 -5
right_child=1 -3 3 14 -6 6 -8 10 16 -11 -12 -13 -14 -15 15 -17 -18 19 -20 -21 -22 -23 -24
leaf_value=-0.71473664540464876 -0.039957868551843488 2.7634297125358236 -0.0012259395842897903 -0.07684472040906129 0.13464362228951238 0.18339900429138054 0.097112427618113631 0.036802585589766817 0.015601028726642312 -0.02651981564199403 -0.45163971262854141 0.085866382712085854 -0.0083464655272525324 -0.013346180246727925 0.22199116356077503 -0.07493493343604285 0.0034085707272433294 -0.27698928989012245 -0.0001450548972708532 -0.25564435580809131 0.15178264843191711 0.054508901874625475 -0.049642080961196766
leaf_weight=97 38 45 5.9999999999999991 12.000000000000002 18 5.0000000000000027 9.9999999999999982 8.0000000000000018 5.9999999999999947 9.9999999999999982 7.9999999999999991 7.0000000000000027 5.9999999999999991 5.9999999999999991 6.0000000000000009 4.9999999999999991 8.9999999999999982 7.0000000000000027 7.0000000000000009 11.999999999999998 20.000000000000004 7 4.9999999999999991
leaf_count=97 38 45 6 12 18 5 10 8 6 10 8 7 6 6 6 5 9 7 7 12 20 7 5
internal_value=-0.00466667 0.00590164 0.000452261 0.00661765 0.0115842 -0.0128571 -0.0036 0.00831325 0.01375 -0.014 0.000857143 0.00555556 0 0.00857143 -0.00771429 0 0.0171429 -0.0268966 0.00692308 -0.0173684 0.0209091 0.0115385 -0.0158824
internal_weight=360 244 199 136 101 63 25 83 48 15 35 27 20 14 35 18 42 116 13 19 33 13 17
internal_count=360 244 199 136 101 63 25 83 48 15 35 27 20 14 35 18 42 116 13 19 33 13 17
is_linear=0
shrinkage=0.03


Tree=25
num_leaves=24
num_cat=0
split_feature=6 1 2 5 9 9 2 9 2 4 8 2 9 8 4 2 8 6 9 6 4 2 8
split_gain=86.9192 37.8157 24.3823 14.5334 4.35556 7.2 3.663 8.06667 3.01425 3.29791 2.45818 2.25861 2.37576 2.36453 2.14286 2.09032 3.73825 3.42857 2.38095 2.0499 2.10777 2.04848 1.96923
threshold=92.050000000000011 217.50000000000003 20.350000000000005 1.0000000180025095e-35 -0.24999999999999997 2.9500000000000006 34.800000000000004 -1.9499999999999997 60.250000000000007 1.0000000180025095e-35 -0.94999999999999984 103.40000000000002 -4.2499999999999991 -70.049999999999983 4.5000000000000009 4.9500000000000011 -5.5499999999999989 130.65000000000001 1.7500000000000002 89.750000000000014 2.5000000000000004 9.3000000000000025 -48.249999999999993
decision_type=2 2 2 2 2 2 2 2 2 2 2 2 2 2 2 2 2 2 2 2 2 2 2
left_child=19 2 4 6 10 15 7 -4 -8 -10 -2 12 -11 -13 -9 -6 17 18 -17 -1 -21 -12 -5
right_child=1 -3 3 22 5 -7 8 14 9 11 21 13 -14 -15 -16 16 -18 -19 -20 20 -22 -23 -24
leaf_value=-0.69329454604250951 0.094383227990130367 2.6805268211597491 -0.0037331157528173262 1.960372327634665 -0.49240084360922876 0.12613785374741893 -0.023186384248999516 0.025931482007765395 -0.2069514077039698 0.37775198739676025 -0.038165090001169091 -0.026327581057536378 -0.04384354066290768 -0.049540701265761197 0.0017337119012502454 0.058805433150502746 0.11690899021105394 -0.01202549383811828 -0.005157332365986065 -0.26867961119341871 -0.2479750251338487 0.049675398427464469 0.074959937894153936
leaf_weight=97 25 45 15.000000000000002 7.9999999999999991 4.9999999999999991 8.9999999999999982 24 4.9999999999999982 7.9999999999999991 5 4.9999999999999982 28.999999999999993 5.9999999999999982 6.0000000000000062 7 8.0000000000000018 10.000000000000002 6.9999999999999991 5.9999999999999991 7.0000000000000027 11.999999999999998 6 4.9999999999999991
leaf_count=97 25 45 15 8 5 9 24 5 8 5 5 29 6 6 7 8 10 7 6 7 12 6 5
internal_value=-0.005 0.00516393 -0.000452261 -0.00915254 0.0122222 0.006 -0.0128571 -0.00333333 -0.0161538 -0.0122222 0.02 -0.00913043 0.00272727 -0.0128571 0.015 0 0.00290323 -0.00428571 0.00428571 -0.0263793 -0.0173684 0.00818182 0.0207692
internal_weight=360 244 199 118 81 45 105 27 78 54 36 46 11 35 12 36 31 21 14 116 19 11 13
internal_count=360 244 199 118 81 45 105 27 78 54 36 46 11 35 12 36 31 21 14 116 19 11 13
is_linear=0
shrinkage=0.03


Tree=26
num_leaves=24
num_cat=0
split_feature=1 6 0 9 6 9 6 3 8 5 0 6 9 8 3 6 4 9 8 9 9 6 4
split_gain=94.4067 26.7271 16.1333 11.3489 6.72222 4.33137 3.91389 3.23087 6.76 4.12858 5.17445 3.2 2.72222 4.5 3 2.09277 3.07692 1.72101 1.66234 2.37576 1.52941 3.44202 1.6
threshold=127.50000000000001 91.850000000000009 6.5000000000000009 -3.4499999999999997 144.15000000000001 -1.9499999999999997 127.10000000000001 1.5000000000000002 -11.699999999999998 1.0000000180025095e-35 2.5000000000000004 138.75000000000003 -3.7499999999999996 -19.999999999999996 3.5000000000000004 125.45000000000002 4.5000000000000009 0.65000000000000002 -5.5499999999999989 2.9500000000000006 0.45000000000000007 125.05000000000001 2.5000000000000004
decision_type=2 2 2 2 2 2 2 2 2 2 2 2 2 2 2 2 2 2 2 2 2 2 2
left_child=1 -1 4 15 5 -2 7 8 -5 10 -9 -4 14 -14 -13 16 -3 -7 19 -15 -12 -22 -23
right_child=2 3 11 6 -6 17 -8 9 -10 -11 20 12 13 18 -16 -17 -18 -19 -20 -21 21 22 -24
leaf_value=-0.65468899297879757 -0.015701267763242866 -0.031074196524497423 0.1786868615943652 -0.015687546703616134 2.5836104672085503 0.10217505942239896 -0.025537753625810494 -0.47762881830095183 0.037422757852398188 0.42373268008209775 -0.0026408549605007178 -0.025028629645264713 -0.052366141322339244 -0.0034274281547237704 -0.026158857595847278 -0.049900124686243004 -0.04354895585018511 0.01725778265667003 0.058550834383273978 0.062849274917201686 0.066940898394057341 0.35649274684547561 -0.074825590824299723
leaf_weight=112 5.9999999999999991 7.9999999999999982 8.9999999999999982 9.0000000000000018 50 13.999999999999998 6.9999999999999991 10.999999999999998 15.999999999999998 10.999999999999998 9.0000000000000018 5.9999999999999982 5.9999999999999991 6 6 20 5 20 7.0000000000000044 5 7.0000000000000027 4.9999999999999982 5
leaf_count=112 6 8 9 9 50 14 7 11 16 11 9 6 6 6 6 20 5 20 7 5 7 5 5
internal_value=-0.0045 -0.0164 0.0153333 -0.00610619 0.0226667 0.0135 0 0.00205479 0.0108 -0.0025 -0.0072973 0.000666667 -0.00333333 0.0025 -0.015 -0.0209091 -0.0115385 0.0176471 0.01 0.00272727 0 0.00529412 -0.006
internal_weight=360 225 135 113 90 40 80 73 25 48 37 45 36 24 12 33 13 34 18 11 26 17 10
internal_count=360 225 135 113 90 40 80 73 25 48 37 45 36 24 12 33 13 34 18 11 26 17 10
is_linear=0
shrinkage=0.03


Tree=27
num_leaves=24
num_cat=0
split_feature=1 6 0 2 5 2 2 9 6 9 4 9 9 4 9 9 8 2 2 8 4 2 6
split_gain=89.1918 26.7271 18.1481 16.3363 8.37607 13.3058 4.85139 7.14286 4.79169 4.12903 3.45882 3.18118 3.99377 7.57576 2.53182 3.7471 2.43871 3.6 1.7931 4 1.70667 2.97619 1.62519
threshold=127.50000000000001 91.850000000000009 3.5000000000000004 20.350000000000005 1.0000000180025095e-35 24.350000000000005 4.7000000000000002 -1.0000000180025095e-35 142.05000000000004 -3.4499999999999997 1.0000000180025095e-35 -5.6499999999999995 13.700000000000001 3.5000000000000004 -1.8499999999999999 2.9500000000000006 -52.54999999999999 149.40000000000003 11.200000000000001 -6.1999999999999984 2.5000000000000004 10.750000000000002 126.85000000000001
decision_type=2 2 2 2 2 2 2 2 2 2 2 2 2 2 2 2 2 2 2 2 2 2 2
left_child=1 -1 -2 6 5 8 7 -3 18 16 -7 -12 -13 -14 -8 20 17 -5 19 -4 -16 -22 -11
right_child=2 3 4 9 -6 10 14 -9 -10 22 11 12 13 -15 15 -17 -18 -19 -20 -21 21 -23 -24
leaf_value=-0.63504832318943383 2.5226027025086997 0.31864840363069136 0.018415369480241566 0.38092251959612594 1.6189418592225693 -0.085956257406025277 0.085696751305448085 -0.43727290814585801 -0.001764868953867733 -0.0055315533147886238 0.0017959292308634643 -0.010062681487029152 0.019311405269250344 -0.013302657014260076 -0.010549521434016355 0.10720164081121801 -0.048403120945655617 -0.17854566391531959 0.042237283493727205 0.14427501863427991 0.047432046824157512 -0.010828071448357689 -0.024771621017036123
leaf_weight=112 45 7 8.0000000000000018 5.0000000000000018 11.999999999999998 5.9999999999999991 5.9999999999999991 6.9999999999999982 8.9999999999999982 24.000000000000004 8.9999999999999947 14.000000000000005 4.9999999999999982 6 10.000000000000005 5.9999999999999991 21 5 12.999999999999998 8.0000000000000018 7.9999999999999982 7 6.9999999999999991
leaf_count=112 45 7 8 5 12 6 6 7 9 24 9 14 5 6 10 6 21 5 13 8 8 7 7
internal_value=-0.00483333 -0.0164 0.0144444 -0.00610619 0.00666667 0.00307692 0.00647059 -0.00857143 0.0157895 -0.0164516 -0.009 -0.00529412 -0.0108 0.00272727 0.0121622 0.00870968 -0.0241935 -0.012 0.0217241 0.015 0.0036 0.01 -0.00870968
internal_weight=360 225 135 113 90 78 51 14 38 62 40 34 25 11 37 31 31 10 29 16 25 15 31
internal_count=360 225 135 113 90 78 51 14 38 62 40 34 25 11 37 31 31 10 29 16 25 15 31
is_linear=0
shrinkage=0.03


Tree=28
num_leaves=24
num_cat=0
split_feature=6 6 0 2 5 2 9 2 4 9 8 8 9 2 8 2 4 2 4 4 6 6 6
split_gain=86.2298 25.7857 19.9111 15.5023 9.14063 11.2134 5.33333 7.95362 4.40295 4.12903 2.68691 3.42246 2.61004 2.5699 2.43871 3.6 2.37576 2.13333 1.69082 2.8 1.62689 1.62519 1.48542
threshold=128.40000000000001 91.850000000000009 2.5000000000000004 20.350000000000005 1.0000000180025095e-35 21.850000000000005 -0.24999999999999997 4.7000000000000002 1.0000000180025095e-35 -3.4499999999999997 -5.5499999999999989 -11.249999999999998 -5.6499999999999995 37.95000000000001 -52.54999999999999 149.40000000000003 5.5000000000000009 9.3000000000000025 3.5000000000000004 1.0000000180025095e-35 130.65000000000001 126.85000000000001 89.750000000000014
decision_type=2 2 2 2 2 2 2 2 2 2 2 2 2 2 2 2 2 2 2 2 2 2 2
left_child=1 22 -2 6 5 10 17 -8 -7 14 11 -4 -10 16 15 -5 -14 -3 19 -9 -13 -11 -1
right_child=2 3 4 9 -6 8 7 18 12 21 -12 20 13 -15 -16 -17 -18 -19 -20 -21 -22 -23 -24
leaf_value=-0.63380359017618737 2.446924621433439 0.050424259503088389 0.026816142850473453 0.36949484400824217 1.5703736034458926 -0.049324674233714914 -0.42415472090148226 0.06171662221789944 0.0017420513539374838 -0.0053656067153451652 0.13962681714335276 0.046424425111603683 -0.0020793387703337629 -0.009178121378940033 -0.046951027317286106 -0.17318929399786015 0.00039466354170059504 0.084346118028782793 0.083597775195701302 -0.0097879387424205776 -0.0070618966423924689 -0.024028472386524981 -0.22192710337256927
leaf_weight=97 45 12.000000000000002 4.9999999999999991 5.0000000000000018 11.999999999999998 6.9999999999999991 7.0000000000000027 5.0000000000000027 8.9999999999999947 24.000000000000004 12.999999999999998 7.0000000000000062 6.0000000000000053 17 21 5 5 7.9999999999999991 8.9999999999999982 8.9999999999999982 9.9999999999999982 6.9999999999999991 14.999999999999998
leaf_count=97 45 12 5 5 12 7 7 5 9 24 13 7 6 17 21 5 5 8 9 9 10 7 15
internal_value=-0.00516667 -0.0166071 0.0136765 -0.00642857 0.0056044 0.00189873 0.006 -0.002 -0.00818182 -0.0164516 0.0145714 0.00818182 -0.00405405 -0.00857143 -0.0241935 -0.012 0.00272727 0.018 0.00652174 0 0.00176471 -0.00870968 -0.0267857
internal_weight=360 224 136 112 91 79 50 30 44 62 35 22 37 28 31 10 11 20 23 14 17 31 112
internal_count=360 224 136 112 91 79 50 30 44 62 35 22 37 28 31 10 11 20 23 14 17 31 112
is_linear=0
shrinkage=0.03


Tree=29
num_leaves=24
num_cat=0
split_feature=1 6 0 2 2 4 3 9 2 9 8 8 2 6 2 2 4 4 4 6 8 2 6
split_gain=86.64 24.041 19.2 14.7024 5.54438 5.08884 4.52885 4.307 7.95362 4.12903 2.90909 2.43871 3.6 2.04848 1.96923 1.90476 2.13333 1.69082 2.8 1.62519 1.6 1.6 1.42222
threshold=127.50000000000001 91.850000000000009 3.5000000000000004 20.350000000000005 13.450000000000001 1.0000000180025095e-35 20.500000000000004 -0.24999999999999997 4.7000000000000002 -3.4499999999999997 -6.1999999999999984 -52.54999999999999 149.40000000000003 130.65000000000001 76.050000000000026 11.200000000000001 4.5000000000000009 3.5000000000000004 1.0000000180025095e-35 126.85000000000001 -0.94999999999999984 57.250000000000007 142.05000000000004
decision_type=2 2 2 2 2 2 2 2 2 2 2 2 2 2 2 2 2 2 2 2 2 2 2
left_child=1 -1 -2 7 10 21 22 15 -9 11 13 12 -5 -4 -8 16 20 18 -10 -11 -3 -6 -7
right_child=2 3 4 9 5 6 14 8 17 19 -12 -13 -14 -15 -16 -17 -18 -19 -20 -21 -22 -23 -24
leaf_value=-0.5969827657884651 2.3735168827904363 0.032481942201978593 0.059402759981738738 0.35840999868799484 -0.0002321826582405606 0.00023368857406779852 1.0597756686811102 -0.41143007927443775 0.059865123551362413 -0.0052046385138848445 0.1354380126290522 -0.045542496497767357 -0.16799361517792419 -0.01048675142066287 1.4868854981037656 0.10690346300272636 -0.0054973185015029452 0.081089841939830334 -0.0094943005801479789 -0.02330761821492942 0.16437593041678397 -0.11595072490696309 -0.011190643715825956
leaf_weight=112 45 5 6.0000000000000018 5.0000000000000018 4.9999999999999982 36 7.9999999999999982 7.0000000000000027 5.0000000000000027 24.000000000000004 10.999999999999998 21 5 5 5 5.9999999999999991 4.9999999999999991 8.9999999999999982 8.9999999999999982 6.9999999999999991 5.0000000000000018 5 8.9999999999999982
leaf_count=112 45 5 6 5 5 36 8 7 5 24 11 21 5 5 5 6 5 9 9 7 5 5 9
internal_value=-0.005 -0.0164 0.014 -0.00663717 0.006 0.00176471 0.00517241 0.00529412 -0.002 -0.0164516 0.0190909 -0.0241935 -0.012 0.00818182 0.0207692 0.0157143 0.01 0.00652174 0 -0.00870968 0.018 -0.018 0.000666667
internal_weight=360 225 135 113 90 68 58 51 30 62 22 31 10 11 13 21 15 23 14 31 10 10 45
internal_count=360 225 135 113 90 68 58 51 30 62 22 31 10 11 13 21 15 23 14 31 10 10 45
is_linear=0
shrinkage=0.03


Tree=30
num_leaves=24
num_cat=0
split_feature=1 6 0 5 9 3 6 3 5 0 6 8 8 4 8 9 4 6 6 4 8 9 9
split_gain=87.1474 21.508 20.2815 9.36068 9.03783 5.90446 8.08144 4.05 5.47556 3.43462 3.34091 5.60769 3.84208 3.29641 4.80678 4.43077 2.59335 2.25 2.09277 3.07692 2.00784 3.55556 2.26263
threshold=127.50000000000001 91.850000000000009 3.5000000000000004 1.0000000180025095e-35 -3.4499999999999997 20.500000000000004 130.65000000000001 1.0000000180025095e-35 1.0000000180025095e-35 2.5000000000000004 124.95000000000002 -6.6499999999999995 -6.4499999999999993 1.0000000180025095e-35 -5.5499999999999989 -3.7499999999999996 1.5000000000000002 125.85000000000001 125.45000000000002 4.5000000000000009 -59.899999999999991 2.9500000000000006 0.65000000000000002
decision_type=2 2 2 2 2 2 2 2 2 2 2 2 2 2 2 2 2 2 2 2 2 2 2
left_child=1 -1 -2 5 18 6 -4 17 9 -9 11 -11 16 -8 20 -16 -12 -6 19 -3 -15 22 -22
right_child=2 4 3 -5 7 -7 13 8 -10 10 12 -13 -14 14 15 -17 -18 -19 -20 -21 21 -23 -24
leaf_value=-0.57907328281481107 2.3023113763067236 -0.0310663931303948 0.044471284084211221 1.5011164141422697 0.062785003536156472 -0.071339716070489487 -0.038349293068820033 -0.42511422250226971 0.39501724187311765 0.06836315826322853 0.1728041807891853 -0.0053323989464580277 0.016680684873665114 0.046279654357070536 -0.010288111200008814 0.068525697380884903 -0.041909500674740627 -0.0080261365088566804 -0.044176221602834145 -0.027534120217754036 -0.0028670543661974079 0.029989533631193693 -0.010961383898970211
leaf_weight=112 45 7.9999999999999982 19 11.999999999999998 7.9999999999999991 4.9999999999999991 6.9999999999999991 10.999999999999998 10.999999999999998 7.9999999999999991 5.9999999999999991 4.9999999999999991 6.0000000000000062 9.9999999999999911 5 7.9999999999999982 17 7.9999999999999991 20 5 11.000000000000012 5.9999999999999991 6.9999999999999991
leaf_count=112 45 8 19 12 8 5 7 11 11 8 6 5 6 10 5 8 17 8 20 5 11 6 7
internal_value=-0.0055 -0.0169333 0.0135556 0.00533333 -0.00769912 0.00153846 0.00369863 -0.00225 -0.005625 -0.00962264 -0.00571429 0.00692308 -0.0113793 -0.00222222 0.000638298 0.0161538 -0.0169565 0.01125 -0.0209091 -0.0115385 -0.00529412 -0.01 -0.0166667
internal_weight=360 225 135 90 113 78 73 80 64 53 42 13 29 54 47 13 23 16 33 13 34 24 18
internal_count=360 225 135 90 113 78 73 80 64 53 42 13 29 54 47 13 23 16 33 13 34 24 18
is_linear=0
shrinkage=0.03


Tree=31
num_leaves=24
num_cat=0
split_feature=1 6 0 2 5 9 9 2 9 9 6 3 2 9 9 8 6 2 2 6 9 9 2
split_gain=81.6474 24.041 21.3926 12.9746 11.8605 10.5493 5.23302 5.06481 3.40577 4.48831 3.20916 3.33333 3.04762 2.89429 2.1978 2.14286 2.09277 3.07692 1.96923 2.37363 1.54286 3.33333 1.48205
threshold=127.50000000000001 91.850000000000009 3.5000000000000004 23.650000000000002 1.0000000180025095e-35 -3.4499999999999997 -0.24999999999999997 4.7000000000000002 25.150000000000002 13.700000000000001 125.85000000000001 1.0000000180025095e-35 42.250000000000007 0.65000000000000002 0.65000000000000002 1.0000000180025095e-35 125.45000000000002 79.850000000000009 8.9000000000000021 142.05000000000004 -8.3999999999999968 -5.1499999999999995 9.3000000000000025
decision_type=2 2 2 2 2 2 2 2 2 2 2 2 2 2 2 2 2 2 2 2 2 2 2
left_child=1 -1 -2 14 8 16 15 -8 9 12 13 -12 -5 -9 -4 -7 17 -3 -16 -20 -14 -22 -15
right_child=2 5 3 4 -6 6 7 10 -10 -11 11 -13 20 22 18 -17 -18 -19 19 -21 21 -23 -24
leaf_value=-0.56170108433036658 2.2332420350175215 -0.01132932810311189 0.080178074702975832 -0.0099794678640088823 1.6836352602515519 0.029732957279271586 -0.38633375022113636 -0.011365361869222993 -0.026493599143547115 0.043137145561684916 0.037236311249962739 -0.082317346212028963 -0.077268828917560345 0.30376805805978901 -0.0098433073610735278 -0.0023747205860193787 -0.042850934954748961 -0.07366650873479301 0.050162481686600556 0.00078005346574286697 0.17182471604105529 -0.011579152208519119 0.0024171509129602953
leaf_weight=112 45 7.9999999999999982 21 7.0000000000000027 9.9999999999999982 20.000000000000004 6.9999999999999991 5.0000000000000027 7.9999999999999991 4.9999999999999991 4.9999999999999991 9.9999999999999982 6.0000000000000009 6.0000000000000027 5.0000000000000027 6.9999999999999991 20 5 5.9999999999999982 7 5.0000000000000009 9.9999999999999982 20
leaf_count=112 45 8 21 7 10 20 7 5 8 5 5 10 6 6 5 7 20 5 6 7 5 10 20
internal_value=-0.00533333 -0.0164 0.0131111 0.00466667 -0.00529412 -0.00663717 -0.00075 -0.00622642 -0.012439 -0.00818182 -0.0026087 -0.014 -0.0128571 0.00290323 0.0176923 0.01 -0.0209091 -0.0115385 0.01 0.0161538 -0.00714286 -0.002 0.00692308
internal_weight=360 225 135 90 51 113 80 53 41 33 46 15 28 31 39 27 33 13 18 13 21 15 26
internal_count=360 225 135 90 51 113 80 53 41 33 46 15 28 31 39 27 33 13 18 13 21 15 26
is_linear=0
shrinkage=0.03


Tree=32
num_leaves=24
num_cat=0
split_feature=6 1 2 4 6 3 9 9 4 1 9 9 8 2 6 4 2 6 6 2 6 4 8
split_gain=78.8446 40.8703 20.6351 3.85885 4.68954 7.4352 4.09114 3.78246 5.15751 3.53464 3.04762 2.62564 3.90029 2.6455 2.37037 2.32411 3.08571 2.26154 2.14286 1.97802 1.82132 2.10777 1.62963
threshold=92.050000000000011 217.50000000000003 21.050000000000001 1.0000000180025095e-35 132.50000000000003 5.5000000000000009 -2.9999999999999996 -1.7499999999999998 1.5000000000000002 127.50000000000001 -6.0999999999999988 -1.8499999999999999 -7.7999999999999998 10.050000000000002 142.05000000000004 3.5000000000000004 51.45000000000001 125.65000000000002 124.95000000000002 8.2000000000000011 89.750000000000014 2.5000000000000004 -6.6499999999999995
decision_type=2 2 2 2 2 2 2 2 2 2 2 2 2 2 2 2 2 2 2 2 2 2 2
left_child=20 2 9 -4 6 15 10 -8 -9 11 -5 -2 18 19 22 16 -6 -10 -13 -14 -1 -22 -11
right_child=1 -3 3 4 5 -7 7 8 17 14 -12 12 13 -15 -16 -17 -18 -19 -20 -21 21 -23 -24
leaf_value=-0.56265676848289226 0.04151021929216149 2.1662447739669957 -0.10900365950016294 -0.071456513472749353 -0.035784074084009486 0.93243984838886207 0.0044699093681916224 0.048559181527604092 -0.040428232253221022 0.039664189659901226 -0.026368216768128006 0.11095094838573658 -0.011024401013146274 -0.017399922452446502 0.00075665186177047866 -0.0084764021975524875 0.08883477657139309 -0.021203410267007994 0.02064386266062513 0.030115074671331284 -0.16313657628338277 -0.15728788919944789 0.12763539148656519
leaf_weight=97 9.9999999999999982 45 12.999999999999998 7.0000000000000027 5.0000000000000018 11.999999999999998 4.9999999999999991 6.9999999999999991 6.0000000000000027 15.999999999999998 21 4.9999999999999947 13.000000000000009 6.9999999999999991 8.9999999999999982 10.999999999999998 7 20 7 6.9999999999999991 7.0000000000000027 11.999999999999998 11.000000000000002
leaf_count=97 10 45 13 7 5 12 5 7 6 16 21 5 13 7 9 11 7 20 7 7 7 12 11
internal_value=-0.0055 0.00418033 -0.00165829 -0.01 -0.0080198 0.000857143 -0.0127273 -0.00631579 -0.01 0.00952941 -0.0214286 0.00428571 0.000769231 -0.00555556 0.0166667 -0.00913043 0 -0.0161538 0.015 0 -0.0258621 -0.0173684 0.0211111
internal_weight=360 244 199 114 101 35 66 38 33 85 28 49 39 27 36 23 12 26 12 20 116 19 27
internal_count=360 244 199 114 101 35 66 38 33 85 28 49 39 27 36 23 12 26 12 20 116 19 27
is_linear=0
shrinkage=0.03


Tree=33
num_leaves=24
num_cat=0
split_feature=1 1 6 2 5 2 9 2 9 9 2 6 9 6 9 3 4 2 2 6 6 2 4
split_gain=75.3785 23.7037 22.7456 12.5691 12.8323 10.443 4.81333 6.85797 3.81055 3.3431 3.33333 3.30517 3.26667 2.70409 2.33419 2.94118 2.14286 1.93548 3.56364 1.79893 1.65275 3.06491 2.04848
threshold=127.50000000000001 217.50000000000003 91.850000000000009 23.650000000000002 1.0000000180025095e-35 19.900000000000002 -0.24999999999999997 4.7000000000000002 -3.4499999999999997 0.65000000000000002 21.850000000000005 138.75000000000003 40.95000000000001 131.10000000000005 2.9500000000000006 21.500000000000004 4.5000000000000009 67.350000000000009 88.600000000000009 142.05000000000004 76.750000000000014 7.1000000000000005 2.5000000000000004
decision_type=2 2 2 2 2 2 2 2 2 2 2 2 2 2 2 2 2 2 2 2 2 2 2
left_child=2 3 20 9 11 6 16 -8 17 -2 -10 13 -12 -5 15 -9 -4 -7 -19 -13 -1 -22 -23
right_child=1 -3 5 4 -6 8 7 14 10 -11 12 19 -14 -15 -16 -17 -18 18 -20 -21 21 22 -24
leaf_value=-1.8507771226488643 0.076582806772089632 2.1012574307479852 0.091481164566323575 -0.014357473728022114 1.6051530069923394 -0.025577170265083993 -0.37441300568410779 0.035499906032645467 -0.015143157756153158 0.025655517363369285 0.0020568523231729329 -0.033133896517444153 -0.083049835476262573 0.043389250201548032 0.094323285737358084 -0.0094401050237258484 0.010464863272134223 0.0015092959386568338 -0.15766812426244867 -0.0099926049665046424 -0.47527711120477262 0.13460243219896612 -0.26283442246506539
leaf_weight=47 21 45 14.000000000000002 9.0000000000000018 9.9999999999999982 15.000000000000002 7.0000000000000027 9.0000000000000036 4.9999999999999991 18 15.000000000000002 17.000000000000004 11.999999999999998 9.9999999999999982 5.9999999999999991 8 5.9999999999999991 4.9999999999999991 10.999999999999998 4.9999999999999991 54 4.9999999999999982 6
leaf_count=47 21 45 14 9 10 15 7 9 5 18 15 17 12 10 6 8 6 5 11 5 54 5 6
internal_value=-0.0055 0.0122222 -0.0161333 0.00333333 -0.00647059 -0.00663717 0.0036 -0.004 -0.0147619 0.0161538 -0.0075 -0.0139024 -0.00333333 -0.00473684 0.00391304 -0.00176471 0.015 -0.0222581 -0.015 -0.0218182 -0.0257143 -0.0226154 -0.00818182
internal_weight=360 135 225 90 51 113 50 30 63 39 32 41 27 19 23 17 20 31 16 22 112 65 11
internal_count=360 135 225 90 51 113 50 30 63 39 32 41 27 19 23 17 20 31 16 22 112 65 11
is_linear=0
shrinkage=0.03


Tree=34
num_leaves=24
num_cat=0
split_feature=1 6 2 5 9 8 2 9 2 3 6 6 3 6 9 6 2 9 6 2 4 9 9
split_gain=73.373 42.2612 18.8064 11.6054 3.50958 5.21148 3.84711 3.23077 3.07692 2.2409 2.23239 4.27446 3.12233 2.46206 2.28336 4.11765 2.07451 3 1.90255 2.84667 2.04848 1.66667 4.8
threshold=217.50000000000003 92.050000000000011 21.050000000000001 1.0000000180025095e-35 0.25000000000000006 1.0000000180025095e-35 8.4500000000000011 8.7500000000000018 5.4500000000000011 21.500000000000004 138.75000000000003 129.75000000000003 1.5000000000000002 125.65000000000002 -1.9499999999999997 126.85000000000001 125.60000000000001 15.050000000000002 76.750000000000014 7.1000000000000005 2.5000000000000004 2.9500000000000006 1.7500000000000002
decision_type=2 2 2 2 2 2 2 2 2 2 2 2 2 2 2 2 2 2 2 2 2 2 2
left_child=1 18 4 10 5 9 8 -5 -6 -3 11 12 13 -4 -14 -16 17 -13 -1 -20 -21 22 -8
right_child=-2 2 3 7 6 -7 21 -9 -10 -11 -12 16 14 -15 15 -17 -18 -19 19 20 -22 -23 -24
leaf_value=-1.7952538089693983 2.038219707825546 0.093329975014121366 0.0025212073489215212 0.077809776805640926 -0.15142731094359282 -0.0015428787281707912 0.041791216119491846 1.8433882362977365 -0.015384516620502921 0.00039957873233674945 -0.025007475174142684 -0.0054405828593021965 -0.050021709069871606 -0.015753986889580886 -0.032895127262310739 -0.06010917736089013 0.18816945311152294 0.0076933850444066108 -0.45501877498044574 0.13056435923299731 -0.25494938979111353 0.091493587165237283 -0.0091180897469456557
leaf_weight=47 45 27 6.0000000000000027 5.9999999999999982 7.9999999999999982 7.9999999999999991 12.000000000000005 7 5 6.9999999999999991 23 6.0000000000000018 21 17 10.000000000000002 6.9999999999999991 4.9999999999999991 6 58 4.9999999999999982 6 9.9999999999999982 7.9999999999999991
leaf_count=47 45 27 6 6 8 8 12 7 5 7 23 6 21 17 10 7 5 6 58 5 6 10 8
internal_value=-0.00583333 -0.0109524 -0.00256281 -0.0105263 0.00811765 0.0142857 0.00209302 0.0161538 -0.0115385 0.0194118 -0.0139604 -0.0115385 -0.0152459 -0.00652174 -0.0205263 -0.0123529 0.00176471 -0.005 -0.0253448 -0.0221739 -0.00818182 0.008 0.003
internal_weight=360 315 199 114 85 42 43 13 13 34 101 78 61 23 38 17 17 12 116 69 11 30 20
internal_count=360 315 199 114 85 42 43 13 13 34 101 78 61 23 38 17 17 12 116 69 11 30 20
is_linear=0
shrinkage=0.03


Tree=35
num_leaves=24
num_cat=0
split_feature=1 0 6 9 5 6 8 9 8 9 9 8 9 4 3 6 6 4 8 0 0 3 8
split_gain=75.3785 23.7037 20.2731 7.36231 7.22222 9.11688 8.48984 4.55349 4.59393 3.43453 3.43365 3.29319 7.04191 3.49798 2.80878 3.43507 2.57143 2.27609 2.22308 2.17778 1.35944 1.64835 1.48571
threshold=127.50000000000001 3.5000000000000004 91.850000000000009 -3.4499999999999997 1.0000000180025095e-35 130.65000000000001 -34.599999999999987 -0.24999999999999997 -3.1499999999999999 16.450000000000006 2.9500000000000006 -10.099999999999998 -3.7499999999999996 2.5000000000000004 7.5000000000000009 138.75000000000003 141.20000000000002 4.5000000000000009 -5.2499999999999991 4.5000000000000009 4.5000000000000009 22.500000000000004 -52.54999999999999
decision_type=2 2 2 2 2 2 2 2 2 2 2 2 2 2 2 2 2 2 2 2 2 2 2
left_child=2 -2 -1 20 5 6 -3 17 9 10 19 14 -13 -14 15 -7 -17 -5 -15 -9 22 -22 -4
right_child=1 4 3 7 -6 11 -8 8 -10 -11 -12 12 13 18 -16 16 -18 -19 -20 -21 21 -23 -24
leaf_value=-0.50136821173103241 1.97707311659078 -0.020655134431459599 -0.048521057797775595 0.04275085301857473 1.3607673507468079 0.12084771219008118 0.06196495489877122 0.026207132330158627 -0.31857732802499555 -0.066798547460229826 0.10204791374708676 -0.020954456636513612 0.064250002282149693 -0.0070685275388878204 -0.039622217748112969 -0.031389655366696446 -0.0027805208299406556 -2.9630336092338892e-05 0.044470036441482251 -0.0095530023654988843 -0.0029563992112260707 -0.03850639402301425 -0.057534379912055726
leaf_weight=112 45 5.0000000000000027 6.9999999999999991 16.000000000000004 11.999999999999998 8.0000000000000053 17 10.000000000000004 6.9999999999999991 21 6.9999999999999991 8.0000000000000018 6.0000000000000027 8.0000000000000018 6.9999999999999991 6.9999999999999982 7 10.999999999999998 4.9999999999999956 8 5.9999999999999982 7 13.000000000000002
leaf_count=112 45 5 7 16 12 8 17 10 7 21 7 8 6 8 7 7 7 11 5 8 6 7 13
internal_value=-0.0055 0.0122222 -0.0161333 -0.00716814 0.00333333 0 0.0163636 -0.00225 -0.00735849 -0.00391304 0.0036 -0.00642857 0.00111111 0.0110526 -0.0134483 -0.00818182 -0.0171429 0.00777778 0.00230769 -0.00333333 -0.0190909 -0.0115385 -0.024
internal_weight=360 135 225 113 90 78 22 80 53 46 25 56 27 19 29 22 14 27 13 18 33 13 20
internal_count=360 135 225 113 90 78 22 80 53 46 25 56 27 19 29 22 14 27 13 18 33 13 20
is_linear=0
shrinkage=0.03


Tree=36
num_leaves=24
num_cat=0
split_feature=6 6 2 5 9 9 9 9 6 5 6 8 6 9 8 8 8 3 9 8 9 6 9
split_gain=72.3334 37.6731 16.281 9.53439 4.39668 3.85881 3.77847 3.68182 3.6176 4.9686 3.54329 5.48571 4.57143 3.36922 3.618 5.69763 3.55263 2.8 2.76555 2.04848 1.86667 1.81818 2.04848
threshold=99.350000000000009 292.15000000000003 19.000000000000004 1.0000000180025095e-35 -0.24999999999999997 2.9500000000000006 -9.6499999999999986 -5.6499999999999995 89.750000000000014 1.0000000180025095e-35 125.05000000000001 -5.5499999999999989 130.65000000000001 -4.4999999999999991 -41.999999999999993 -19.249999999999996 -21.649999999999995 7.5000000000000009 19.500000000000004 -50.399999999999999 16.450000000000006 127.10000000000001 55.300000000000004
decision_type=2 2 2 2 2 2 2 2 2 2 2 2 2 2 2 2 2 2 2 2 2 2 2
left_child=8 2 4 6 -2 10 -4 19 -1 -10 -6 12 -12 -9 17 16 18 20 -16 -8 -15 22 -22
right_child=1 -3 3 -5 5 -7 7 13 9 -11 11 -13 -14 14 15 -17 -18 -19 -20 -21 21 -23 -24
leaf_value=-0.50282714249091776 0.079558561750185955 1.911760556882119 -0.15295219850118513 1.1744839296560659 -0.0096623402624602759 0.11021423012359292 0.2820978828161636 -0.034844439606985134 -0.12601880657459488 0.46180545774526532 0.016919599146337845 0.08989565526383117 -0.012618629921414026 0.081011822851170048 -2.8741426009730728e-05 -0.0016724832743682328 0.014118909353775137 -0.060842955165900318 0.0028142255359411192 -0.0033650631795416074 -0.14499674673934101 -0.13512926240661485 0.49810769533375321
leaf_weight=97 29 43 12.999999999999998 10.999999999999998 9.0000000000000018 7.9999999999999991 6 11.999999999999998 25.000000000000004 5.9999999999999991 7.0000000000000018 5.9999999999999991 7 4.9999999999999991 10.999999999999998 22.000000000000014 4.9999999999999991 8.9999999999999982 7.9999999999999991 4.9999999999999982 5.9999999999999982 4.9999999999999991 5
leaf_count=97 29 43 13 11 9 8 6 12 25 6 7 6 7 5 11 22 5 9 8 5 6 5 5
internal_value=-0.00533333 0.00465517 -0.00111111 -0.00756098 0.0109091 0.00405405 -0.0101786 -0.00818182 -0.0234375 -0.0145161 -0.00103448 0.006 -0.00428571 -0.0102273 -0.00789474 -0.0026087 0.0075 -0.016 0.00157895 0.00818182 -0.01 -0.015 -0.00818182
internal_weight=360 232 189 123 66 37 112 99 128 31 29 20 14 88 76 46 24 30 19 11 21 16 11
internal_count=360 232 189 123 66 37 112 99 128 31 29 20 14 88 76 46 24 30 19 11 21 16 11
is_linear=0
shrinkage=0.03


Tree=37
num_leaves=24
num_cat=0
split_feature=1 6 2 9 6 8 6 3 8 4 4 2 2 2 9 2 6 6 8 9 2 9 6
split_gain=72.0143 38.5104 14.9051 4.39141 4.01461 5.05232 3.90533 7.38626 3.82011 2.72222 4.01111 2.70614 5.12418 4.68034 4.30936 2.84444 2.56 4.26667 2.41491 3.1526 2.38095 2.57143 2.22816
threshold=217.50000000000003 92.050000000000011 19.000000000000004 -9.6499999999999986 124.65000000000002 -5.5499999999999989 129.75000000000003 4.5000000000000009 -6.6499999999999995 1.5000000000000002 4.5000000000000009 60.250000000000007 34.800000000000004 24.800000000000001 40.95000000000001 139.05000000000004 130.65000000000001 132.50000000000003 -10.099999999999998 -0.44999999999999996 6.5500000000000007 0.65000000000000002 130.65000000000001
decision_type=2 2 2 2 2 2 2 2 2 2 2 2 2 2 2 2 2 2 2 2 2 2 2
left_child=1 -1 4 -4 8 18 11 9 -3 -8 -11 12 13 -5 15 -13 -9 -18 -6 -20 21 -10 -21
right_child=-2 2 3 6 5 -7 7 16 20 10 -12 14 -14 -15 -16 -17 17 -19 19 22 -22 -23 -24
leaf_value=-0.46367433704499872 1.8604081063865929 0.084452330357587896 -0.14836363254614965 -0.0061615233182509138 0.057719249399302439 0.10492668979252229 -0.0029555209954835958 0.012958951529322745 0.28982965625653517 0.003805629317081127 -0.0051324234011548243 0.006840302250728598 -0.028208511449758049 0.0034650627763606677 -0.084126501272816789 -0.036547977555143094 -0.00033157124679675573 0.19802926500867926 0.066274514179767582 0.0082927712660818987 -0.0084454848686050348 -0.37132695775335434 -0.012393907763296852
leaf_weight=116 45 6.0000000000000027 12.999999999999998 13.000000000000002 7.0000000000000027 17 6.0000000000000027 5.0000000000000027 7.0000000000000018 10.000000000000002 7.9999999999999991 9.0000000000000018 15.999999999999998 4.9999999999999991 13.999999999999998 5.9999999999999991 5.0000000000000027 14.999999999999998 6.0000000000000062 10.999999999999998 6.9999999999999991 7 5.9999999999999991
leaf_count=116 45 6 13 13 7 17 6 5 7 10 8 9 16 5 14 6 5 15 6 11 7 7 6
internal_value=-0.0055 -0.0105714 -0.00256281 -0.00888 0.00810811 0.0134043 -0.00696429 -0.000612245 -0.00111111 -0.0125 -0.00666667 -0.0119048 -0.0176471 -0.00666667 -0.00517241 0.006 0.0108 0.006 0.006 0.00130435 -0.00714286 0 -0.00529412
internal_weight=360 315 199 125 74 47 112 49 27 24 18 63 34 18 29 15 25 20 30 23 21 14 17
internal_count=360 315 199 125 74 47 112 49 27 24 18 63 34 18 29 15 25 20 30 23 21 14 17
is_linear=0
shrinkage=0.03


Tree=38
num_leaves=24
num_cat=0
split_feature=1 0 1 0 9 2 9 9 4 6 9 6 2 2 2 9 3 2 2 4 6 9 2
split_gain=69.8141 24.9037 19.923 7.51111 6.21113 5.2 4.83399 4.3967 3.86862 3.42473 3.40608 3.12143 6.09567 2.76566 2.12166 4.86111 2.07879 1.98194 1.63333 2.5 2.13333 1.60952 1.6
threshold=127.50000000000001 6.5000000000000009 82.500000000000014 3.5000000000000004 -3.4499999999999997 16.650000000000002 -0.24999999999999997 -1.9499999999999997 1.0000000180025095e-35 138.75000000000003 35.350000000000009 89.750000000000014 5.1500000000000012 12.850000000000001 67.350000000000009 -9.6499999999999986 1.0000000180025095e-35 88.600000000000009 21.850000000000005 4.5000000000000009 125.45000000000002 2.2500000000000004 2.1000000000000005
decision_type=2 2 2 2 2 2 2 2 2 2 2 2 2 2 2 2 2 2 2 2 2 2 2
left_child=2 3 -1 -2 14 -3 18 -5 -8 -7 -9 -10 -13 21 -4 -16 -15 -11 19 20 22 -14 -6
right_child=1 5 4 7 6 9 8 10 11 17 -12 12 13 16 15 -17 -18 -19 -20 -21 -22 -23 -24
leaf_value=-0.49783207521665701 1.8045958631949954 0.065676351733566632 -0.017711812397353695 -0.019347526844713768 0.20430235450336695 0.10874811182448241 0.031525840701065559 0.056542157225937757 0.00016776456605782641 -0.0025582650769473501 -0.0088322761639410882 -0.12454238563411585 -0.0013391021256134649 0.033165866461797436 -0.18953235351745093 0.0018059492196501024 -0.046142269835869026 -0.034679219592184153 0.0022070832834099716 -0.008192120322546969 -0.00065361460710732899 0.65470772165540525 0.36693033894983695
leaf_weight=90 45 5.9999999999999991 17 7.9999999999999991 5.0000000000000018 7.9999999999999991 6.9999999999999991 32 5.9999999999999991 25.000000000000004 4.9999999999999991 13.999999999999998 6.9999999999999982 4.9999999999999991 6.9999999999999991 8.9999999999999982 28 5.9999999999999991 5.9999999999999991 9 5.0000000000000009 5 5
leaf_count=90 45 6 17 8 5 8 7 32 6 25 5 14 7 5 7 9 28 6 6 9 5 5 5
internal_value=-0.00483333 0.0122222 -0.0150667 0.0213333 -0.00777778 -0.006 -0.00411765 0.0126667 -0.00833333 -0.01 0.017027 -0.0106154 -0.0127119 -0.00733333 -0.0190909 -0.01125 -0.0118182 -0.0145161 0.006 0.0025 0.01 0.005 0.018
internal_weight=360 135 225 90 135 45 102 45 72 39 37 65 59 45 33 16 33 31 30 24 15 12 10
internal_count=360 135 225 90 135 45 102 45 72 39 37 65 59 45 33 16 33 31 30 24 15 12 10
is_linear=0
shrinkage=0.03


Tree=39
num_leaves=24
num_cat=0
split_feature=1 6 5 2 6 2 6 8 2 2 4 2 8 9 6 6 9 6 4 9 9 6 8
split_gain=70.6683 35.0377 10.4222 11.5324 12.1576 5.65195 5.27946 5.17882 6.06316 3.58534 4.43161 3.88255 3 2.11722 2.0284 2.6069 2.8 1.96923 1.85185 1.6 1.50769 3.04133 2.68908
threshold=217.50000000000003 89.450000000000017 1.0000000180025095e-35 34.800000000000004 123.65000000000002 6.5500000000000007 90.350000000000009 -19.249999999999996 19.000000000000004 51.45000000000001 1.0000000180025095e-35 112.30000000000001 -2.5499999999999994 -4.2499999999999991 138.75000000000003 126.65000000000002 -4.8999999999999995 130.50000000000003 2.5000000000000004 -1.0000000180025095e-35 2.9500000000000006 124.95000000000002 -6.6499999999999995
decision_type=2 2 2 2 2 2 2 2 2 2 2 2 2 2 2 2 2 2 2 2 2 2 2
left_child=1 -1 3 4 6 -6 -3 17 20 -5 -11 13 -4 -12 15 19 -17 -7 -8 -13 21 -9 -23
right_child=-2 2 12 9 5 7 18 8 -10 10 11 14 -14 -15 -16 16 -18 -19 -20 -21 -22 22 -24
leaf_value=-0.46616117883139591 1.7504579872991453 0.0061627545172596851 0.94403581970745876 -0.0085673078790227918 0.10652152069795832 0.0059055778989546325 -0.095020441656833723 -0.0079463567128705385 -0.0014691427785123777 -0.18384638291192743 0.17778399473627429 -0.098385439655781601 0.084733328710246386 -0.050568593828019315 -0.042102653562966448 0.18882594370368422 -0.0091934396322204751 0.00025880169594870493 -0.12152458717347535 -0.075829758763175187 0.10655743490466299 -0.0027160866005364426 0.044759908943689482
leaf_weight=94 45 5.9999999999999991 16.000000000000004 23 7.9999999999999991 7.9999999999999982 9.0000000000000018 4.9999999999999991 19 8.9999999999999982 6 5.9999999999999956 7.9999999999999991 6.9999999999999982 4.9999999999999991 4.9999999999999991 8.9999999999999982 5 18 9.0000000000000053 5.9999999999999991 19.999999999999993 14.000000000000005
leaf_count=94 45 6 16 23 8 8 9 5 19 9 6 6 8 7 5 5 9 5 18 9 6 20 14
internal_value=-0.00516667 -0.0101905 -0.00366516 -0.00593909 0 0.006 -0.0154545 0.00350649 0 -0.0148101 -0.0107143 -0.00702128 0.015 0.00692308 -0.0123529 -0.00931034 0 0.0207692 -0.0211111 -0.018 0.006 0.00384615 0.00705882
internal_weight=360 315 221 197 118 85 33 77 64 79 56 47 24 13 34 29 14 13 27 15 45 39 34
internal_count=360 315 221 197 118 85 33 77 64 79 56 47 24 13 34 29 14 13 27 15 45 39 34
is_linear=0
shrinkage=0.03


Tree=40
num_leaves=24
num_cat=0
split_feature=1 1 2 8 5 5 2 7 9 3 4 4 2 2 3 2 2 7 7 8 7 7 7
split_gain=72.0143 33.3257 11.8893 8.67264 8.2735 5.61462 4.21978 2.85714 5.14286 2.85668 2.45534 2.38095 2.25209 3.76861 3.81349 3.25839 6.13078 2.38816 2.80093 2.21538 3.6 3.2 2.8
threshold=217.50000000000003 82.500000000000014 21.050000000000001 -3.9499999999999997 1.0000000180025095e-35 1.0000000180025095e-35 67.350000000000009 89.750000000000014 -0.24999999999999997 22.500000000000004 1.0000000180025095e-35 4.5000000000000009 21.850000000000005 36.750000000000007 19.500000000000004 51.45000000000001 76.050000000000026 125.35000000000001 138.75000000000003 -5.5499999999999989 142.05000000000004 126.45000000000002 138.05000000000004
decision_type=2 2 2 2 2 2 2 2 2 2 2 2 2 2 2 2 2 2 2 2 2 2 2
left_child=1 -1 3 19 9 7 -6 -5 11 10 -4 -9 -12 14 -14 -15 -17 -18 -19 20 22 -21 -3
right_child=-2 2 4 5 6 -7 -8 8 -10 -11 12 -13 13 15 -16 16 17 18 -20 21 -22 -23 -24
leaf_value=-0.46891227759521509 1.6979442476801709 0.012006755718962977 -0.063238994992783681 0.0021477500994868137 -0.046201705038056956 0.35368741054392583 1.4174450703365156 0.12733753382899948 -0.13351094335489094 -0.049051536013178777 -0.017136383742077613 -0.0017382846945362472 -0.00039117234791916642 -0.0075455922134597129 0.0060046791038918454 0.1779547769358156 -0.063507989882961122 -0.014773335793120167 -0.040839573956077117 0.034843127528675022 -0.0054416470890629393 0.10658842428661401 0.071870481651968979
leaf_weight=90 45 35 11.999999999999998 6.9999999999999991 6.9999999999999982 7.9999999999999991 6 5.9999999999999991 14 8.9999999999999982 4.9999999999999991 8 6.9999999999999991 18 8.9999999999999982 5.9999999999999991 5.9999999999999991 27 4.9999999999999991 10.000000000000002 4.9999999999999991 9.9999999999999982 4.9999999999999991
leaf_count=90 45 35 12 7 7 8 6 6 14 9 5 8 7 18 9 6 6 27 5 10 5 10 5
internal_value=-0.0055 -0.0105714 -0.0044 0.00277778 -0.0110256 -0.00767442 0.0115385 -0.0128571 -0.0171429 -0.0138462 -0.0123158 -0.00428571 -0.0104819 -0.00923077 0.00375 -0.0125806 -0.00818182 -0.0126316 -0.009375 0.00969231 0.006 0.018 0.009
internal_weight=360 315 225 108 117 43 13 35 28 104 95 14 83 78 16 62 44 38 32 65 45 20 40
internal_count=360 315 225 108 117 43 13 35 28 104 95 14 83 78 16 62 44 38 32 65 45 20 40
is_linear=0
shrinkage=0.03


Tree=41
num_leaves=24
num_cat=0
split_feature=1 1 2 5 6 5 3 6 8 2 3 8 9 2 2 8 6 9 2 9 9 9 8
split_gain=71.3397 34.1537 11.0415 11.3611 9.25742 5.67814 4.49816 4.43932 4.22459 4.18576 3.4818 3.15593 4.17027 3 2.73131 2.68034 2.68531 2.4381 2.41699 3.84127 5.92641 2.45455 5.25455
threshold=217.50000000000003 82.500000000000014 34.800000000000004 1.0000000180025095e-35 99.350000000000009 1.0000000180025095e-35 19.500000000000004 90.350000000000009 -3.5499999999999994 6.5500000000000007 4.5000000000000009 -22.699999999999999 -2.1499999999999999 67.350000000000009 8.4500000000000011 -5.5499999999999989 142.05000000000004 1.0000000180025095e-35 60.250000000000007 -9.6499999999999986 -6.0999999999999988 -1.0000000180025095e-35 -101.89999999999999
decision_type=2 2 2 2 2 2 2 2 2 2 2 2 2 2 2 2 2 2 2 2 2 2 2
left_child=1 -1 4 6 5 7 10 -3 9 -6 18 -11 -13 -5 -14 16 -16 -9 -4 -20 -21 -22 -23
right_child=-2 2 3 13 8 -7 -8 17 -10 11 -12 12 14 -15 15 -17 -18 -19 19 20 21 22 -24
leaf_value=-0.45484490926735888 1.647005920249766 0.00099836704353805316 -0.012412550417590325 0.16106757909612582 0.10012822234842091 0.485904076376178 -0.047579989932783347 -0.018651278927963089 -0.00054122091804401854 0.005824538730774975 0.13054490277078998 -0.0060821835844547673 -0.005147855141990192 1.3749217182264197 0.030380993796531183 0.11498623259719166 -0.0037762955525010963 -0.14130632195774837 -0.14289338096747969 0.34239707667184105 -0.032710737077060938 -0.11221254485903259 0.077165113820021808
leaf_weight=90 45 10.000000000000002 14.999999999999998 5.9999999999999982 7.9999999999999991 4.9999999999999991 17 5.0000000000000027 22 4.9999999999999991 10.999999999999998 7.9999999999999991 9.9999999999999982 6 32.999999999999993 6.0000000000000062 5.9999999999999991 15.999999999999998 7.999999999999992 5.9999999999999956 5.9999999999999991 11 5.0000000000000187
leaf_count=90 45 10 15 6 8 5 17 5 22 5 11 8 10 6 33 6 6 16 8 6 6 11 5
internal_value=-0.00533333 -0.010381 -0.00413333 -0.0121978 0.00134328 -0.0116667 -0.0163291 -0.0164516 0.00612245 0.00947368 -0.0125806 0.00705882 0.0052381 0.015 0.00818182 0.0113333 0.00846154 -0.0242857 -0.0158824 -0.0116667 -0.00642857 -0.0136364 -0.0075
internal_weight=360 315 225 91 134 36 79 31 98 76 62 68 63 12 55 45 39 21 51 36 28 22 16
internal_count=360 315 225 91 134 36 79 31 98 76 62 68 63 12 55 45 39 21 51 36 28 22 16
is_linear=0
shrinkage=0.03


Tree=42
num_leaves=24
num_cat=0
split_feature=6 0 1 0 9 9 2 2 2 9 6 6 2 6 5 2 6 2 2 2 6 4 9
split_gain=68.8026 24.4826 20.1618 8.15911 8.03425 5.09259 5.06521 4.16667 4.32352 6.34442 4 3.53611 3.45622 3.6 2.96677 9.21905 4.29206 1.95442 2.8 2.37363 1.88571 1.6 1.56863
threshold=127.7 4.5000000000000009 82.500000000000014 2.5000000000000004 -3.4499999999999997 -0.24999999999999997 16.650000000000002 4.5500000000000007 15.000000000000002 0.65000000000000002 90.350000000000009 138.75000000000003 23.650000000000002 142.05000000000004 1.0000000180025095e-35 49.350000000000001 130.65000000000001 9.3000000000000025 6.5500000000000007 19.900000000000002 140.75000000000003 3.5000000000000004 1.7500000000000002
decision_type=2 2 2 2 2 2 2 2 2 2 2 2 2 2 2 2 2 2 2 2 2 2 2
left_child=2 3 -1 -2 -4 17 -3 10 9 -9 -7 21 13 -13 15 16 -5 18 -6 -19 -14 -8 -11
right_child=1 6 4 14 5 7 11 8 -10 22 -12 12 20 -15 -16 -17 -18 19 -20 -21 -22 -23 -24
leaf_value=-0.44119956198933791 1.5975957426422729 0.058927547087857017 -0.033150991078043646 0.029469563982635377 0.26824414462843177 0.0058834883674512639 0.074850160405420918 -0.0082197478298208886 -0.049647681259799015 0.10989181464548636 -0.12624626714975015 0.049993904538828814 -0.014663789996284605 -0.013536879676178728 1.2238608518690157 -0.060475176104671104 -0.0027902836371936244 0.080777664318921721 -0.0085988241830852984 0.00010778735881828538 -0.004208556201342333 -0.0051080600236898021 0.021881880118131462
leaf_weight=90 45 5.9999999999999991 32 21.000000000000004 9.0000000000000018 6.0000000000000027 4.9999999999999982 6.0000000000000027 31 5.0000000000000027 11.999999999999998 5.0000000000000018 11.000000000000002 5 11.999999999999998 4.9999999999999991 8.9999999999999982 5.9999999999999982 4.9999999999999991 7 9.9999999999999982 5 11.999999999999998
leaf_count=90 45 6 32 21 9 6 5 6 31 5 12 5 11 5 12 5 9 6 5 7 10 5 12
internal_value=-0.00466667 0.0118705 -0.0150679 0.0208696 -0.00755725 -0.00333333 -0.00574468 -0.0075 -0.00333333 0.00652174 -0.02 -0.0095122 -0.0145161 0 0.0121277 0.00771429 0.014 0.00777778 0 0.0161538 -0.0214286 0.006 0.0158824
internal_weight=360 139 221 92 131 99 47 72 54 23 18 41 31 10 47 35 30 27 14 13 21 10 17
internal_count=360 139 221 92 131 99 47 72 54 23 18 41 31 10 47 35 30 27 14 13 21 10 17
is_linear=0
shrinkage=0.03


Tree=43
num_leaves=24
num_cat=0
split_feature=1 6 2 5 8 4 4 6 2 9 6 2 4 2 3 6 6 9 9 2 6 9 4
split_gain=67.3587 37.2958 13.6388 9.61539 3.67593 6.10159 4.74289 4.26044 3.899 3.25378 3.12359 3 2.94983 4.17391 3.47284 2.93478 2.5521 3.08939 2.36753 2.2814 2.02192 1.6 1.49911
threshold=217.50000000000003 92.050000000000011 34.800000000000004 1.0000000180025095e-35 1.0000000180025095e-35 4.5000000000000009 5.5000000000000009 99.350000000000009 6.5500000000000007 -2.9999999999999996 76.750000000000014 67.350000000000009 1.0000000180025095e-35 60.250000000000007 1.5000000000000002 131.10000000000005 77.850000000000009 -1.0000000180025095e-35 1.7500000000000002 8.4500000000000011 142.05000000000004 1.0000000180025095e-35 2.5000000000000004
decision_type=2 2 2 2 2 2 2 2 2 2 2 2 2 2 2 2 2 2 2 2 2 2 2
left_child=1 10 4 12 6 -6 7 -3 -9 -10 -1 -5 -4 15 -15 -14 -12 -18 -19 21 22 -11 -21
right_child=-2 2 3 11 5 -7 -8 8 9 19 16 -13 13 14 -16 -17 17 18 -20 20 -22 -23 -24
leaf_value=-1.6274916038753093 1.5496678703630045 -0.36239078867216123 -0.17443751591384937 0.13862235416410412 0.0056574623705751038 -0.01183274618270957 0.032994698522706402 0.099027830633480668 -0.0037101622112896849 0.017383411687483915 -0.15946355224147424 1.2969582411235565 -0.01985792774774154 0.0033722528082424218 -0.044663159797005816 -0.0036852698434537957 -0.019705540199949353 -0.34996373534694297 -0.053542416481132941 0.0092477541421243353 -0.0017547981717510196 -0.011820472522572061 0.030324284176951294
leaf_weight=47 45 7.9999999999999991 8.9999999999999982 5.9999999999999982 4.9999999999999991 8.9999999999999982 7.9999999999999991 10.999999999999998 4.999999999999992 5.0000000000000053 5.9999999999999991 6 15.000000000000002 10.999999999999998 35 7.9999999999999991 5.9999999999999991 49 7.9999999999999991 17 8.9999999999999982 5 27
leaf_count=47 45 8 9 6 5 9 8 11 5 5 6 6 15 11 35 8 6 49 8 17 9 5 27
internal_value=-0.00433333 -0.0092381 -0.00135678 -0.01 0.00577982 -0.00857143 0.00789474 0.00586207 0.00797468 0.00529412 -0.0227586 0.015 -0.0138462 -0.0117391 -0.00652174 -0.0221739 -0.0186957 -0.0204762 -0.0226316 0.00714286 0.00962264 -0.006 0.0122727
internal_weight=360 315 199 90 109 14 95 87 79 68 116 12 78 69 46 23 69 63 57 63 53 10 44
internal_count=360 315 199 90 109 14 95 87 79 68 116 12 78 69 46 23 69 63 57 63 53 10 44
is_linear=0
shrinkage=0.03


Tree=44
num_leaves=24
num_cat=0
split_feature=1 1 9 1 8 6 4 6 5 2 6 2 4 9 9 0 8 2 2 2 6 0 3
split_gain=67.3587 36.2679 10.3869 7.39891 5.82218 5.46863 5.10699 5.04553 4.51992 6.84444 6.17143 3.92157 7.05882 5.04202 3.52941 3.08571 2.77692 1.97425 2.75822 1.90476 3.33333 3.6 1.66407
threshold=217.50000000000003 82.500000000000014 -3.7499999999999996 127.50000000000001 -5.5499999999999989 89.750000000000014 1.0000000180025095e-35 94.90000000000002 1.0000000180025095e-35 49.350000000000001 130.65000000000001 53.150000000000013 1.5000000000000002 -9.6499999999999986 -6.0999999999999988 3.5000000000000004 -7.1499999999999995 16.050000000000004 8.2000000000000011 26.400000000000002 142.05000000000004 6.5000000000000009 17.500000000000004
decision_type=2 2 2 2 2 2 2 2 2 2 2 2 2 2 2 2 2 2 2 2 2 2 2
left_child=1 -1 11 5 8 -4 16 -8 9 10 -5 -3 -13 -14 -15 -16 -7 18 -9 20 21 -12 -19
right_child=-2 2 3 4 -6 6 7 17 -10 -11 19 12 13 14 15 -17 -18 22 -20 -21 -22 -23 -24
leaf_value=-0.4174646630692494 1.503177834252114 -0.03018202671917777 0.01020587288865272 0.017341273729545605 0.093269453839484831 -0.006986672964636966 -0.08430787038984093 -0.0076901662821506275 1.390575958805421 -0.041750925326719535 -0.01146585834689489 -0.078616178475936563 -0.14252061874575331 0.33438111172118767 -0.047775591796231254 0.12572294566941394 0.2348965866774109 -0.00093461212339313699 0.016861909336859212 0.00047193514931933575 -0.013078129340740929 0.047584358877355439 -0.011477763797228419
leaf_weight=90 45 17 6.9999999999999991 13.999999999999998 13.999999999999998 5 21 10.000000000000002 8.9999999999999982 8.9999999999999982 5.0000000000000018 9.9999999999999982 6.9999999999999991 5.0000000000000027 5.0000000000000018 7 7.9999999999999982 24 21 5.9999999999999991 4.9999999999999991 5 10.999999999999998
leaf_count=90 45 17 7 14 14 5 21 10 9 9 5 10 7 5 5 7 8 24 21 6 5 5 11
internal_value=-0.00433333 -0.0092381 -0.0028 0.000689655 0.00850746 -0.00420561 -0.006 -0.00862069 0.00396226 0 0.006 -0.0147059 -0.00882353 0 0.00882353 0 0.0115385 -0.00454545 0.000967742 -0.00428571 -0.01 0 -0.00942857
internal_weight=360 315 225 174 67 107 100 87 53 44 35 51 34 24 17 12 13 66 31 21 15 10 35
internal_count=360 315 225 174 67 107 100 87 53 44 35 51 34 24 17 12 13 66 31 21 15 10 35
is_linear=0
shrinkage=0.03


Tree=45
num_leaves=24
num_cat=0
split_feature=6 6 2 6 6 5 8 4 5 2 3 2 9 2 9 8 2 4 2 8 2 6 0
split_gain=67.1926 32.4122 15.3926 6.12177 5.77265 7.82656 7.17037 5.53846 4.30769 4.80769 3.32159 3.29465 2.97249 2.422 1.76605 5.94777 2.80702 2.29904 2.72727 1.93569 3.81203 2.43609 2.14286
threshold=150.00000000000003 86.500000000000014 21.050000000000001 124.25000000000001 89.750000000000014 1.0000000180025095e-35 -6.6499999999999995 1.0000000180025095e-35 1.0000000180025095e-35 69.350000000000009 22.500000000000004 6.5500000000000007 -0.24999999999999997 21.850000000000005 13.700000000000001 -38.649999999999991 60.250000000000007 3.5000000000000004 165.15000000000001 -50.399999999999999 139.90000000000001 126.65000000000002 6.5000000000000009
decision_type=2 2 2 2 2 2 2 2 2 2 2 2 2 2 2 2 2 2 2 2 2 2 2
left_child=1 -1 3 4 -3 6 -6 -4 10 -10 13 -5 -8 -9 19 16 -16 -18 -19 20 -15 -21 -22
right_child=-2 2 7 11 5 -7 12 8 9 -11 -12 -13 -14 14 15 -17 17 18 -20 21 22 -23 -24
leaf_value=-0.40494072317717184 1.455082316119082 0.0098996967019932929 -0.074513564683839767 0.093258912099291533 0.068528979282651781 0.3347997000097524 -0.0040912759551923724 -0.01435108268287621 -0.040834155877901561 1.5304860909540823 -0.036127749003390545 0.015359998634992706 -0.084454866068717813 0.16875097501335559 -0.0029940003028907825 0.008660116639027108 0.037691644559561081 0.00046836395921474151 -0.20915593152312281 -0.015722171859994489 -0.11950270458779172 -0.0032723279029795546 -0.0086083629401130669
leaf_weight=90 46 6.9999999999999991 12.999999999999998 6.9999999999999991 4.9999999999999956 8.9999999999999982 6.9999999999999991 4.9999999999999991 7.9999999999999982 5 7.9999999999999991 52 20.000000000000007 6.9999999999999956 5.0000000000000062 6.9999999999999991 8.0000000000000018 5.9999999999999982 5 9.0000000000000089 4.9999999999999982 19 7
leaf_count=90 46 7 13 7 5 9 7 5 8 5 8 52 20 7 5 7 8 6 5 9 5 19 7
internal_value=-0.00516667 -0.0101274 -0.00401786 0.00420561 -0.00375 -0.00804878 -0.015 -0.0115385 -0.00923077 0.00692308 -0.0115385 0.010678 -0.0211111 -0.00975904 -0.00846154 -0.00290323 -0.01 -0.00473684 -0.0136364 -0.0121277 -0.00473684 -0.0171429 -0.015
internal_weight=360 314 224 107 48 41 32 117 104 13 91 59 27 83 78 31 24 19 11 47 19 28 12
internal_count=360 314 224 107 48 41 32 117 104 13 91 59 27 83 78 31 24 19 11 47 19 28 12
is_linear=0
shrinkage=0.03


Tree=46
num_leaves=24
num_cat=0
split_feature=1 1 2 5 2 8 7 9 8 7 7 9 9 9 8 2 3 8 9 7 9 7 8
split_gain=67.3587 36.2679 16.1112 4.94017 4.80769 4.64406 5.1399 6.71746 3.46154 3.6 2.8 2.65934 3.55642 4.54321 2.60328 4.08293 3.01075 2.13333 1.86667 1.81818 2.04848 1.8 1.64835
threshold=217.50000000000003 82.500000000000014 21.050000000000001 1.0000000180025095e-35 69.350000000000009 -3.9499999999999997 89.750000000000014 1.0000000180025095e-35 -5.5499999999999989 142.05000000000004 138.05000000000004 -9.6499999999999986 -5.6499999999999995 -4.4999999999999991 -39.849999999999994 21.850000000000005 7.5000000000000009 -3.1499999999999999 16.450000000000006 127.10000000000001 55.300000000000004 126.45000000000002 -0.94999999999999984
decision_type=2 2 2 2 2 2 2 2 2 2 2 2 2 2 2 2 2 2 2 2 2 2 2
left_child=1 -1 5 11 -5 8 -7 22 9 10 -3 -4 -13 -14 16 -16 18 -9 -15 20 -20 -10 -8
right_child=-2 2 3 4 -6 6 7 17 21 -11 -12 12 13 14 15 -17 -18 -19 19 -21 -22 -23 -24
leaf_value=-0.39279250148185652 1.4144300297409784 0.0079602696177744296 -0.1379867492951776 -0.039609131201564902 1.4845715082254602 0.0096027058009335066 0.0085763468531185084 -0.06457612827909244 0.02883064274141077 -0.0069487473561264321 0.064237051725199876 0.14294897697524475 -0.028713144631415232 0.074066328810182824 -0.013920550202389846 -3.841260145975411e-05 -0.045792486464038828 -0.1110262210084963 -0.13349441827608693 -0.12279638991216259 0.4901809134250743 0.090936152070915599 -0.00076778086169667855
leaf_weight=90 45 35 12.999999999999998 7.9999999999999982 5 6.9999999999999991 7.9999999999999991 4.9999999999999991 10.000000000000002 4.9999999999999991 4.9999999999999991 9.9999999999999982 11.999999999999998 4.9999999999999991 5.0000000000000062 33 9.9999999999999982 9.9999999999999982 5.9999999999999982 4.9999999999999991 5 9.9999999999999982 13.000000000000002
leaf_count=90 45 35 13 8 5 7 8 5 10 5 5 10 12 5 5 33 10 10 6 5 5 10 13
internal_value=-0.00433333 -0.0092381 -0.0028 -0.0105128 0.00692308 0.00555556 -0.00209302 -0.00666667 0.0106154 0.006 0.009 -0.0126923 -0.0108791 -0.012963 -0.01 -0.00473684 -0.0164516 -0.022 -0.01 -0.015 -0.00818182 0.021 0.00428571
internal_weight=360 315 225 117 13 108 43 36 65 45 40 104 91 81 69 38 31 15 21 16 11 20 21
internal_count=360 315 225 117 13 108 43 36 65 45 40 104 91 81 69 38 31 15 21 16 11 20 21
is_linear=0
shrinkage=0.03


Tree=47
num_leaves=24
num_cat=0
split_feature=1 1 9 1 6 6 9 5 2 5 2 6 8 8 2 2 6 8 9 2 2 6 2
split_gain=64.7683 39.7829 12.3314 5.01842 6.03827 4.23209 5.12169 5.48571 4.07659 3.97147 3.92157 4.20168 3.80952 6.10159 3.32218 3.06884 3.04762 2.90909 2.85 2.24359 2.05714 2.04848 1.87546
threshold=217.50000000000003 82.500000000000014 -3.7499999999999996 127.50000000000001 90.350000000000009 99.350000000000009 1.0000000180025095e-35 1.0000000180025095e-35 13.450000000000001 1.0000000180025095e-35 53.150000000000013 126.85000000000001 -40.749999999999993 -95.549999999999983 49.350000000000001 34.800000000000004 130.65000000000001 -6.1999999999999984 2.2500000000000004 113.75000000000001 88.600000000000009 130.65000000000001 165.15000000000001
decision_type=2 2 2 2 2 2 2 2 2 2 2 2 2 2 2 2 2 2 2 2 2 2 2
left_child=1 -1 10 4 -4 6 -6 -8 17 14 -3 20 13 -13 16 18 -10 21 -7 -17 -12 -5 -21
right_child=-2 2 3 8 5 15 7 -9 9 -11 11 12 -14 -15 -16 19 -18 -19 -20 22 -22 -23 -24
leaf_value=-0.38100872643740102 1.3719971288487494 -0.027331339108558693 0.0093146246269056113 0.037184970978773178 0.097388717361362967 -5.2778072764212423e-05 -0.12264170838486123 0.45842779425782137 0.0077214615292413667 1.1258804871503019 -0.071626812140106744 0.15982562759001837 0.1604801902800746 -0.02728242461040736 -0.038866372084792995 -0.021635686993540303 -0.00056760550642479749 0.087733060174185196 0.025046336236542927 0.23910741967752619 -0.11177802097130268 -0.011821490644071274 -0.11911249821479757
leaf_weight=90 45 17 10.999999999999998 6.0000000000000018 6.0000000000000027 38 16.000000000000004 4.9999999999999991 7.0000000000000027 7.9999999999999991 4.9999999999999991 4.9999999999999991 6.0000000000000027 8.9999999999999982 8.9999999999999982 8.0000000000000018 21 10.999999999999998 9.9999999999999982 5.9999999999999982 8.9999999999999982 5 7
leaf_count=90 45 17 11 6 6 38 16 5 7 8 5 5 6 9 9 8 21 11 10 6 9 5 7
internal_value=-0.00366667 -0.00847619 -0.00173333 0.00206897 -0.00196262 -0.004375 -0.0144444 -0.0214286 0.00850746 0.00333333 -0.0147059 -0.00882353 0 -0.00857143 -0.000810811 -0.000434783 0.00428571 0.0190909 0.00375 -0.01 -0.0214286 0.00818182 -0.00230769
internal_weight=360 315 225 174 107 96 27 21 67 45 51 34 20 14 37 69 28 22 48 21 14 11 13
internal_count=360 315 225 174 107 96 27 21 67 45 51 34 20 14 37 69 28 22 48 21 14 11 13
is_linear=0
shrinkage=0.03


Tree=48
num_leaves=24
num_cat=0
split_feature=1 1 9 9 0 6 5 2 4 2 2 0 9 5 2 3 9 2 2 2 4 2 4
split_gain=64.7683 39.7829 12.3314 6.28073 5.29437 9.44001 10.2023 4.2 3.6451 4.26667 4.5 2.5 2.47273 1.98367 1.74545 1.66667 1.61964 2.82099 1.57202 1.53398 2.361 3.73333 1.89511
threshold=217.50000000000003 82.500000000000014 -3.7499999999999996 35.350000000000009 2.5000000000000004 90.350000000000009 1.0000000180025095e-35 6.5500000000000007 1.5000000000000002 53.150000000000013 76.050000000000026 4.5000000000000009 1.0000000180025095e-35 1.0000000180025095e-35 2.6500000000000008 21.500000000000004 28.700000000000006 139.05000000000004 8.2000000000000011 16.050000000000004 3.5000000000000004 27.650000000000002 3.5000000000000004
decision_type=2 2 2 2 2 2 2 2 2 2 2 2 2 2 2 2 2 2 2 2 2 2 2
left_child=1 -1 8 4 5 14 12 -6 -3 15 -11 -12 -7 16 -4 -10 17 18 -9 22 21 -21 -20
right_child=-2 2 3 -5 7 6 -8 13 9 10 11 -13 -14 -15 -16 -17 -18 -19 19 20 -22 -23 -24
leaf_value=-0.36957846464427901 1.3308372149832866 -0.069478007775903447 0.011127485810055618 -0.047150107552535583 0.085101068368960003 -0.0019215103179014647 0.32170956736037881 -0.0044207929350998394 -0.020117607413095796 0.31928686918011678 -0.086193838329016892 0.054867116607917481 -0.13010050603816495 0.77795019670739807 0.0085600115468918853 -0.020040285563648865 0.0016403102394065173 -0.070304505137170847 0.0086338681184211907 0.00018022436990293043 -0.00055057734123224115 0.0030878032867102689 0.022227247648750677
leaf_weight=90 45 10.999999999999998 4.9999999999999982 19 6.9999999999999991 5.0000000000000027 9.9999999999999982 7.9999999999999991 9.9999999999999982 6.0000000000000027 8 10 17 6.9999999999999991 6 5.9999999999999991 5.9999999999999991 4.9999999999999991 19 15.000000000000002 23 5.9999999999999991 15.999999999999998
leaf_count=90 45 11 5 19 7 5 10 8 10 6 8 10 17 7 6 6 6 5 19 15 23 6 16
internal_value=-0.00366667 -0.00847619 -0.00173333 0.00206897 0.00406452 -0.00488372 -0.013125 0.0075 -0.0147059 -0.0105 -0.0025 -0.01 -0.0245455 0.006 0.0190909 -0.0225 0.00489796 0.00391304 0.00517241 0.0064557 0.00272727 0.01 0.0111429
internal_weight=360 315 225 174 155 43 32 112 51 40 24 18 22 105 11 16 98 92 87 79 44 21 35
internal_count=360 315 225 174 155 43 32 112 51 40 24 18 22 105 11 16 98 92 87 79 44 21 35
is_linear=0
shrinkage=0.03


Tree=49
num_leaves=24
num_cat=0
split_feature=1 1 9 1 6 6 4 2 9 8 6 9 8 9 9 8 6 8 9 6 6 2 2
split_gain=64.5333 40.56 11.139 5.9136 6.03827 6.30616 4.22745 5.4 5.04202 4.09863 4.0187 3.66667 4.24747 3.52941 3.50303 3.45269 3.08571 2.54066 2.68889 2.13025 3.07451 1.96364 3.6
threshold=82.500000000000014 217.50000000000003 -3.7499999999999996 127.50000000000001 90.350000000000009 99.350000000000009 1.5000000000000002 53.150000000000013 -9.6499999999999986 -39.849999999999994 130.65000000000001 12.300000000000002 -5.5499999999999989 -6.0999999999999988 -1.0000000180025095e-35 -34.599999999999987 132.50000000000003 -22.699999999999999 2.2500000000000004 138.05000000000004 140.75000000000003 4.7000000000000002 21.050000000000001
decision_type=2 2 2 2 2 2 2 2 2 2 2 2 2 2 2 2 2 2 2 2 2 2 2
left_child=-1 2 6 4 -4 14 -2 -8 -9 -7 15 12 19 -10 -6 -5 -15 -11 -19 -12 -21 -16 -23
right_child=1 -3 3 10 5 9 7 8 13 17 11 -13 -14 16 21 -17 -18 18 -20 20 -22 22 -24
leaf_value=-0.35849111070495071 -0.067393667542626476 1.2909120985337879 0.0087783855416915905 -0.0095743036829699681 0.19091326730848224 -0.070330797269347434 -0.019439076996739288 -0.13082652891637181 0.30855789748395607 0.00051917628778880948 -0.011334222136696041 0.26963346664057125 0.02960714699130932 -0.041106556434958176 -0.095984031918147042 0.048305229050012596 0.1533848452640808 -0.00054648871554398683 0.026790882807395205 0.043802462085659216 -0.0056476843080878322 0.43502367340927489 -0.24033953676555739
leaf_weight=90 10.999999999999998 45 10.999999999999998 6.0000000000000027 5.0000000000000027 17 15.999999999999998 6.9999999999999991 5.0000000000000009 6.9999999999999991 6.9999999999999991 10.999999999999998 9.0000000000000018 7.0000000000000036 12.000000000000002 17 5 36 8.9999999999999982 5.0000000000000027 11.999999999999998 4.9999999999999982 5
leaf_count=90 11 45 11 6 5 17 16 7 5 7 7 11 9 7 12 17 5 36 9 5 12 5 5
internal_value=-0.00333333 0.004 -0.0012 0.00241379 -0.00196262 -0.004375 -0.0135294 -0.009 0 0.000434783 0.00940299 0.00409091 -0.000909091 0.00882353 -0.0166667 0.0195652 0 0.00461538 0.002 -0.0075 -0.00176471 -0.0218182 -0.012
internal_weight=360 270 225 174 107 96 51 40 24 69 67 44 33 17 27 23 12 52 45 24 17 22 10
internal_count=360 270 225 174 107 96 51 40 24 69 67 44 33 17 27 23 12 52 45 24 17 22 10
is_linear=0
shrinkage=0.03


Tree=50
num_leaves=24
num_cat=0
split_feature=1 1 9 9 6 0 5 9 9 9 5 8 9 8 6 8 4 8 6 4 8 8 8
split_gain=64.7683 39.7829 7.59024 4.4495 3.67334 7.8254 7.33333 5.56364 3.96373 3.46725 3.5695 3.16116 6.91503 2.90134 4.29206 2.85714 2.33333 2.31111 1.84679 2.83195 6.28205 2.14286 2.57143
threshold=217.50000000000003 82.500000000000014 -4.4999999999999991 30.900000000000002 90.350000000000009 2.5000000000000004 1.0000000180025095e-35 1.0000000180025095e-35 -1.2499999999999998 -0.24999999999999997 1.0000000180025095e-35 -50.399999999999999 -9.6499999999999986 -5.5499999999999989 124.95000000000002 -8.1499999999999968 3.5000000000000004 2.2500000000000004 143.30000000000004 2.5000000000000004 -1.0000000180025095e-35 -4.6999999999999984 -22.699999999999999
decision_type=2 2 2 2 2 2 2 2 2 2 2 2 2 2 2 2 2 2 2 2 2 2 2
left_child=1 -1 11 4 -4 6 7 -6 18 -10 13 12 -3 14 -11 16 -16 -13 19 -7 21 22 -21
right_child=-2 2 3 -5 5 8 -8 -9 9 10 -12 17 -14 -15 15 -17 -18 -19 -20 20 -22 -23 -24
leaf_value=-0.34773637738380231 1.252184735577774 -0.13074989170875653 0.0085150339754409277 -0.036347827270693217 0.0010156559491800009 -0.0041527407210330122 0.30326012390319762 -0.12331796989947562 0.061829581438417165 0.039383746417338869 0.75478112133541886 -0.040327018058490434 0.12809720498183566 0.028718932581570013 0.0074336531606175524 -0.010994195472595152 -0.0034715494057235927 -0.012384791315184173 -0.05760315819232531 0.0016159293121053508 -0.0056618883237040049 0.074032607276892079 -0.00019403335689446521
leaf_weight=90 45 9.0000000000000018 10.999999999999998 23 5.0000000000000027 17 10.999999999999998 17 14.999999999999998 9.9999999999999911 4.9999999999999991 13.000000000000002 7.9999999999999991 7.0000000000000062 15.999999999999995 7.0000000000000062 11.999999999999998 4.9999999999999991 7.9999999999999991 7.0000000000000027 6.0000000000000027 5.9999999999999991 6.9999999999999991
leaf_count=90 45 9 11 23 5 17 11 17 15 10 5 13 8 7 16 7 12 5 8 7 6 6 7
internal_value=-0.00366667 -0.00847619 -0.00173333 0.000631579 0.00233533 0.00115385 -0.0118182 -0.0218182 0.00463415 0.00916667 0.00578947 -0.0145714 -0.00529412 0.00346154 0.000666667 -0.00428571 0 -0.0233333 -0.00176471 0.000697674 0.00692308 0.015 0.00857143
internal_weight=360 315 225 190 167 156 33 22 123 72 57 35 17 52 45 35 28 18 51 43 26 20 14
internal_count=360 315 225 190 167 156 33 22 123 72 57 35 17 52 45 35 28 18 51 43 26 20 14
is_linear=0
shrinkage=0.03


Tree=51
num_leaves=24
num_cat=0
split_feature=1 1 2 6 9 6 4 6 6 5 9 4 4 9 2 9 3 3 5 2 2 6 2
split_gain=64.7683 39.7829 6.27241 4.75082 4.51914 4.39782 5.0173 4.0217 3.78125 4.72269 3.07018 2.81481 2.92308 2.66667 2.4576 2.43218 2.13333 2.09785 2 4.9 1.77778 1.64835 1.6
threshold=217.50000000000003 82.500000000000014 19.000000000000004 126.45000000000002 0.65000000000000002 89.750000000000014 1.0000000180025095e-35 94.90000000000002 127.7 1.0000000180025095e-35 -9.6499999999999986 1.5000000000000002 3.5000000000000004 -1.6499999999999997 21.850000000000005 2.2500000000000004 5.5000000000000009 22.500000000000004 1.0000000180025095e-35 10.350000000000003 10.350000000000003 138.75000000000003 36.750000000000007
decision_type=2 2 2 2 2 2 2 2 2 2 2 2 2 2 2 2 2 2 2 2 2 2 2
left_child=1 -1 3 5 20 -3 -7 -8 10 11 -4 -10 21 16 -12 18 -14 -16 19 -9 -5 -13 -15
right_child=-2 2 8 4 -6 6 7 15 9 -11 14 12 13 22 17 -17 -18 -19 -20 -21 -22 -23 -24
leaf_value=-0.33730428606228841 1.2146191935104409 0.0082595829561776662 -0.14908890802282726 0.068433443662222537 0.01458019524399475 0.057516530907896449 -0.061752875178610084 -0.0082038143641676702 -0.0077127042149370334 1.0664057850525117 -0.010080929923156247 0.0024277526178468631 -0.0020646978260724326 -0.002695287056144764 -0.0044033599629551643 0.087250412667713273 0.0060629991328084998 -0.035257392452572561 0.26129330820249841 0.055924327881385662 0.052487939365312139 -0.0122651792203348 -0.019515206673045214
leaf_weight=90 45 6.9999999999999991 6.9999999999999991 12.000000000000002 17 8.9999999999999982 17 10.000000000000009 15.999999999999998 9.9999999999999982 8.9999999999999982 6.9999999999999982 9.9999999999999947 5.0000000000000036 41 4.9999999999999991 5.0000000000000009 6.9999999999999991 5.9999999999999991 7.9999999999999991 5.9999999999999991 6 5
leaf_count=90 45 7 7 12 17 9 17 10 16 10 9 7 10 5 41 5 5 7 6 8 6 6 5
internal_value=-0.00366667 -0.00847619 -0.00173333 0.00402062 0.0128571 -0.000967742 -0.00381818 -0.00782609 -0.00609375 -0.0009375 -0.01125 -0.00444444 0 -0.006 -0.00894737 -0.00103448 0.002 -0.00625 -0.005 -0.01 0.0233333 0.0115385 -0.018
internal_weight=360 315 225 97 35 62 55 46 128 64 64 54 38 25 57 29 15 48 24 18 18 13 10
internal_count=360 315 225 97 35 62 55 46 128 64 64 54 38 25 57 29 15 48 24 18 18 13 10
is_linear=0
shrinkage=0.03


Tree=52
num_leaves=24
num_cat=0
split_feature=1 1 5 6 0 8 9 9 8 8 4 8 6 3 6 4 8 9 3 8 6 1 8
split_gain=64.1286 40.687 5.82292 6.38683 8.36719 6.00824 5.56364 5.12821 3.37548 3.02482 2.96703 3.98961 4.84848 2.81667 3.72517 2.45987 2.41574 2.40175 2.44976 2.18882 3.53428 2.89286 1.90909
threshold=217.50000000000003 82.500000000000014 1.0000000180025095e-35 90.350000000000009 2.5000000000000004 -34.599999999999987 1.0000000180025095e-35 -2.9999999999999996 -22.699999999999999 -19.999999999999996 5.5000000000000009 -4.5499999999999989 139.60000000000002 21.500000000000004 125.05000000000001 4.5000000000000009 -59.899999999999991 -2.1499999999999999 19.500000000000004 -5.5499999999999989 142.05000000000004 127.50000000000001 -101.89999999999999
decision_type=2 2 2 2 2 2 2 2 2 2 2 2 2 2 2 2 2 2 2 2 2 2 2
left_child=1 -1 3 -3 6 13 -5 10 -9 -10 11 -7 -13 14 -6 19 22 -4 -19 20 -11 -21 -16
right_child=-2 2 17 4 5 7 -8 8 9 15 -12 12 -14 -15 16 -17 -18 18 -20 21 -22 -23 -24
leaf_value=-0.32718515748041965 1.1781806177051279 0.0080117954674925329 -0.05262188041834491 0.0028377725260631337 0.0023329071999457084 -0.01452950700826868 -0.11776584454713301 0.0044061752061638516 -0.0015105700337753091 0.025653896948025192 -0.011024008443360742 -0.0028280990145930929 0.00099330716502038291 -0.040915984970158303 -0.066998337734257798 -0.00026211659974869402 -0.018268179461325359 0.28632352094002667 1.3434733257955274 0.0040920452331683066 -0.0069204222777020158 0.078141003362576386 0.033580101074519107
leaf_weight=90 45 10.999999999999998 5.0000000000000027 5.0000000000000027 4.9999999999999991 10.000000000000004 17 4.9999999999999991 4.9999999999999991 29 4.9999999999999991 6 5 9.9999999999999982 20.999999999999993 18 15.999999999999998 11.000000000000002 7.9999999999999991 6.9999999999999991 4.9999999999999991 8.9999999999999982 12.000000000000005
leaf_count=90 45 11 5 5 5 10 17 5 5 29 5 6 5 10 21 18 16 11 8 7 5 9 12
internal_value=-0.0035 -0.00828571 -0.00146667 -0.00313433 -0.00442105 -0.00214286 -0.0218182 0.00230769 0.00615385 0.00452055 -0.00923077 -0.00428571 0.00818182 -0.009375 -0.00666667 0.00617647 -0.00918367 0.0125 0.0173684 0.0096 0.00529412 0.01875 -0.00454545
internal_weight=360 315 225 201 190 168 22 104 78 73 26 21 11 64 54 68 49 24 19 50 34 16 33
internal_count=360 315 225 201 190 168 22 104 78 73 26 21 11 64 54 68 49 24 19 50 34 16 33
is_linear=0
shrinkage=0.03


Tree=53
num_leaves=24
num_cat=0
split_feature=1 1 2 7 8 7 5 8 9 9 8 4 7 8 3 8 7 4 5 4 9 2 8
split_gain=64.7683 39.7829 7.69348 4.10898 5.96273 4.29231 4.89942 7.45877 4.8 3.901 4.80769 3.59625 5.70029 4.24314 4.28153 3.88235 3.69282 4.89596 4.92807 3.33333 3.73333 3.08571 2.74286
threshold=217.50000000000003 82.500000000000014 19.000000000000004 126.45000000000002 -5.5499999999999989 90.350000000000009 1.0000000180025095e-35 -7.7999999999999998 1.0000000180025095e-35 0.65000000000000002 -8.1499999999999968 1.0000000180025095e-35 127.25000000000001 -22.699999999999999 22.500000000000004 -0.74999999999999989 130.65000000000001 1.5000000000000002 1.0000000180025095e-35 4.5000000000000009 -2.5499999999999994 6.5500000000000007 -31.249999999999996
decision_type=2 2 2 2 2 2 2 2 2 2 2 2 2 2 2 2 2 2 2 2 2 2 2
left_child=1 -1 3 5 9 -3 7 -7 21 -5 -11 15 13 14 22 -4 -14 -18 19 -19 -21 -9 -13
right_child=-2 2 11 4 -6 6 -8 8 -10 10 -12 12 16 -15 -16 -17 17 18 -20 20 -22 -23 -24
leaf_value=-0.31736960275600723 1.1428351991739742 0.0072962672622612244 -0.032108382837963204 0.050143684275912079 0.072534224052104426 0.055021418072218893 0.28961912482677743 0.046660488945943684 -0.053420970915666853 0.025234306881275329 -0.011093911967745384 -0.043375988541901118 0.0029029654231513291 -0.011121857356799722 -0.034902098661972115 -0.00015120826312013945 -0.034886997967047646 0.00096350795006941317 0.99410941172707057 0.00079028360134145712 -0.0055707943510262224 -0.0040113264990395692 0.00075034832172448773
leaf_weight=90 45 9.9999999999999982 11.000000000000002 10.000000000000002 11.999999999999998 10.999999999999998 8.9999999999999982 4.9999999999999982 20 7.9999999999999982 5 29.999999999999996 12.999999999999998 13.999999999999998 5.9999999999999991 5.9999999999999991 4.9999999999999991 15 7.9999999999999991 7.9999999999999991 7.0000000000000009 7 5.0000000000000027
leaf_count=90 45 10 11 10 12 11 9 5 20 8 5 30 13 14 6 6 5 15 8 8 7 7 5
internal_value=-0.00366667 -0.00847619 -0.00173333 0.00463918 0.0128571 0 -0.00346154 -0.00767442 -0.015 0.00391304 -0.00692308 -0.0065625 -0.00459459 -0.0114545 -0.00658537 -0.0194118 0.00214286 -0.00209302 0.00157895 -0.004 -0.014 0 -0.00257143
internal_weight=360 315 225 97 35 62 52 43 32 23 13 128 111 55 41 17 56 43 38 30 15 12 35
internal_count=360 315 225 97 35 62 52 43 32 23 13 128 111 55 41 17 56 43 38 30 15 12 35
is_linear=0
shrinkage=0.03


Tree=54
num_leaves=24
num_cat=0
split_feature=1 1 2 4 6 8 8 2 3 9 2 8 6 2 5 6 3 6 2 0 2 2 2
split_gain=66.5037 39.1852 7.37617 5.05326 5.33382 3.85714 5.14286 5.33333 4.14902 3.71554 8.94403 4.66781 3.23569 3.92727 2.90769 3.07918 4.19355 2.90422 3.49091 3.14593 2.80702 3.89774 3.07302
threshold=82.500000000000014 217.50000000000003 20.350000000000005 1.0000000180025095e-35 127.25000000000001 -21.649999999999995 -31.249999999999996 60.250000000000007 1.5000000000000002 0.55000000000000016 3.9500000000000006 -5.5499999999999989 130.05000000000004 17.300000000000001 1.0000000180025095e-35 130.65000000000001 7.5000000000000009 126.45000000000002 10.350000000000003 4.5000000000000009 11.200000000000001 3.2500000000000004 0.90000000000000013
decision_type=2 2 2 2 2 2 2 2 2 2 2 2 2 2 2 2 2 2 2 2 2 2 2
left_child=-1 2 9 -4 5 6 7 -5 -9 17 -11 12 -12 -14 15 -6 -17 19 -19 20 21 22 -2
right_child=1 -3 3 4 14 -7 -8 8 -10 10 11 -13 13 -15 -16 16 -18 18 -20 -21 -22 -23 -24
leaf_value=-0.30784851467332713 -0.084313139976534751 1.1085501431987546 -0.031145131352824363 -0.043449269015777642 0.0012103182580463568 -0.01889978891836705 0.0004690828170502925 0.14971589348963632 -0.055402803737446077 -0.093932224456144839 0.010932982040092227 0.022899701924361863 -0.013284113362513351 0.024827304516527704 0.96428612937525848 -2.4482226804565241e-05 -0.005403670520495325 0.062983348222775959 0.023495978207412661 -0.0038909867040683821 0.075218696839305599 -0.04887199911702609 0.02547571246317375
leaf_weight=90 5.0000000000000098 45 14.999999999999998 8.9999999999999911 10.999999999999998 11.999999999999998 6.0000000000000062 10.000000000000002 17 10.999999999999998 15.999999999999998 13.000000000000002 5.9999999999999982 5 9.9999999999999982 26.000000000000004 4.9999999999999991 12.000000000000002 9.9999999999999982 6.9999999999999991 4.9999999999999991 4.9999999999999991 8.9999999999999982
leaf_count=90 5 45 15 9 11 12 6 10 17 11 16 13 6 5 10 26 5 12 10 7 5 5 9
internal_value=-0.003 0.00444444 -0.000666667 -0.00570248 -0.00339623 -0.01 -0.00571429 -0.01 -0.00333333 0.00519231 -0.000588235 0.006 -0.00111111 -0.0136364 0.00346154 0 -0.00483871 0.0107547 0.0190909 0.00483871 0.01 0.00473684 0.0128571
internal_weight=360 270 225 121 106 54 42 36 27 104 51 40 27 11 52 42 31 53 22 31 24 19 14
internal_count=360 270 225 121 106 54 42 36 27 104 51 40 27 11 52 42 31 53 22 31 24 19 14
is_linear=0
shrinkage=0.03


Tree=55
num_leaves=24
num_cat=0
split_feature=1 1 2 2 9 6 5 6 8 9 4 8 8 2 2 8 9 9 8 4 9 8 9
split_gain=65.5148 37.8341 5.66522 4.52305 8.41492 4.17391 4.59997 4.30414 3.88154 3.76999 3.55263 3.04173 3.07451 3.01107 3.74804 2.82013 4.12115 3.12911 6.98182 2.56642 5.33333 2.56209 2.38095
threshold=82.500000000000014 217.50000000000003 15.000000000000002 3.9500000000000006 0.55000000000000016 127.7 1.0000000180025095e-35 143.30000000000004 -34.599999999999987 -9.6499999999999986 1.5000000000000002 -19.249999999999996 -10.099999999999998 6.5500000000000007 7.4500000000000011 -21.649999999999995 39.400000000000006 -4.4999999999999991 -50.399999999999999 3.5000000000000004 -1.9499999999999997 -39.849999999999994 -3.4499999999999997
decision_type=2 2 2 2 2 2 2 2 2 2 2 2 2 2 2 2 2 2 2 2 2 2 2
left_child=-1 2 3 4 -2 9 7 8 10 -4 -7 -10 -13 -5 -15 16 17 18 -11 -12 -21 -19 -17
right_child=1 -3 5 13 -6 6 -8 -9 11 15 19 12 -14 14 -16 22 -18 21 -20 20 -22 -23 -24
leaf_value=-0.29861305923312742 0.0088035579057670066 1.0752936389027921 -0.14149115580731389 0.054700420699431901 -0.091114257722460651 -0.033678277912420923 0.60108944813684528 -0.010149527736870424 0.0011720510470463808 0.28861597105636233 0.0027795669127155518 -0.01022975216056551 0.00090731062109583149 -0.010362571207837448 0.013778945499475127 -0.010649777135284637 -0.06202502383384953 -0.00083086943631350608 -0.042359392670963843 0.0053296825637872301 -0.030586753378969503 0.00096618989526291437 -0.0055114991951253954
leaf_weight=90 15.000000000000002 45 6.9999999999999991 14.999999999999998 10.999999999999998 4.9999999999999991 10.999999999999998 7.9999999999999991 8.9999999999999982 5 7.0000000000000027 5.0000000000000009 12.000000000000007 4.9999999999999991 41 7.0000000000000027 12.999999999999998 8 5.9999999999999982 6.0000000000000036 5.9999999999999947 9.0000000000000036 13.999999999999998
leaf_count=90 15 45 7 15 11 5 11 8 9 5 7 5 12 5 41 7 13 8 6 6 6 9 14
internal_value=-0.0025 0.00488889 -0.000133333 0.00586207 -0.00461538 -0.00391304 0.00130435 -0.00206897 0.0012 -0.00913043 -0.0075 0.00923077 0.00176471 0.0103279 0.00652174 -0.00677419 -0.00219512 0.00428571 -0.00818182 -0.00157895 -0.01 0.0123529 -0.0157143
internal_weight=360 270 225 87 26 138 69 58 50 69 24 26 17 61 46 62 41 28 11 19 12 17 21
internal_count=360 270 225 87 26 138 69 58 50 69 24 26 17 61 46 62 41 28 11 19 12 17 21
is_linear=0
shrinkage=0.03


Tree=56
num_leaves=24
num_cat=0
split_feature=1 1 9 0 6 2 4 6 5 2 5 2 3 8 6 2 2 4 2 8 8 9 8
split_gain=65.5148 37.8341 7.45571 4.4167 6.92932 5.99406 5.39968 4.28571 4.083 5.06777 3.80764 3.6 3.42857 3.10037 3.49913 2.8 2.61497 3.66407 2.6069 2.8 2.60526 2.29932 2.04967
threshold=82.500000000000014 217.50000000000003 -4.4999999999999991 2.5000000000000004 89.750000000000014 6.5500000000000007 1.0000000180025095e-35 138.05000000000004 1.0000000180025095e-35 62.20000000000001 1.0000000180025095e-35 8.4500000000000011 1.5000000000000002 -19.249999999999996 130.65000000000001 75.000000000000014 19.000000000000004 4.5000000000000009 139.90000000000001 -147.09999999999999 -34.599999999999987 2.9500000000000006 -62.649999999999999
decision_type=2 2 2 2 2 2 2 2 2 2 2 2 2 2 2 2 2 2 2 2 2 2 2
left_child=22 2 7 4 -4 -5 -6 12 9 13 -8 -12 -2 14 20 -9 21 -18 -11 -20 -7 -15 -1
right_child=1 -3 3 5 6 8 10 15 -10 18 11 -13 -14 16 -16 -17 17 -19 19 -21 -22 -23 -24
leaf_value=-0.93824332378423436 -0.025696320052289251 1.0430348297357082 0.0065241754745315461 0.066827684262875095 0.28948194848102443 0.0011753250385899605 -0.082047852514411795 -0.024407259732554393 0.9173248620498955 -0.061049819992359741 0.26801686345595527 -0.13592940222264702 -0.049869639084476274 0.0038003532006961648 -0.0022750389287131156 0.0017074053431983315 0.00049864488308955398 -0.0030550917415911268 -0.060164273118833905 0.0046178548671021247 0.0011368895156348912 0.082827476758158686 -0.28365464456794981
leaf_weight=4.9999999999999991 7.0000000000000027 45 6.9999999999999991 7.9999999999999991 4.9999999999999991 8.0000000000000036 23 4.9999999999999991 11.999999999999998 15.000000000000002 4.9999999999999982 5 13.999999999999998 42 6.9999999999999991 8.9999999999999982 10.000000000000002 10.999999999999998 8.9999999999999982 4.9999999999999991 11 6.9999999999999991 85
leaf_count=5 7 45 7 8 5 8 23 5 12 15 5 5 14 42 7 9 10 11 9 5 11 7 85
internal_value=-0.0025 0.00488889 -0.000133333 0.00221053 -0.006 0.00475862 -0.0110526 -0.0128571 0.00328467 0.00168 -0.0154545 0 -0.0214286 0.005 0.0138462 0 0.00171429 -0.00714286 -0.00931034 0 0.0205263 0.0055102 -0.0246667
internal_weight=360 270 225 190 45 145 38 35 137 125 33 10 21 96 26 14 70 21 29 14 19 49 90
internal_count=360 270 225 190 45 145 38 35 137 125 33 10 21 96 26 14 70 21 29 14 19 49 90
is_linear=0
shrinkage=0.03


Tree=57
num_leaves=24
num_cat=0
split_feature=1 1 9 6 0 6 9 2 4 5 5 9 3 9 6 3 4 9 4 2 9 9 6
split_gain=68.5037 35.8519 6.42272 6.17143 3.69397 9.13036 7.61869 5.79914 4.84848 4.43478 3.87184 3.95046 3.42857 2.53968 2.1434 5.21661 3.6046 2.98693 2.41307 2.62545 2.04967 1.90476 3.6
threshold=82.500000000000014 217.50000000000003 -4.4999999999999991 138.05000000000004 2.5000000000000004 90.350000000000009 1.0000000180025095e-35 6.5500000000000007 3.5000000000000004 1.0000000180025095e-35 1.0000000180025095e-35 40.95000000000001 1.5000000000000002 55.300000000000004 130.65000000000001 7.5000000000000009 5.5000000000000009 19.500000000000004 5.5000000000000009 49.350000000000001 53.050000000000004 1.8500000000000003 140.75000000000003
decision_type=2 2 2 2 2 2 2 2 2 2 2 2 2 2 2 2 2 2 2 2 2 2 2
left_child=20 2 3 12 5 -4 8 -6 -7 -8 11 14 -2 -13 17 16 21 18 19 -9 -1 -16 -23
right_child=1 -3 4 -5 7 6 9 10 -10 -11 -12 13 -14 -15 15 -17 -18 -19 -20 -21 -22 22 -24
leaf_value=-0.28714505100727861 -0.024925430450720539 1.0117437848436366 0.0063284502102953864 0.0008471032887123897 0.06482285373498882 0.27186166706722786 -0.10461741004245852 0.00096274845568906637 -0.10681939882233842 0.1686121947966005 0.88980511618839864 -0.095531053996653403 -0.048373549911941961 -0.026570798743121314 0.0098655033622858917 -0.015935987676443802 -0.046720524975600024 0.002660920154176267 0.0044793192210889283 -0.062363973441900096 -0.11973368444719597 0.041833426971680576 -0.0033843930668822964
leaf_weight=85 7.0000000000000027 45 10.999999999999998 13.999999999999998 7.9999999999999991 4.9999999999999982 17.000000000000004 50 6 5.9999999999999991 11.999999999999998 4.9999999999999991 13.999999999999998 8.9999999999999982 14.000000000000005 10.999999999999998 4.9999999999999991 8.9999999999999982 6.9999999999999991 4.9999999999999991 4.9999999999999991 4.9999999999999982 5
leaf_count=85 7 45 11 14 8 5 17 50 6 6 12 5 14 9 14 11 5 9 7 5 5 5 5
internal_value=-0.002 0.00555556 0.000666667 -0.0111429 0.00284211 -0.00466667 -0.0123529 0.00517241 0.00818182 -0.0221739 0.00372263 0.00216 -0.0214286 -0.0128571 0.00405405 -0.0015 0.00517241 0.0071831 0.00483871 0.00272727 -0.0246667 0.01 0
internal_weight=360 270 225 35 190 45 34 145 11 23 137 125 21 14 111 40 29 71 62 55 90 24 10
internal_count=360 270 225 35 190 45 34 145 11 23 137 125 21 14 111 40 29 71 62 55 90 24 10
is_linear=0
shrinkage=0.03


Tree=58
num_leaves=24
num_cat=0
split_feature=1 1 0 7 9 7 5 2 5 8 3 9 9 7 8 8 4 2 2 8 8 4 2
split_gain=64.463 24 20.2815 7.51046 5.36203 6.4617 6.09524 5.33361 4.59997 3.35238 3.34286 2.4381 2.3908 3.25 2.45 3.82273 2.72727 2.29004 3.65801 3.32468 5.15714 2.13333 2.06869
threshold=127.50000000000001 82.500000000000014 3.5000000000000004 90.350000000000009 -4.4999999999999991 99.350000000000009 1.0000000180025095e-35 11.950000000000001 1.0000000180025095e-35 -6.1999999999999984 1.5000000000000002 1.0000000180025095e-35 30.900000000000002 141.20000000000002 -34.599999999999987 -86.84999999999998 3.5000000000000004 16.050000000000004 13.450000000000001 -22.699999999999999 -39.849999999999994 4.5000000000000009 139.90000000000001
decision_type=2 2 2 2 2 2 2 2 2 2 2 2 2 2 2 2 2 2 2 2 2 2 2
left_child=1 -1 -2 -3 10 6 11 9 12 -4 -5 -6 13 14 15 -9 -17 18 -7 20 22 -16 -19
right_child=2 3 7 4 5 17 -8 8 -10 -11 -12 -13 -14 -15 21 16 -18 19 -20 -21 -22 -23 -24
leaf_value=-0.27253067658887686 0.98139147129832738 0.0061385967039866785 0.026557081220791756 -0.024177667537198886 -0.005369967865750027 0.0023843183229379861 0.31874887260557427 0.10478471956041686 0.52884286534559155 0.066140717332533253 -0.04952264217530114 -0.097702826942564006 -0.0095574939747534414 -0.0039845696292680087 0.0013785166455753028 -5.0134141959574661e-05 -0.045318909226332096 -0.057743390811139501 0.04053389415856145 -0.0018705796645054561 0.0011094206974844667 -0.00020102998159082119 0.0016521855189621704
leaf_weight=90 45 10.999999999999998 10.000000000000002 7.0000000000000027 5.0000000000000062 28 5.9999999999999991 4.9999999999999991 10.999999999999998 10.999999999999998 12.999999999999998 15.999999999999998 5.9999999999999991 15.999999999999998 12.000000000000009 5.9999999999999911 5 9.0000000000000018 4.9999999999999991 16.000000000000004 7.9999999999999991 7.9999999999999991 10.999999999999998
leaf_count=90 45 11 10 7 5 28 6 5 11 11 13 16 6 16 12 6 5 9 5 16 8 8 11
internal_value=-0.00283333 -0.0126667 0.0135556 -0.00466667 -0.00677419 -0.00403846 -0.0166667 0.00533333 0.00130435 0.0185714 -0.021 -0.0242857 -0.00206897 0 0.005 -0.00375 -0.0136364 0.00038961 0.00636364 -0.00409091 0.00214286 0.012 -0.006
internal_weight=360 225 135 135 124 104 27 90 69 21 20 21 58 52 36 16 11 77 33 44 28 20 20
internal_count=360 225 135 135 124 104 27 90 69 21 20 21 58 52 36 16 11 77 33 44 28 20 20
is_linear=0
shrinkage=0.03


Tree=59
num_leaves=24
num_cat=0
split_feature=1 1 9 6 6 5 2 5 9 3 9 6 3 6 6 4 6 2 6 2 2 9 1
split_gain=64.5333 38.5067 6.36058 4.28971 9.45479 6.09524 5.42057 2.67094 5.74359 2.90765 2.4381 2.32129 2.86139 3.14052 2.24509 3.6 4.26667 5.89091 3.23077 2.17016 2.36257 2.04967 1.96923
threshold=82.500000000000014 217.50000000000003 -9.6499999999999986 90.350000000000009 99.350000000000009 1.0000000180025095e-35 16.050000000000004 1.0000000180025095e-35 8.7500000000000018 20.500000000000004 1.0000000180025095e-35 125.05000000000001 4.5000000000000009 130.65000000000001 125.85000000000001 4.5000000000000009 141.20000000000002 57.250000000000007 125.45000000000002 6.5500000000000007 8.4500000000000011 53.050000000000004 107.50000000000001
decision_type=2 2 2 2 2 2 2 2 2 2 2 2 2 2 2 2 2 2 2 2 2 2 2
left_child=21 2 -2 -4 5 10 19 9 -9 11 -5 -8 14 -14 18 16 17 -16 -13 22 -21 -1 -6
right_child=1 -3 3 4 6 -7 7 8 -10 -11 -12 12 13 -15 15 -17 -18 -19 -20 20 -22 -23 -24
leaf_value=-0.27035477917939432 -0.10485554554715334 0.95194972715937809 0.0059544388028669459 -0.0052088688297776287 0.1973713860000518 0.30918640642740725 0.0029754403594270682 -0.14781394375051249 1.1815137740995345 -0.0085857564748484088 -0.094771742134287032 -0.024012715669230644 0.0056163526629372735 -0.0017226772311104809 0.001084907707542584 -0.0094597549221964519 -0.0075656761048915654 -0.00022628744466203442 -0.023452337511082815 -0.0031296532547764144 0.018347921216876485 -0.10796575361611388 0.060893946602963066
leaf_weight=85 12.999999999999998 45 10.999999999999998 5.0000000000000062 4.9999999999999991 5.9999999999999991 7.9999999999999991 5.9999999999999982 7 21 15.999999999999998 5.9999999999999982 8.0000000000000018 8.9999999999999982 9.0000000000000053 14.999999999999998 9.9999999999999982 10.999999999999998 7 9.9999999999999982 34 4.9999999999999991 7.9999999999999991
leaf_count=85 13 45 11 5 5 6 8 6 7 21 16 6 8 9 9 15 10 11 7 10 34 5 8
internal_value=-0.00266667 0.00466667 -0.0004 0.000849057 -0.000149254 -0.0166667 0.00241379 -0.00128205 0.0115385 -0.00288462 -0.0242857 -0.000361446 -0.002 0.00882353 -0.00517241 -0.002 0.004 0.012 -0.0161538 0.01 0.00681818 -0.0246667 0.0207692
internal_weight=360 270 225 212 201 27 174 117 13 104 21 83 75 17 58 45 30 20 13 57 44 90 13
internal_count=360 270 225 212 201 27 174 117 13 104 21 83 75 17 58 45 30 20 13 57 44 90 13
is_linear=0
shrinkage=0.03


Tree=60
num_leaves=24
num_cat=0
split_feature=1 1 1 6 3 9 9 2 2 2 5 8 4 6 8 2 6 2 6 9 8 6 8
split_gain=67.5 36.5067 5.22667 6.6911 6.33011 5.62557 6.41252 5.2 5.06073 4.85783 4.00226 4.00715 4.09263 3.43584 3.04762 5.73016 4.2 2.93927 2.90627 3.0582 2.81076 2.71282 3.07273
threshold=82.500000000000014 217.50000000000003 127.50000000000001 90.350000000000009 1.5000000000000002 -4.8999999999999995 -0.24999999999999997 4.7000000000000002 12.850000000000001 6.5500000000000007 1.0000000180025095e-35 -34.599999999999987 1.5000000000000002 129.95000000000002 -19.249999999999996 6.5500000000000007 126.45000000000002 139.90000000000001 125.45000000000002 -3.7499999999999996 -5.5499999999999989 142.05000000000004 -8.1499999999999968
decision_type=2 2 2 2 2 2 2 2 2 2 2 2 2 2 2 2 2 2 2 2 2 2 2
left_child=-1 2 3 -2 18 -6 14 -8 -9 -4 11 12 -11 -13 -7 -16 -17 -10 -5 -20 21 22 -15
right_child=1 -3 9 4 5 6 7 8 17 10 -12 13 -14 20 15 16 -18 -19 19 -21 -22 -23 -24
leaf_value=-0.25624411291582871 0.0057758056387811505 0.92339123534459644 0.062329677414468564 0.04834925648618707 -0.047680537401504922 0.0012981904498157349 -0.06581210265563911 0.059244461710508171 -0.058040371044231875 -0.043701435718154609 0.81180026351939338 0.0060218765661689128 -0.00021949882132219045 0.024325909620984874 0.1937717081250416 -0.010396732015281457 0.0037659505025443704 0.1545003794205391 -0.01596236483014046 0.0005674149268871531 0.0010523604763164939 -0.010653257243712204 -0.010390447876310133
leaf_weight=90 10.999999999999998 45 6.9999999999999991 12.999999999999998 10.999999999999998 7.0000000000000027 12.999999999999998 12.999999999999998 13.000000000000002 6.0000000000000027 11.999999999999998 4.9999999999999991 19 10.999999999999998 9.0000000000000018 6.9999999999999982 5 5.9999999999999991 6.0000000000000027 21 15.000000000000002 5.9999999999999991 9.0000000000000018
leaf_count=90 11 45 7 13 11 7 13 13 13 6 12 5 19 11 9 7 5 6 6 21 15 6 9
internal_value=-0.00216667 0.00533333 0.0004 -0.00333333 -0.00532258 -0.01 -0.0069863 -0.014 -0.0075 0.006 0.0039759 0.00126761 -0.0084 0.00652174 0.00428571 -0.00142857 -0.015 -0.0173684 0.0045 -0.00111111 0.00365854 -0.00230769 0.003
internal_weight=360 270 225 135 124 84 73 45 32 90 83 71 25 46 28 21 12 19 40 27 41 26 20
internal_count=360 270 225 135 124 84 73 45 32 90 83 71 25 46 28 21 12 19 40 27 41 26 20
is_linear=0
shrinkage=0.03


Tree=61
num_leaves=24
num_cat=0
split_feature=1 1 1 6 2 6 9 5 8 9 2 9 4 9 8 8 2 9 8 3 9 9 2
split_gain=65.5148 37.8341 4.98074 6.95897 5.33361 4.97196 5.80248 4.59997 3.35238 2.44878 3.94203 3.35968 3.92727 2.48447 2.43559 2.94327 2.28571 2.13333 2.04967 1.85349 1.895 2.40158 1.74545
threshold=82.500000000000014 217.50000000000003 127.50000000000001 90.350000000000009 11.950000000000001 92.050000000000011 -9.6499999999999986 1.0000000180025095e-35 -6.1999999999999984 -5.1499999999999995 57.250000000000007 2.9500000000000006 3.5000000000000004 -0.44999999999999996 1.0000000180025095e-35 -1.1499999999999997 23.650000000000002 0.55000000000000016 -62.649999999999999 1.0000000180025095e-35 39.400000000000006 21.300000000000004 2.6500000000000008
decision_type=2 2 2 2 2 2 2 2 2 2 2 2 2 2 2 2 2 2 2 2 2 2 2
left_child=18 2 3 22 8 17 -7 9 -4 -6 11 13 -13 16 15 19 -11 -5 -1 -8 21 -21 -2
right_child=1 -3 4 5 7 6 14 -9 -10 10 -12 12 -14 -15 -16 -17 -18 -19 -20 20 -22 -23 -24
leaf_value=-0.87750778547996633 0.0076178071636807936 0.89568949828425892 0.025323062838566272 -0.0030782396852148961 0.0011290176710677712 -0.12823736370948297 0.01396608353834658 0.45317815825665658 0.060459787092034104 0.0046931913029442281 -0.034334115904423541 0.0044865976484313565 -0.0034326369045409419 -0.0024007742028065594 -0.0084411622956793043 0.60508119394193305 -0.00026253972139670621 -0.063516828650336726 -0.24255676664017045 -0.001959324922869854 -0.061543227785827805 0.0010620887185163496 0.0044775443445888635
leaf_weight=4.9999999999999991 4.9999999999999982 45 10.000000000000002 4.9999999999999991 11.999999999999998 6.9999999999999991 15.999999999999998 10.999999999999998 10.999999999999998 6.9999999999999956 11.999999999999998 5.9999999999999982 5 7.0000000000000062 8.9999999999999982 5.9999999999999991 8.9999999999999982 9.9999999999999982 85 57 8.9999999999999982 4.9999999999999991 6
leaf_count=5 5 45 10 5 12 7 16 11 11 7 12 6 5 7 9 6 9 10 85 57 9 5 6
internal_value=-0.0025 0.00488889 -0.000133333 -0.00377778 0.00533333 -0.00580645 -0.00357798 0.00130435 0.0185714 -0.00206897 -0.00521739 0 0.0136364 -0.00652174 -0.00176471 -0.000322581 0 -0.022 -0.0246667 -0.00172414 -0.00380282 -0.00193548 0.0190909
internal_weight=360 270 225 135 90 124 109 69 21 58 46 34 11 23 102 93 16 15 90 87 71 62 11
internal_count=360 270 225 135 90 124 109 69 21 58 46 34 11 23 102 93 16 15 90 87 71 62 11
is_linear=0
shrinkage=0.03


Tree=62
num_leaves=24
num_cat=0
split_feature=1 1 0 9 8 5 6 3 8 6 6 8 4 8 8 9 8 6 9 4 9 6 9
split_gain=66.6667 24 19.2 5.26458 4.80994 5.12891 5.22446 4.89812 6.46552 3.82695 5.60865 3.35238 2.72727 2.65098 2.2471 2.13333 2.04967 1.87778 1.8763 2.35316 2.72727 1.88596 1.9981
threshold=127.50000000000001 82.500000000000014 3.5000000000000004 -9.6499999999999986 -5.5499999999999989 1.0000000180025095e-35 130.65000000000001 7.5000000000000009 -86.84999999999998 90.350000000000009 92.050000000000011 1.0000000180025095e-35 2.5000000000000004 -34.599999999999987 1.0000000180025095e-35 0.55000000000000016 -62.649999999999999 140.25000000000003 39.400000000000006 5.5000000000000009 -1.9499999999999997 99.350000000000009 2.2500000000000004
decision_type=2 2 2 2 2 2 2 2 2 2 2 2 2 2 2 2 2 2 2 2 2 2 2
left_child=1 16 -2 -3 5 6 13 8 -8 12 15 -6 -5 -4 18 -11 -1 -10 19 21 -21 -12 -23
right_child=2 3 4 9 11 -7 7 -9 17 10 14 -13 -14 -15 -16 -17 -18 -19 -20 20 -22 22 -24
leaf_value=-0.85118255191556735 0.86881881333573174 -0.12439024279819832 -0.016351002434231248 0.0015664340656051934 0.058645993479272816 0.77385091086611191 0.10166557272504405 -0.016608709333998772 0.0002096625579514466 -0.0029858924946586283 -0.3037138982307393 0.00051855362297331448 0.0073892729487702973 0.018027017511570095 -0.0081879274268088411 -0.061611323790826657 -0.23528006364096513 -0.0064465956226931092 -0.059696930952252814 -0.00020843873958661162 0.64115068348363902 -0.0010882144466060595 0.006028125571955343
leaf_weight=4.9999999999999991 45 6.9999999999999991 5.0000000000000027 5.9999999999999982 11.000000000000002 11.999999999999998 4.9999999999999991 10.999999999999998 9.0000000000000053 4.9999999999999991 7.9999999999999991 9.9999999999999982 5 11.999999999999998 8.9999999999999982 9.9999999999999982 85 14.999999999999998 12.999999999999998 6 4.9999999999999982 46 14.999999999999998
leaf_count=5 45 7 5 6 11 12 5 11 9 5 8 10 5 12 9 10 85 15 13 6 5 46 15
internal_value=-0.00266667 -0.0126667 0.014 -0.00466667 0.006 0.00217391 -0.00157895 -0.0075 -0.00103448 -0.00328125 -0.00487179 0.0185714 0.0136364 0.0123529 -0.00235294 -0.022 -0.0246667 -0.0075 -0.000967742 0.00075 0.0136364 -0.00130435 0.000491803
internal_weight=360 225 135 135 90 69 57 40 29 128 117 21 11 17 102 15 90 24 93 80 11 69 61
internal_count=360 225 135 135 90 69 57 40 29 128 117 21 11 17 102 15 90 24 93 80 11 69 61
is_linear=0
shrinkage=0.03


Tree=63
num_leaves=24
num_cat=0
split_feature=1 1 5 9 8 8 6 9 6 8 4 0 9 9 4 3 8 9 8 8 9 9 9
split_gain=64.1286 37.567 6.0474 4.64148 5.08008 6.79227 5.37778 4.18033 3.57143 6.26935 7.11261 2.83333 4.5 4.42834 6.11636 4.59013 3.95508 4.11765 3.34641 3.09384 3.04762 2.47475 2.40175
threshold=217.50000000000003 82.500000000000014 1.0000000180025095e-35 -9.6499999999999986 -3.5499999999999994 -5.5499999999999989 124.95000000000002 30.900000000000002 89.750000000000014 -0.74999999999999989 4.5000000000000009 2.5000000000000004 2.9500000000000006 0.65000000000000002 1.0000000180025095e-35 3.5000000000000004 -50.399999999999999 -3.7499999999999996 -8.1499999999999968 -41.999999999999993 -4.4999999999999991 55.300000000000004 -2.1499999999999999
decision_type=2 2 2 2 2 2 2 2 2 2 2 2 2 2 2 2 2 2 2 2 2 2 2
left_child=1 -1 3 -3 5 7 -7 11 -6 -10 -11 -5 13 14 -13 16 -16 -18 -15 -14 -17 -9 -4
right_child=-2 2 22 4 8 6 -8 21 9 10 -12 12 19 18 15 20 17 -19 -20 -21 -22 -23 -24
leaf_value=-0.23422168461991957 0.84275424893565964 -0.092700634863463013 -0.12334562783671402 -0.15950557591239578 0.0062070608555620053 -0.0057066024879753735 0.056929918471394669 -0.03498193830916236 -0.05944207315146869 0.028145944009230275 -0.005826368491057039 -0.009674563645723281 -0.030637455192372157 -0.00061700845782837628 0.28075315974159309 -0.013467655286605406 -0.038230533572844505 0.00028454938580814822 -0.013225306549568145 0.012219023793948338 0.0042321980644838674 -0.018405384468778579 0.37248626046153788
leaf_weight=90 45 12.999999999999998 5.0000000000000027 5.9999999999999991 5.9999999999999991 9.0000000000000018 14.999999999999998 11.000000000000002 19 7.0000000000000027 9.9999999999999982 4.9999999999999991 7.0000000000000027 9.0000000000000018 5.0000000000000027 6.9999999999999991 7.0000000000000044 9.9999999999999964 7.9999999999999991 17 21.000000000000004 8.9999999999999982 19
leaf_count=90 45 13 5 6 6 9 15 11 19 7 10 5 7 9 5 7 7 10 8 17 21 9 19
internal_value=-0.0035 -0.00828571 -0.00173333 -0.00343284 -0.00223404 0.000410959 0.015 -0.00245902 -0.0114286 -0.015 -0.00176471 0 0.00125 -0.0025 0.00163636 0.0048 -0.00545455 -0.0123529 -0.0158824 0.0125 0.0128571 -0.015 0.0125
internal_weight=360 315 225 201 188 146 24 122 42 36 17 102 96 72 55 50 22 17 17 24 28 20 24
internal_count=360 315 225 201 188 146 24 122 42 36 17 102 96 72 55 50 22 17 17 24 28 20 24
is_linear=0
shrinkage=0.03


Tree=64
num_leaves=24
num_cat=0
split_feature=1 1 5 9 6 2 8 6 0 9 4 8 9 4 8 9 9 4 9 9 3 8 3
split_gain=61.6016 38.0051 5.3867 3.83291 4.06343 7.315 5.83333 5.23066 6.07409 6.88095 4.37715 3.34405 3.92628 2.72727 2.52838 3.15312 5.1 2.72727 2.47475 2.40175 2.44976 2.26667 2.17778
threshold=217.50000000000003 82.500000000000014 1.0000000180025095e-35 30.900000000000002 126.45000000000002 11.950000000000001 -6.4499999999999993 90.350000000000009 2.5000000000000004 -4.4999999999999991 1.0000000180025095e-35 -22.699999999999999 2.9500000000000006 2.5000000000000004 -86.84999999999998 2.4500000000000006 0.75000000000000011 3.5000000000000004 55.300000000000004 -2.1499999999999999 19.500000000000004 -39.04999999999999 3.5000000000000004
decision_type=2 2 2 2 2 2 2 2 2 2 2 2 2 2 2 2 2 2 2 2 2 2 2
left_child=1 -1 3 4 7 6 -6 13 -9 -10 -7 -11 -13 -3 -12 16 21 -17 -5 -4 -21 -16 -23
right_child=-2 2 19 18 5 10 -8 8 9 11 14 12 -14 -15 15 17 -18 -19 -20 20 -22 22 -24
leaf_value=-0.22719503408132183 0.81747162146759023 0.00151193416812319 -0.1196452590016122 -0.033932480159887604 0.00073035024050000169 -0.0093843267363517661 0.051916166911158822 -0.078314650763481944 -0.040227849022063042 0.00055231976354981778 0.12120659692788947 -0.00073553922096941443 0.06213694677874642 0.0069813829346404071 -0.034524171632732886 0.065948115684955441 -0.0098606037065246711 0.0085425991371145919 -0.017853222934715234 0.22516490680628096 1.1018411745900345 -6.980214264814321e-05 0.0038846190965745107
leaf_weight=90 45 5.9999999999999982 5.0000000000000027 11.000000000000002 10.000000000000002 10.999999999999998 13.999999999999998 22 13.999999999999998 9.9999999999999982 5.9999999999999991 26 5.9999999999999991 5 9.9999999999999911 4.9999999999999982 5.9999999999999991 6 8.9999999999999982 11.000000000000002 7.9999999999999991 15.000000000000009 8.9999999999999982
leaf_count=90 45 6 5 11 10 11 14 22 14 10 6 26 6 5 10 5 6 6 9 11 8 15 9
internal_value=-0.00283333 -0.00752381 -0.000933333 -0.00253731 -0.00116022 0.00326087 0.0175 -0.00573034 -0.00846154 -0.00321429 -0.00176471 0.00285714 -0.001875 0.0136364 0.00157895 -0.000588235 -0.0045 0.0136364 -0.015 0.0125 0.0173684 0 0.005
internal_weight=360 315 225 201 181 92 24 89 78 56 68 42 32 11 57 51 40 11 20 24 19 34 24
internal_count=360 315 225 201 181 92 24 89 78 56 68 42 32 11 57 51 40 11 20 24 19 34 24
is_linear=0
shrinkage=0.03


Tree=65
num_leaves=24
num_cat=0
split_feature=1 1 9 9 6 2 9 6 9 2 6 2 8 8 4 3 6 8 9 4 9 9 6
split_gain=61.6016 38.0051 6.03186 4.14308 4.2699 4.8172 4.15076 3.25065 3.36467 4.98217 4.59109 2.89023 3.96825 2.36715 2.1235 2.81612 6.59341 2.11722 2.11209 2.37363 1.7805 2.62506 2.16674
threshold=217.50000000000003 82.500000000000014 -9.6499999999999986 30.900000000000002 125.85000000000001 6.5500000000000007 2.2500000000000004 89.750000000000014 -0.24999999999999997 6.5500000000000007 124.25000000000001 19.900000000000002 -22.699999999999999 -48.249999999999993 4.5000000000000009 16.500000000000004 78.600000000000009 -3.1499999999999999 16.450000000000006 2.5000000000000004 -5.6499999999999995 -4.6499999999999995 130.05000000000004
decision_type=2 2 2 2 2 2 2 2 2 2 2 2 2 2 2 2 2 2 2 2 2 2 2
left_child=1 14 -3 4 6 -6 7 -4 9 -9 -11 -12 -13 -5 -1 16 -16 -10 19 -8 -7 -22 -23
right_child=-2 2 3 13 5 20 18 8 17 10 11 12 -14 -15 15 -17 -18 -19 -20 -21 21 22 -24
leaf_value=-0.23387920594706585 0.79294747282356293 -0.088712780346897377 0.0048508736371108791 -0.025116066000882283 0.053621231113418447 0.1205235774857924 0.0099883446767674404 0.18964554204931444 -0.0034812058026881939 -0.0098001396224704253 0.067116774913336744 0.00010562505341539463 -0.015764068534605824 -0.017083184877394755 0.21490583433613678 -1.3369677936106164 -0.18137920594706586 -0.078291619701284954 -0.055518669869513246 0.34023201565537636 -0.021691950099136648 0.0011071664025735118 8.4243022656949043e-05
leaf_weight=62 45 12.999999999999998 6.9999999999999991 18.000000000000004 6.9999999999999991 5.9999999999999991 7.0000000000000018 8.9999999999999982 14.000000000000002 7.0000000000000027 5.0000000000000027 9 4.9999999999999973 4.9999999999999991 7.0000000000000018 14.999999999999998 6 12.999999999999998 6.9999999999999991 6 4.9999999999999991 31 51
leaf_count=62 45 13 7 18 7 6 7 9 14 7 5 9 5 5 7 15 6 13 7 6 5 31 51
internal_value=-0.00283333 -0.00752381 -0.000933333 0.000283019 0.00174603 0.006 -0.00303371 -0.00652174 -0.00870968 -0.00257143 -0.00923077 -0.00157895 -0.00857143 -0.0117391 -0.024 -0.0171429 -0.00692308 -0.0166667 0.009 0.0161538 0.00419355 0.00310345 0.00439024
internal_weight=360 315 225 212 189 100 89 69 62 35 26 19 14 23 90 28 13 27 20 13 93 87 82
internal_count=360 315 225 212 189 100 89 69 62 35 26 19 14 23 90 28 13 27 20 13 93 87 82
is_linear=0
shrinkage=0.03


Tree=66
num_leaves=24
num_cat=0
split_feature=6 1 0 9 2 9 6 2 8 2 6 3 2 0 9 9 2 4 3 6 6 4 2
split_gain=60.2001 20.8011 19.7999 6.49156 5.47811 4.17451 8.80196 6.01667 4.88749 3.63032 3.92727 3.34286 2.14171 3.55486 2.76555 2.34416 2.53968 2.1235 2.81612 6.59341 2.04848 2.02559 4.54545
threshold=127.7 82.500000000000014 2.5000000000000004 -4.4999999999999991 6.5500000000000007 1.0000000180025095e-35 90.350000000000009 4.7000000000000002 -22.699999999999999 19.900000000000002 125.85000000000001 1.5000000000000002 15.000000000000002 2.5000000000000004 2.4500000000000006 32.600000000000009 113.75000000000001 4.5000000000000009 16.500000000000004 78.600000000000009 123.65000000000002 1.5000000000000002 42.250000000000007
decision_type=2 2 2 2 2 2 2 2 2 2 2 2 2 2 2 2 2 2 2 2 2 2 2
left_child=1 17 -2 11 -4 8 -7 -8 -5 -10 -11 -3 14 -14 20 -15 -17 -1 19 -19 -9 22 -6
right_child=2 3 4 5 21 6 7 12 9 10 -12 -13 13 15 -16 16 -18 18 -20 -21 -22 -23 -24
leaf_value=-0.22686282976865399 0.76915904863885542 -0.019351796725876225 0.052012594180015692 0.0023287685720858775 8.1715731977283215e-05 0.010548156877220051 -0.064772657902246844 0.094949439987407513 0.0051057749130783486 -0.0078920431652872471 0.00023407045729044283 -0.043444156410591288 -0.20016088651138986 0.0037813642925783597 0.032178668561620397 -0.047554185964992682 -0.05606478282155393 0.2084586593060527 -1.296858759802298 -0.17593782976865383 -0.010690131701610425 0.00076274809929614655 -0.033357056735117678
leaf_weight=62 45 7.0000000000000027 6.9999999999999991 5.9999999999999991 11.000000000000002 7.9999999999999991 11.999999999999998 5.0000000000000018 26 5.9999999999999982 5 12.999999999999998 7.0000000000000027 8.0000000000000018 7.9999999999999991 4.9999999999999991 8.9999999999999982 7.0000000000000018 14.999999999999998 6 6 65 10.999999999999998
leaf_count=62 45 7 7 6 11 8 12 5 26 6 5 13 7 8 8 5 9 7 15 6 6 65 11
internal_value=-0.00316667 -0.0128959 0.0123022 -0.00526718 0.00446809 -0.00243243 -0.00705882 -0.011 0.00488372 0.000810811 -0.0136364 -0.021 -0.00625 -0.0113793 0.00157895 -0.00545455 -0.0128571 -0.024 -0.0171429 -0.00692308 -0.00818182 0.00241379 -0.00545455
internal_weight=360 221 139 131 94 111 68 60 43 37 11 20 48 29 19 22 14 90 28 13 11 87 22
internal_count=360 221 139 131 94 111 68 60 43 37 11 20 48 29 19 22 14 90 28 13 11 87 22
is_linear=0
shrinkage=0.03


Tree=67
num_leaves=24
num_cat=0
split_feature=1 1 0 9 9 8 2 7 2 9 8 3 2 2 2 9 9 2 2 5 7 8 4
split_gain=58.4896 21.9141 18.1481 7.34332 6.15212 6.30369 5.33361 5.17172 6.16684 5.06144 3.35238 3.34286 2.98235 4.5 3.6 2.30588 3.01003 3.07692 2.84444 2.21126 2.72727 2.64861 4.09263
threshold=127.50000000000001 82.500000000000014 3.5000000000000004 -4.4999999999999991 -0.24999999999999997 -19.249999999999996 11.950000000000001 89.750000000000014 4.7000000000000002 53.050000000000004 -6.1999999999999984 1.5000000000000002 20.350000000000005 11.200000000000001 6.5500000000000007 32.600000000000009 2.2500000000000004 12.850000000000001 113.75000000000001 1.0000000180025095e-35 143.30000000000004 -34.599999999999987 1.5000000000000002
decision_type=2 2 2 2 2 2 2 2 2 2 2 2 2 2 2 2 2 2 2 2 2 2 2
left_child=1 9 -2 11 5 -5 10 -6 -9 -1 -4 -3 13 14 -7 16 17 -10 -17 21 -21 22 -8
right_child=2 3 6 4 7 12 19 8 15 -11 -12 -13 -14 -15 -16 18 -18 -19 -20 20 -22 -23 -24
leaf_value=-0.21255694487559451 0.74608427717968939 -0.018771242824100084 0.023832930394555519 0.00073986565631741993 0.0054310723558882758 0.16377411590248805 -0.042622108752280924 -0.051659264957179825 0.026842837002944861 0.01015294545170306 0.050452216354615304 -0.042140831718273687 -0.0079929224263517538 0.061287637905691666 -0.0079830037852872231 -0.064784497752708808 0.0070162606653795473 -0.046031341715762578 -0.054382839336907407 1.1957775083897255 0.02177810987087625 0.00014541525532422384 -0.00027435085997055351
leaf_weight=85 45 7.0000000000000027 10.000000000000002 8.9999999999999982 5.9999999999999991 10.000000000000005 6.0000000000000027 14.999999999999998 7.9999999999999982 4.9999999999999991 10.999999999999998 12.999999999999998 9.9999999999999982 5.9999999999999991 7.9999999999999991 5.9999999999999991 23 5 8.9999999999999982 4.9999999999999982 6 33 19
leaf_count=85 45 7 10 9 6 10 6 15 8 5 11 13 10 6 8 6 23 5 9 5 6 33 19
internal_value=-0.0025 -0.0118667 0.0131111 -0.00422222 -0.00130435 0.00767442 0.00533333 -0.00666667 -0.00909091 -0.0233333 0.0185714 -0.021 0.00176471 0.0075 0 -0.00411765 0 -0.0115385 -0.014 0.00130435 0.0136364 -0.00103448 -0.0084
internal_weight=360 225 135 135 115 43 90 72 66 90 21 20 34 24 18 51 36 13 15 69 11 58 25
internal_count=360 225 135 135 115 43 90 72 66 90 21 20 34 24 18 51 36 13 15 69 11 58 25
is_linear=0
shrinkage=0.03


Tree=68
num_leaves=24
num_cat=0
split_feature=1 1 9 9 9 6 2 9 6 0 5 4 2 2 0 6 2 2 6 6 9 6 2
split_gain=56.0333 34.56 4.83399 3.9346 4.27891 6.40667 9.16909 3.46855 5.00741 3.23077 3.12732 4.95099 4.21978 3.08571 2.67712 8.71111 2.35608 2.38274 1.81066 1.70455 2.40455 1.74545 1.61467
threshold=82.500000000000014 217.50000000000003 53.050000000000004 -9.6499999999999986 1.0000000180025095e-35 90.350000000000009 4.7000000000000002 -1.2499999999999998 125.05000000000001 6.5000000000000009 1.0000000180025095e-35 4.5000000000000009 47.95000000000001 1.8500000000000003 5.5000000000000009 77.600000000000009 116.30000000000003 76.050000000000026 78.600000000000009 130.65000000000001 16.450000000000006 126.15000000000002 8.4500000000000011
decision_type=2 2 2 2 2 2 2 2 2 2 2 2 2 2 2 2 2 2 2 2 2 2 2
left_child=2 3 14 9 7 -6 -7 16 13 -2 11 22 -12 -9 -1 -16 17 -5 -17 20 -13 -22 -8
right_child=1 -3 -4 4 5 6 10 8 -10 -11 12 19 -14 -15 15 18 -18 -19 -20 -21 21 -23 -24
leaf_value=-1.3538823777207143 -0.1123670536119853 0.72370174886429817 0.0098483570881518281 4.7485333307690777e-05 0.010068780000226738 -0.061279700216463832 -0.0090626703723368958 0.0063103098194189043 0.042413551444788311 -0.028360049365491021 -0.032973163007031868 0.0020647467123481532 1.033265209002336 -0.044650401464289759 0.0096175593367807712 -0.12204411685784165 0.11574662979524603 -0.030926575987367498 -0.14904416263420883 -0.0028124962214579339 -0.089279321364906253 -0.032175675692244284 0.0003412516489385098
leaf_weight=40 6.9999999999999982 45 4.9999999999999991 63 7.9999999999999991 11.999999999999998 6.9999999999999991 7.0000000000000018 14.999999999999998 6 6.9999999999999982 5.0000000000000062 6 5 4.9999999999999991 10.999999999999998 5.9999999999999991 7.9999999999999991 29 5.9999999999999991 5.9999999999999982 5 46
leaf_count=40 7 45 5 63 8 12 7 7 15 6 7 5 6 5 5 11 6 8 29 6 6 5 46
internal_value=-0.00216667 0.00466667 -0.0226667 -0.000133333 0.000849057 -0.00333333 -0.0054 0.00519231 0.0144444 -0.0161538 -0.00204545 -0.0044 0.0115385 0 -0.0243529 -0.0193333 0.00194805 0.000422535 -0.024 -0.0163636 -0.01125 -0.0190909 0.000566038
internal_weight=360 270 90 225 212 108 100 104 27 13 88 75 13 12 85 45 77 71 40 22 16 11 53
internal_count=360 270 90 225 212 108 100 104 27 13 88 75 13 12 85 45 77 71 40 22 16 11 53
is_linear=0
shrinkage=0.03


Tree=69
num_leaves=24
num_cat=0
split_feature=1 1 9 9 9 6 2 2 6 2 0 5 4 2 8 2 6 2 0 6 6 4 9
split_gain=54.2259 32.0474 4.83399 3.8047 3.7194 6.40667 9.16909 3.51262 4.68447 3.95214 3.23077 3.12732 4.95099 4.21978 3.80897 5.91201 3.07275 2.84444 2.67712 8.71111 2.65846 4.8 4.65529
threshold=82.500000000000014 217.50000000000003 53.050000000000004 -9.6499999999999986 1.0000000180025095e-35 90.350000000000009 4.7000000000000002 6.5500000000000007 124.25000000000001 0.90000000000000013 6.5000000000000009 1.0000000180025095e-35 4.5000000000000009 47.95000000000001 -8.1499999999999968 37.95000000000001 141.20000000000002 167.25000000000003 5.5000000000000009 77.600000000000009 132.50000000000003 4.5000000000000009 -4.4999999999999991
decision_type=2 2 2 2 2 2 2 2 2 2 2 2 2 2 2 2 2 2 2 2 2 2 2
left_child=2 3 18 10 7 -6 -7 9 -9 -5 -2 12 14 -13 15 -8 20 -3 -1 -20 22 -22 -10
right_child=1 17 -4 4 5 6 11 8 16 -11 -12 13 -14 -15 -16 -17 -18 -19 19 -21 21 -23 -24
leaf_value=-1.313265906389093 -0.1089960420036256 0.73499042174016604 0.0095529063755074618 -0.075293914749255883 0.0097667166002199934 -0.059441309209970039 0.024142014713179092 -0.0080803065237012098 -0.018209530099376394 0.04766624332063344 -0.027509247884526359 -0.03198396811682102 -0.00779124854213201 1.0022672527322658 -0.0087468794513981141 -0.010432269436623329 -0.011060958711987751 0.26135162064630835 0.0093290325566775315 -0.13870895742666731 0.07067124270299302 -0.0081515045154458218 0.00047855977928051629
leaf_weight=40 6.9999999999999982 40 4.9999999999999991 5.0000000000000027 7.9999999999999991 11.999999999999998 18.999999999999993 6.9999999999999991 10.999999999999991 12.999999999999998 6 6.9999999999999982 22 6 14.000000000000005 20 13.999999999999998 4.9999999999999991 4.9999999999999991 40 9.9999999999999982 4.9999999999999991 39.000000000000007
leaf_count=40 7 40 5 5 8 12 19 7 11 13 6 7 22 6 14 20 14 5 5 40 10 5 39
internal_value=-0.0025 0.00422222 -0.0226667 -0.0004 0.000566038 -0.00333333 -0.0054 0.00461538 0.00209302 0.0166667 -0.0161538 -0.00204545 -0.0044 0.0115385 0.000566038 0.00538462 0.00417722 0.0273333 -0.0243529 -0.0193333 0.00692308 0.018 0.0036
internal_weight=360 270 90 225 212 108 100 104 86 18 13 88 75 13 53 39 79 45 85 45 65 15 50
internal_count=360 270 90 225 212 108 100 104 86 18 13 88 75 13 53 39 79 45 85 45 65 15 50
is_linear=0
shrinkage=0.03


Tree=70
num_leaves=24
num_cat=0
split_feature=1 1 9 9 8 2 9 9 5 2 6 8 9 2 6 6 2 9 2 2 3 8 0
split_gain=52.5778 30.1156 4.61176 4.31185 4.59414 5.09394 5.0381 4.83145 5.77446 4.8 4.17284 4.39351 4.16667 3.72027 3.92727 3.21905 3.07302 3 2.84444 2.8 2.38095 2.35789 3.00877
threshold=217.50000000000003 82.500000000000014 53.050000000000004 -4.4999999999999991 -3.3499999999999992 2.9500000000000006 0.55000000000000016 0.25000000000000006 1.0000000180025095e-35 60.250000000000007 91.65000000000002 -7.7999999999999998 -1.8499999999999999 16.050000000000004 126.85000000000001 138.05000000000004 0.90000000000000013 -3.4499999999999997 167.25000000000003 75.000000000000014 1.5000000000000002 -24.749999999999996 4.5000000000000009
decision_type=2 2 2 2 2 2 2 2 2 2 2 2 2 2 2 2 2 2 2 2 2 2 2
left_child=1 2 -1 15 7 6 16 9 10 21 -9 13 17 14 -12 20 -6 -7 -2 -17 -3 -5 -23
right_child=18 3 -4 4 5 12 -8 8 -10 -11 11 -13 -14 -15 -16 19 -18 -19 -20 -21 -22 22 -24
leaf_value=-0.19754764292749996 0.7129407090879607 -0.017663244196395311 0.0092663191842423491 0.006987747137122113 -0.073035097306778304 -0.01133397158476015 -0.057658069933670855 0.0021568258499854664 0.51471765944427228 -0.0551412788365684 0.073450092492991309 -0.0084405622580874251 -0.019529137362288864 -0.0073473494855639384 -0.015941710515490398 -0.020738032295441543 0.021459856645992516 0.013257353973810594 0.25351107202691991 0.013050443418472354 -0.034689066245235906 0.027563263729074521 0.00010960483651835772
leaf_weight=85 40 7.0000000000000027 4.9999999999999991 6.9999999999999991 5.0000000000000027 6 5.9999999999999991 5.9999999999999991 10.999999999999998 8.9999999999999982 5.9999999999999982 17 11.999999999999998 47 5 4.9999999999999991 8.9999999999999982 6.0000000000000018 4.9999999999999991 8.9999999999999982 13.999999999999998 24 13.999999999999998
leaf_count=85 40 7 5 7 5 6 6 6 11 9 6 17 12 47 5 5 9 6 5 9 14 24 14
internal_value=-0.003 -0.00733333 -0.022 -0.00146667 0.000315789 -0.00818182 0.003 0.00287671 -0.00130435 0.01 -0.00407407 -0.006 -0.0175 -0.00206897 0.0136364 -0.0111429 0.0128571 -0.005 0.0273333 0 -0.0185714 0.014 0.0110526
internal_weight=360 315 90 225 190 44 20 146 92 54 81 75 24 58 11 35 14 12 45 14 21 45 38
internal_count=360 315 90 225 190 44 20 146 92 54 81 75 24 58 11 35 14 12 45 14 21 45 38
is_linear=0
shrinkage=0.03


Tree=71
num_leaves=24
num_cat=0
split_feature=1 1 2 6 8 3 5 8 6 6 5 0 4 4 2 8 0 6 2 8 8 8 5
split_gain=54.3254 27.8146 5.34427 5.31923 6.125 4.73816 4.04802 5.41109 7.05833 3.92727 3.8716 3.65714 3.82011 3.6 2.84444 2.61818 2.5284 8.71111 2.04848 1.91005 3 2.77015 3.24928
threshold=217.50000000000003 82.500000000000014 18.500000000000004 126.45000000000002 -6.6499999999999995 3.5000000000000004 1.0000000180025095e-35 -7.7999999999999998 90.350000000000009 124.95000000000002 1.0000000180025095e-35 2.5000000000000004 1.0000000180025095e-35 2.5000000000000004 167.25000000000003 -9.3499999999999979 5.5000000000000009 77.600000000000009 8.2000000000000011 -86.84999999999998 -110.94999999999999 -36.499999999999993 1.0000000180025095e-35
decision_type=2 2 2 2 2 2 2 2 2 2 2 2 2 2 2 2 2 2 2 2 2 2 2
left_child=1 10 3 6 15 -4 7 9 13 -3 16 -7 -13 -9 -2 -5 -1 -18 -17 20 -14 22 -21
right_child=14 2 5 4 -6 11 -8 8 -10 -11 -12 12 19 -15 -16 18 17 -19 -20 21 -22 -23 -24
leaf_value=-1.2911091517312661 0.6915524878153223 0.060237119097538212 -0.0071269290009968239 0.023638174756350452 0.042146808899548201 -0.11470434429188571 0.2216383618104652 -0.00099801949394191076 -0.015242743315679021 -0.0017083524165160213 -0.60396924180907308 -0.029934333337110389 -0.014196806661624066 0.0040472175258378226 0.24590573986611217 0.0085281369283660528 0.014975590867802282 -0.12862125941604205 -0.016910911711229701 -0.012670832736918384 0.11196779735984705 0.0020405404024582906 0.25107018074484072
leaf_weight=36 40 5.9999999999999982 61 4.9999999999999956 15.999999999999998 6.9999999999999991 8.9999999999999982 4.9999999999999982 32 5 8.9999999999999982 8.9999999999999982 6 5 4.9999999999999991 5.0000000000000018 4.9999999999999991 40 6 18.999999999999996 5.9999999999999982 16.000000000000007 6.9999999999999991
leaf_count=36 40 6 61 5 16 7 9 5 32 5 9 9 6 5 5 5 5 40 6 19 6 16 7
internal_value=-0.0035 -0.00790476 -0.00226667 0.00319149 0.013125 -0.00618321 -0.00193548 -0.00509434 -0.01 0.0136364 -0.022 -0.000857143 0.00142857 0.012 0.0273333 0 -0.0240741 -0.0193333 -0.00818182 0.00444444 0.015 0.00142857 -0.00461538
internal_weight=360 315 225 94 32 131 62 53 42 11 90 70 63 10 45 16 81 45 11 54 12 42 26
internal_count=360 315 225 94 32 131 62 53 42 11 90 70 63 10 45 16 81 45 11 54 12 42 26
is_linear=0
shrinkage=0.03


Tree=72
num_leaves=24
num_cat=0
split_feature=1 1 5 9 6 0 2 9 9 2 2 3 4 9 9 2 2 2 9 4 0 9 2
split_gain=56.7 24.8889 5.3068 4.61176 4.45482 4.73766 6.69643 4.5262 3.60577 2.84444 2.84444 8.53333 2.72727 2.38816 4.33985 4.61542 3.84 3.06813 2.69255 2.47631 3.55486 4.33155 4.88057
threshold=217.50000000000003 82.500000000000014 1.0000000180025095e-35 53.050000000000004 90.350000000000009 2.5000000000000004 6.5500000000000007 1.0000000180025095e-35 -9.6499999999999986 167.25000000000003 16.650000000000002 20.500000000000004 2.5000000000000004 32.600000000000009 2.9500000000000006 116.30000000000003 37.95000000000001 88.600000000000009 1.7500000000000002 4.5000000000000009 3.5000000000000004 -0.84999999999999998 23.650000000000002
decision_type=2 2 2 2 2 2 2 2 2 2 2 2 2 2 2 2 2 2 2 2 2 2 2
left_child=1 3 4 -1 12 7 -7 -6 -8 -2 -4 -12 -3 14 15 17 -16 18 19 -10 -21 22 -22
right_child=9 2 10 -5 5 6 8 -9 13 -11 11 -13 -14 -15 16 -17 -18 -19 -20 20 21 -23 -24
leaf_value=-0.18776257585719378 0.67080591318086247 0.00053713341646243861 0.30426527083417199 0.027107406862986919 0.0031759292958813035 0.040882404632561417 -0.075376378236950356 -0.075337248318572414 -0.00043281350272081907 0.2385285676701295 -0.11126321396312931 0.60654174780943093 0.0039258010000627055 -0.030330343280796937 0.033126754535144298 0.10860876343905147 -0.0079578822251422567 -0.01838340582346035 -0.01279054998098573 -0.0072837372877511087 0.0028037251536383676 -0.0011725461865214014 -0.00081852617080642172
leaf_weight=85 40 5.9999999999999982 9.0000000000000018 4.9999999999999991 5.0000000000000027 7.9999999999999991 12.999999999999998 17 55 4.9999999999999991 4.9999999999999991 9.9999999999999982 5 19 15.000000000000002 5.9999999999999991 9.9999999999999982 4.9999999999999991 7.9999999999999991 7.0000000000000027 11.000000000000009 4.9999999999999956 5.9999999999999991
leaf_count=85 40 6 9 5 5 8 13 17 55 5 5 10 5 19 15 6 10 5 8 7 11 5 6
internal_value=-0.00416667 -0.00866667 -0.00333333 -0.022 -0.00492537 -0.006 -0.00428571 -0.0190909 -0.005625 0.0273333 0.01 0.002 0.0136364 -0.00428571 -0.0028125 -0.00553398 0.0084 -0.0071134 -0.00586957 -0.00428571 -0.0113793 -0.00545455 0.00176471
internal_weight=360 315 225 90 201 190 168 22 160 45 24 15 11 147 128 103 25 97 92 84 29 22 17
internal_count=360 315 225 90 201 190 168 22 160 45 24 15 11 147 128 103 25 97 92 84 29 22 17
is_linear=0
shrinkage=0.03


Tree=73
num_leaves=24
num_cat=0
split_feature=1 1 9 6 3 2 2 4 9 9 8 9 8 6 4 4 6 6 8 2 3 3 9
split_gain=57.3016 24.1829 4.61176 3.81777 3.76624 4.67729 2.84444 2.72727 2.61497 5.14286 3.71058 3.69592 4.43077 2.55968 6.91364 2.33687 2.93213 5.92941 2.17778 2.125 2.57467 2.89453 3.30472
threshold=217.50000000000003 82.500000000000014 53.050000000000004 90.350000000000009 19.500000000000004 6.5500000000000007 167.25000000000003 2.5000000000000004 2.9500000000000006 28.700000000000006 -46.04999999999999 0.25000000000000006 -8.1499999999999968 127.25000000000001 1.5000000000000002 4.5000000000000009 35.550000000000004 78.600000000000009 -8.8499999999999979 1.8500000000000003 7.5000000000000009 4.5000000000000009 -3.7499999999999996
decision_type=2 2 2 2 2 2 2 2 2 2 2 2 2 2 2 2 2 2 2 2 2 2 2
left_child=1 2 15 7 19 -6 -2 -3 10 -10 -7 13 -13 18 -15 -1 -17 -18 -12 -5 21 22 -21
right_child=6 3 -4 4 5 8 -8 -9 9 -11 11 12 -14 14 -16 16 17 -19 -20 20 -22 -23 -24
leaf_value=-0.18212969858147801 0.65068173578543675 0.00052101941396870183 0.026294184657097475 0.061936227965771168 0.039655932493584768 -0.23987667593618481 0.2313727106400256 0.0038080269700607513 0.12873738739365095 -0.00034126516064375778 -0.014514387305352868 0.052341379356514887 -0.011220648722814629 -0.0080067308187857112 0.032784264702276002 -1.1718828068289795 0.021569465872775452 -0.15523244858147761 0.00030243855120559715 -0.018564872544591465 -0.070728681943926966 0.079151731750831969 -0.00074630829300225798
leaf_weight=59 40 5.9999999999999982 4.9999999999999991 7.9999999999999991 7.9999999999999991 4.9999999999999991 4.9999999999999991 5 12.000000000000002 8.9999999999999982 5.9999999999999991 5 7.9999999999999982 4.9999999999999991 10.999999999999998 9.0000000000000018 10.000000000000002 6.9999999999999991 9.0000000000000018 29.999999999999993 27 8.9999999999999982 62.000000000000007
leaf_count=59 40 6 5 8 8 5 5 5 12 9 6 5 8 5 11 9 10 7 9 30 27 9 62
internal_value=-0.00433333 -0.00885714 -0.022 -0.0036 -0.00448598 0.000769231 0.0273333 0.0136364 -0.00171429 0.00714286 -0.0055102 -0.00272727 -0.0161538 0.00290323 0.01125 -0.0236471 -0.0161538 -0.00882353 -0.006 -0.0075 -0.0084375 -0.00623762 -0.00782609
internal_weight=360 315 90 225 214 78 45 11 70 21 49 44 13 31 16 85 26 17 15 136 128 101 92
internal_count=360 315 90 225 214 78 45 11 70 21 49 44 13 31 16 85 26 17 15 136 128 101 92
is_linear=0
shrinkage=0.03


Tree=74
num_leaves=24
num_cat=0
split_feature=1 1 5 9 6 0 2 9 9 9 2 9 9 2 2 3 4 6 6 4 6 6 9
split_gain=56.1016 25.6051 5.09665 4.61176 4.31269 4.96899 6.51905 4.5262 3.78655 3.34997 3.20191 5.12871 3.29608 2.84444 2.84444 8.53333 2.72727 2.37363 2.34873 2.33687 2.93213 5.92941 2.16782
threshold=217.50000000000003 82.500000000000014 1.0000000180025095e-35 53.050000000000004 90.350000000000009 2.5000000000000004 6.5500000000000007 1.0000000180025095e-35 -9.6499999999999986 -6.0999999999999988 28.600000000000005 2.9500000000000006 1.7500000000000002 167.25000000000003 16.650000000000002 20.500000000000004 2.5000000000000004 125.65000000000002 124.95000000000002 4.5000000000000009 35.550000000000004 78.600000000000009 16.450000000000006
decision_type=2 2 2 2 2 2 2 2 2 2 2 2 2 2 2 2 2 2 2 2 2 2 2
left_child=1 3 4 19 16 7 -7 -6 -8 -10 11 12 -11 -2 -4 -16 -3 -13 -12 -1 -21 -22 -20
right_child=13 2 14 -5 5 6 8 -9 9 10 18 17 -14 -15 15 -17 -18 -19 22 20 21 -23 -24
leaf_value=-0.17666580762403369 0.63116128371187352 0.00050538883154970903 0.29725917316746459 0.025505359117384357 0.0012225645780317507 0.038466254518777131 -0.072558140713504138 -0.070955270410697144 0.19986381078766427 -0.00036896227166934633 -0.028094824532599032 0.05021822508434063 -0.0123844442327659 0.22443152932082511 -0.1058034570859175 0.58641955354165265 0.0036937861609588648 0.028270830277280223 -0.00053831677147257999 -1.1367263226241102 0.020922381896592269 -0.15057547512403346 -0.019251297113143266
leaf_weight=59 40 5.9999999999999982 9.0000000000000018 4.9999999999999991 5.0000000000000027 7.9999999999999991 12.999999999999998 17 7.9999999999999991 60 4.9999999999999991 5.9999999999999982 7.9999999999999991 4.9999999999999991 4.9999999999999991 9.9999999999999982 5 7 26 9.0000000000000018 10.000000000000002 6.9999999999999991 27
leaf_count=59 40 6 9 5 5 8 13 17 8 60 5 6 8 5 5 10 5 7 26 9 10 7 27
internal_value=-0.004 -0.00847619 -0.00306667 -0.022 -0.00462687 -0.00568421 -0.00392857 -0.0190909 -0.00525 -0.00387755 -0.00496403 -0.00111111 -0.00441176 0.0273333 0.01 0.002 0.0136364 0.0161538 -0.0103448 -0.0236471 -0.0161538 -0.00882353 -0.00849057
internal_weight=360 315 225 90 201 190 168 22 160 147 139 81 68 45 24 15 11 13 58 85 26 17 53
internal_count=360 315 225 90 201 190 168 22 160 147 139 81 68 45 24 15 11 13 58 85 26 17 53
is_linear=0
shrinkage=0.03


Tree=75
num_leaves=24
num_cat=0
split_feature=1 1 5 9 6 0 2 9 2 2 3 9 9 9 8 9 9 2 6 2 2 8 2
split_gain=54.9143 27.0679 4.68909 4.61176 4.03534 5.44819 6.17143 4.5262 2.84444 2.84444 8.53333 2.72727 2.2589 2.85253 3.55882 2.86654 2.47021 3.51043 3.83309 5.0614 4.02381 8.22857 3.71943
threshold=217.50000000000003 82.500000000000014 1.0000000180025095e-35 53.050000000000004 90.350000000000009 2.5000000000000004 6.5500000000000007 1.0000000180025095e-35 167.25000000000003 16.650000000000002 20.500000000000004 1.2500000000000002 32.600000000000009 2.9500000000000006 -11.699999999999998 1.7500000000000002 -9.6499999999999986 116.30000000000003 130.65000000000001 18.500000000000004 11.200000000000001 -7.1499999999999995 12.850000000000001
decision_type=2 2 2 2 2 2 2 2 2 2 2 2 2 2 2 2 2 2 2 2 2 2 2
left_child=1 3 4 -1 11 7 -7 -6 -2 -4 -11 -3 13 15 -15 16 -8 18 20 -20 21 -18 -22
right_child=8 2 9 -5 5 6 12 -9 -10 10 -12 -13 -14 14 -16 -17 17 -19 19 -21 22 -23 -24
leaf_value=-0.16962457872175404 0.61222644520051683 0.00075393992246013391 0.28834139797244035 0.024740198343862686 0.0011858876406908791 0.037312266883214137 -0.070381396492098819 -0.068826612298376375 0.21769858344119994 -0.10262935337333971 0.56882696693540324 0.016582021699737767 -0.028832656114159503 -0.00013199188334610311 0.049576330260300311 -0.012012910905782945 0.050782206843969245 0.10079701703125352 0.022957864650602459 -0.0057843991656611133 0.054420958447212793 -0.0073467310764060295 0.00016577927744762633
leaf_weight=85 40 5.9999999999999982 9.0000000000000018 4.9999999999999991 5.0000000000000027 7.9999999999999991 12.999999999999998 17 4.9999999999999991 4.9999999999999991 9.9999999999999982 5 19 17.000000000000004 7.9999999999999991 7.9999999999999991 4.9999999999999991 5.9999999999999991 9.9999999999999982 23 4.9999999999999991 8.9999999999999982 37
leaf_count=85 40 6 9 5 5 8 13 17 5 5 10 5 19 17 8 8 5 6 10 23 5 9 37
internal_value=-0.00366667 -0.00809524 -0.00253333 -0.022 -0.00402985 -0.00505263 -0.00321429 -0.0190909 0.0273333 0.01 0.002 0.0136364 -0.0045 -0.00319149 0.006 -0.00517241 -0.00388889 -0.00221053 -0.00370787 -0.0118182 0.00107143 -0.0128571 0.00571429
internal_weight=360 315 225 90 201 190 168 22 45 24 15 11 160 141 25 116 108 95 89 33 56 14 42
internal_count=360 315 225 90 201 190 168 22 45 24 15 11 160 141 25 116 108 95 89 33 56 14 42
is_linear=0
shrinkage=0.03


Tree=76
num_leaves=24
num_cat=0
split_feature=1 1 5 9 3 6 0 4 3 6 9 6 9 4 6 9 6 9 1 8 6 9 9
split_gain=55.5063 26.3314 4.89075 4.61176 2.84444 2.37999 2.83089 3.11145 5.33347 3.33415 3.20606 2.65825 3.41381 2.77563 2.67358 5.10504 4.12512 3.09384 5.68791 3.75 3.6 2.87521 2.53968
threshold=217.50000000000003 82.500000000000014 1.0000000180025095e-35 53.050000000000004 7.5000000000000009 89.750000000000014 3.5000000000000004 4.5000000000000009 1.5000000000000002 92.050000000000011 -1.9499999999999997 138.75000000000003 40.95000000000001 5.5000000000000009 138.05000000000004 -4.3499999999999988 130.65000000000001 -2.2999999999999994 127.50000000000001 -6.6499999999999995 124.95000000000002 1.1500000000000001 55.300000000000004
decision_type=2 2 2 2 2 2 2 2 2 2 2 2 2 2 2 2 2 2 2 2 2 2 2
left_child=1 3 5 -1 -2 -3 7 8 10 -10 -7 12 13 14 15 -8 17 -17 19 20 -19 -20 -14
right_child=4 2 -4 -5 -6 6 11 -9 9 -11 -12 -13 22 -15 -16 16 -18 18 21 -21 -22 -23 -24
leaf_value=-0.16453584136010149 0.59385965184450129 0.002500246806229285 0.18861870090366878 0.023997992393546781 0.21116762593796465 0.0012045276286508509 -0.01991498003513641 -0.023620713921293158 -0.00012863844465350383 -0.09598432655808721 -0.0039006969938075995 -0.0017926476235038534 -0.077381886388672702 0.011419010789809433 0.069453211386277039 0.0036641073193968052 -0.010696100122668497 0.049258740638650378 0.032930349667123264 -0.0071815695936587078 -0.019184334900350562 -0.0013683490083079162 -0.0099280409047486275
leaf_weight=85 40 6.9999999999999991 24 4.9999999999999991 4.9999999999999991 10.000000000000002 4.999999999999992 22 14.000000000000002 12.999999999999998 11.999999999999998 37 4.9999999999999991 9.9999999999999982 5.9999999999999991 7.999999999999992 8.9999999999999982 5.0000000000000018 13.000000000000002 6.0000000000000133 5 4.9999999999999991 8.9999999999999982
leaf_count=85 40 7 24 5 5 10 5 22 14 13 12 37 5 10 6 8 9 5 13 6 5 5 9
internal_value=-0.00383333 -0.00828571 -0.0028 -0.022 0.0273333 -0.00432836 -0.00494845 -0.00971831 -0.0055102 -0.0144444 0.00545455 -0.00219512 0.000697674 0.00333333 0.000967742 -0.00107143 0.00176471 0.00571429 0.00176471 -0.01125 0 0.0133333 -0.0128571
internal_weight=360 315 225 90 45 201 194 71 49 27 22 123 86 72 62 56 51 42 34 16 10 18 14
internal_count=360 315 225 90 45 201 194 71 49 27 22 123 86 72 62 56 51 42 34 16 10 18 14
is_linear=0
shrinkage=0.03


Tree=77
num_leaves=24
num_cat=0
split_feature=1 1 9 2 9 9 6 2 6 6 2 4 2 8 8 4 2 6 8 4 8 9 4
split_gain=54.3254 27.8146 4.61176 3.48074 6.98661 4.42655 5.17487 4.60952 4.50667 3.55789 3.81174 3.85525 4.64448 3.59572 2.97659 4.1417 2.84444 2.76944 2.7 3 2.6473 2.47579 2.33687
threshold=217.50000000000003 82.500000000000014 53.050000000000004 27.650000000000002 1.0000000180025095e-35 2.4500000000000006 89.750000000000014 4.5500000000000007 99.350000000000009 144.15000000000001 39.000000000000007 1.5000000000000002 165.15000000000001 -117.09999999999998 -3.5499999999999994 1.5000000000000002 167.25000000000003 125.65000000000002 -11.699999999999998 2.5000000000000004 -6.4499999999999993 1.7500000000000002 4.5000000000000009
decision_type=2 2 2 2 2 2 2 2 2 2 2 2 2 2 2 2 2 2 2 2 2 2 2
left_child=1 2 22 4 14 6 -6 -8 -9 10 -5 13 20 -12 15 -3 -2 -16 -7 -20 -13 -10 -1
right_child=16 3 -4 9 5 18 7 8 21 -11 11 12 -14 -15 17 -17 -18 -19 19 -21 -22 -23 -24
leaf_value=-0.16134102079285695 0.57604386228916549 -0.0019376099823497838 0.023278052621740385 -0.0020279001277700103 0.0024252394020422229 -0.0035378421384918111 -0.048529344510199475 0.13966669669219398 -0.0017388681947983287 0.0083156255046603171 0.36557971104208403 0.0018057024257423391 -0.092301113515825928 -0.055641528507210297 0.0013235136458055762 0.015827456691976351 0.20483259715982627 -0.0032061885672874978 -0.013116858965985613 0.076247901119536998 -0.019088691968308921 -0.011567123409349591 -0.15765630239271486
leaf_weight=59 40 8.9999999999999982 4.9999999999999991 10.999999999999998 4.9999999999999991 8.0000000000000018 11.999999999999998 5.0000000000000027 19.000000000000004 4.9999999999999991 5.0000000000000027 40.999999999999993 10.999999999999998 17 17.000000000000004 25 4.9999999999999991 11.999999999999998 5.9999999999999982 6 5.0000000000000062 5.9999999999999991 26
leaf_count=59 40 9 5 11 5 8 12 5 19 5 5 41 11 17 17 25 5 12 6 6 5 6 26
internal_value=-0.0035 -0.00790476 -0.022 -0.00226667 0.000923077 -0.0058209 -0.0108511 -0.0142857 -0.008 -0.00663158 -0.008 -0.0056962 -0.00157895 -0.0163636 0.00809524 0.0141176 0.0273333 0.00103448 0.006 0.015 0.0026087 -0.0132 -0.0236471
internal_weight=360 315 90 225 130 67 47 42 30 95 90 79 57 22 63 34 45 29 20 12 46 25 85
internal_count=360 315 90 225 130 67 47 42 30 95 90 79 57 22 63 34 45 29 20 12 46 25 85
is_linear=0
shrinkage=0.03


Tree=78
num_leaves=24
num_cat=0
split_feature=1 1 5 9 6 4 0 2 2 2 3 9 9 0 9 4 6 6 2 2 2 9 9
split_gain=50.8587 27.0679 4.68909 4.61176 4.50962 6.91364 6.43564 6.34405 4.34286 2.84444 8.53333 2.60357 2.57845 3.23077 2.47475 2.33687 2.93213 5.92941 2.25882 1.68213 3.22234 2.625 5.04167
threshold=217.50000000000003 82.500000000000014 1.0000000180025095e-35 53.050000000000004 90.550000000000011 1.5000000000000002 2.5000000000000004 6.5500000000000007 144.20000000000002 16.650000000000002 20.500000000000004 30.900000000000002 -9.6499999999999986 6.5000000000000009 55.300000000000004 4.5000000000000009 35.550000000000004 78.600000000000009 2.6500000000000008 39.000000000000007 20.350000000000005 -0.24999999999999997 2.9500000000000006
decision_type=2 2 2 2 2 2 2 2 2 2 2 2 2 2 2 2 2 2 2 2 2 2 2
left_child=1 3 4 15 5 -3 18 -8 -2 -4 -11 12 13 -9 -13 -1 -17 -18 -6 20 21 -14 -23
right_child=8 2 9 -5 6 -7 7 11 -10 10 -12 14 19 -15 -16 16 17 -19 -20 -21 -22 22 -24
leaf_value=-0.15650079016907112 0.56776263797322479 -0.056606084866396879 0.26984259410539152 0.022579711043088365 -0.033623836599131776 0.0023524822199809136 0.03526311668617467 -0.087774985758413637 0.19868761924503076 -0.10463637304020039 0.54595177698127495 -0.025700390911846539 0.0023030322568013159 -0.01988556494094304 -0.0096843707503782642 -1.0878700312711498 0.035049212113931388 -0.13130370919607556 -0.12896986038933902 0.00051596181999286723 -0.00052262939224078763 -0.00546929687292959 0.046690243955424857
leaf_weight=59 38 4.9999999999999991 9.0000000000000018 4.9999999999999991 5.0000000000000027 10.999999999999998 7.9999999999999991 6.9999999999999982 6.9999999999999991 4.9999999999999991 9.9999999999999982 11.000000000000002 24 6 8.9999999999999982 9.0000000000000018 10.000000000000002 6.9999999999999991 11.999999999999998 38 33 24 7.9999999999999991
leaf_count=59 38 5 9 5 5 11 8 7 7 5 10 11 24 6 9 9 10 7 12 38 33 24 8
internal_value=-0.00383333 -0.00809524 -0.00253333 -0.022 -0.00402985 0.01125 -0.00535135 -0.00357143 0.026 0.01 0.002 -0.004875 -0.00342857 -0.0161538 -0.015 -0.0236471 -0.0161538 -0.00882353 -0.0229412 -0.00212598 -0.00438202 0 -0.005625
internal_weight=360 315 225 90 201 16 185 168 45 24 15 160 140 13 20 85 26 17 17 127 89 56 32
internal_count=360 315 225 90 201 16 185 168 45 24 15 160 140 13 20 85 26 17 17 127 89 56 32
is_linear=0
shrinkage=0.03


Tree=79
num_leaves=24
num_cat=0
split_feature=1 1 6 2 5 5 2 2 6 2 6 0 6 8 4 8 2 2 2 6 6 6 6
split_gain=50.2921 27.8146 5.86169 4.34286 3.8716 3.54525 4.01111 8.53333 3.21497 6.19376 3.6 2.5284 8.71111 2.05063 4.13994 2.07126 5.05263 1.92063 2.74538 2.4 2.34683 2.19537 2.43623
threshold=217.50000000000003 82.500000000000014 90.350000000000009 144.20000000000002 1.0000000180025095e-35 1.0000000180025095e-35 16.650000000000002 69.350000000000009 123.15000000000002 6.5500000000000007 92.050000000000011 5.5000000000000009 77.600000000000009 -19.999999999999996 1.0000000180025095e-35 -8.1499999999999968 12.850000000000001 39.000000000000007 44.20000000000001 127.7 138.75000000000003 126.65000000000002 125.85000000000001
decision_type=2 2 2 2 2 2 2 2 2 2 2 2 2 2 2 2 2 2 2 2 2 2 2
left_child=1 4 -3 -2 11 8 -7 -8 10 -10 -4 -1 -13 14 -11 16 -15 19 -19 -16 21 22 -20
right_child=3 2 5 -5 -6 6 7 -9 9 13 -12 12 -14 15 17 -17 -18 18 20 -21 -22 -23 -24
leaf_value=-1.1977514331306001 0.55072975883402875 0.0022819077533816311 -0.0055959994997357397 0.19272699066767926 -0.54989335516160609 0.26174731628222958 -0.091092175173171336 0.85072969907183504 0.034205223185589655 -0.16256631876479757 -0.28968668624397592 0.050483132534963032 -0.08880581224036603 0.09977575311596304 -0.0045379461306787761 -0.00052072134878592639 -0.001282366838476321 0.0017360524983700998 -0.005788597328894269 -0.0010691754751389481 -0.039103610707922766 0.007775432844138095 -0.094957322026890056
leaf_weight=36 38 10.999999999999998 15.000000000000002 6.9999999999999991 8.9999999999999982 9.0000000000000018 9.9999999999999982 4.9999999999999991 7.9999999999999991 6.9999999999999991 8.9999999999999982 4.9999999999999991 40 6.0000000000000027 5.9999999999999991 54 19 4.9999999999999991 15.000000000000002 9.9999999999999982 6.9999999999999991 21 7.9999999999999991
leaf_count=36 38 11 15 7 9 9 10 5 8 7 9 5 40 6 6 54 19 5 15 10 7 21 8
internal_value=-0.00366667 -0.00790476 -0.00226667 0.026 -0.022 -0.00336449 0.0075 -0.002 -0.00473684 -0.00325301 -0.015 -0.0240741 -0.0193333 -0.00455696 -0.00797468 -0.00113924 0.006 -0.00583333 -0.00321429 -0.015 -0.00529412 -0.00272727 -0.00913043
internal_weight=360 315 225 45 90 214 24 15 190 166 24 81 45 158 79 79 25 72 56 16 51 44 23
internal_count=360 315 225 45 90 214 24 15 190 166 24 81 45 158 79 79 25 72 56 16 51 44 23
is_linear=0
shrinkage=0.03


Tree=80
num_leaves=24
num_cat=0
split_feature=1 1 7 9 2 9 0 9 2 9 7 5 2 2 2 2 7 9 8 2 2 2 4
split_gain=48.9815 30.2252 5.15266 4.61176 4.34286 3.09712 3.23077 3.15487 6.09887 5.87016 3.74026 3.40677 4.21978 3.20889 3.20285 3.27332 3.8629 5.2374 4.53147 9.49451 4.02381 2.58997 2.33687
threshold=82.500000000000014 217.50000000000003 90.350000000000009 53.050000000000004 144.20000000000002 -9.6499999999999986 6.5000000000000009 0.15000000000000005 3.7500000000000004 -0.84999999999999998 125.05000000000001 1.0000000180025095e-35 47.95000000000001 116.30000000000003 20.350000000000005 21.850000000000005 130.65000000000001 -4.2499999999999991 -38.949999999999996 37.95000000000001 67.350000000000009 11.200000000000001 4.5000000000000009
decision_type=2 2 2 2 2 2 2 2 2 2 2 2 2 2 2 2 2 2 2 2 2 2 2
left_child=3 2 -2 22 -3 6 -4 9 -9 13 -11 -10 -13 14 21 -16 17 20 -18 -20 -17 -7 -1
right_child=1 4 5 -5 -6 7 -8 8 11 10 -12 12 -14 -15 15 16 18 -19 19 -21 -22 -23 -24
leaf_value=-0.13714154632042067 0.0022134505207800715 0.53420786606900716 -0.080264746622717098 0.038399120366643585 0.18694518094764931 -0.00051887054663438906 -0.018694633011863998 -0.058002560489760172 -0.0019982778641238494 -0.0021081746204576744 0.033179066490022252 -0.040479005274409584 0.84891936943183377 0.095386597266031575 -0.0069197661540188445 -0.023503656387948411 -0.045689979237098721 0.0011316973116535678 -0.0011162956716443517 0.0032776432877207637 0.0042578025840354881 0.040884121555084717 -0.14153548334813693
leaf_weight=59 10.999999999999998 38 6.9999999999999982 4.9999999999999991 6.9999999999999991 13.000000000000002 6 7.9999999999999991 77 8.0000000000000018 13.999999999999998 6.9999999999999982 6 5.9999999999999991 4.9999999999999991 7.9999999999999947 9.0000000000000018 11.000000000000005 5.9999999999999982 7 6 9.9999999999999982 26
leaf_count=59 11 38 7 5 7 13 6 8 77 8 14 7 6 6 5 8 9 11 6 7 6 10 26
internal_value=-0.00283333 0.00355556 -0.000933333 -0.022 0.026 -0.00196262 -0.0161538 -0.00104478 -0.00489796 0.00262136 0.0163636 -0.00266667 0.0115385 -0.00111111 -0.0028 -0.00692308 -0.00446809 0.0036 -0.0136364 -0.00230769 -0.00857143 0.00652174 -0.0236471
internal_weight=360 270 225 90 45 214 13 201 98 103 22 90 13 81 75 52 47 25 22 13 14 23 85
internal_count=360 270 225 90 45 214 13 201 98 103 22 90 13 81 75 52 47 25 22 13 14 23 85
is_linear=0
shrinkage=0.03


Tree=81
num_leaves=24
num_cat=0
split_feature=1 1 6 9 2 1 2 9 9 4 9 2 2 6 4 9 6 6 9 4 6 6 9
split_gain=49.1683 29.3384 5.57259 4.61176 4.34286 3.98245 4.82857 4.63386 4.45055 3.28596 2.77032 5.66274 4.00193 3.39409 2.44491 4.1958 3.07692 2.4381 2.37363 2.33687 2.93213 5.92941 1.97887
threshold=217.50000000000003 82.500000000000014 90.350000000000009 53.050000000000004 144.20000000000002 127.50000000000001 11.65 -9.6499999999999986 0.65000000000000002 1.0000000180025095e-35 13.700000000000001 113.75000000000001 120.45000000000002 145.15000000000001 4.5000000000000009 -3.7499999999999996 141.20000000000002 124.65000000000002 -1.7499999999999998 4.5000000000000009 35.550000000000004 78.600000000000009 16.450000000000006
decision_type=2 2 2 2 2 2 2 2 2 2 2 2 2 2 2 2 2 2 2 2 2 2 2
left_child=1 3 -3 19 -2 7 8 -4 -7 17 12 -12 13 14 15 16 -8 -9 -16 -1 -21 -22 -11
right_child=4 2 5 -5 -6 6 10 9 -10 22 11 -13 -14 -15 18 -17 -18 -19 -20 20 21 -23 -24
leaf_value=-0.13302729993080803 0.51818163008693774 0.0021470470051565371 -0.077856804224035583 0.037247146755644139 0.18133682551921992 0.035446243704915899 5.1944565935002623e-06 0.26358605099141613 -0.0073973448339248191 -0.001358474572818693 0.018721310830918655 -0.025102693833891718 0.092524999348050294 -0.064335459914522483 -0.00045783999986127806 0.0020178147671312272 -0.051443953808243348 -0.0011839474973983498 -0.0016926913972902468 -1.015055322838653 0.045734953590357036 -0.12045435905253825 -0.049553969123339238
leaf_weight=59 38 10.999999999999998 6.9999999999999991 4.9999999999999991 6.9999999999999991 13.000000000000002 7.9999999999999964 6.9999999999999982 6.9999999999999991 82 12.000000000000002 4.9999999999999991 9.9999999999999982 5.9999999999999991 7 11.000000000000004 5 5 5.9999999999999982 9.0000000000000018 10.000000000000002 6.9999999999999991 23
leaf_count=59 38 11 7 5 7 13 8 7 7 82 12 5 10 6 7 11 5 5 6 9 10 7 23
internal_value=-0.00333333 -0.00752381 -0.00173333 -0.022 0.026 -0.00280374 0.002 -0.00629032 0.015 -0.00487179 -0.00171429 0.00882353 -0.00509434 -0.00906977 -0.00567568 0 -0.0115385 0.01 -0.0161538 -0.0236471 -0.0161538 -0.00882353 -0.00657143
internal_weight=360 315 225 90 45 214 90 124 20 117 70 17 53 43 37 24 13 12 13 85 26 17 105
internal_count=360 315 225 90 45 214 90 124 20 117 70 17 53 43 37 24 13 12 13 85 26 17 105
is_linear=0
shrinkage=0.03


Tree=82
num_leaves=24
num_cat=0
split_feature=1 1 6 9 2 5 9 1 2 9 9 2 2 2 2 6 2 2 6 6 6 2 2
split_gain=50.8587 27.0679 6.00898 4.61176 4.34286 3.7306 4.56316 2.69752 6.26272 4.21303 4.00238 3.56263 3.4211 5.45919 2.79189 2.51589 2.42915 5.60769 2.2799 2.07914 4.09318 4.37607 3.33622
threshold=217.50000000000003 82.500000000000014 90.350000000000009 53.050000000000004 144.20000000000002 1.0000000180025095e-35 -2.1499999999999999 127.50000000000001 11.65 0.65000000000000002 -9.6499999999999986 10.050000000000002 19.900000000000002 21.850000000000005 25.400000000000002 92.050000000000011 47.95000000000001 10.050000000000002 125.35000000000001 35.550000000000004 78.600000000000009 12.850000000000001 0.90000000000000013
decision_type=2 2 2 2 2 2 2 2 2 2 2 2 2 2 2 2 2 2 2 2 2 2 2
left_child=1 3 -3 19 -2 7 -7 10 9 -9 -4 15 -13 -14 -15 -12 17 -8 -16 -1 21 22 -21
right_child=4 2 5 -5 -6 6 16 8 -10 -11 11 12 13 14 18 -17 -18 -19 -20 20 -22 -23 -24
leaf_value=-1.1477138018609616 0.50263618118432984 0.0020826355950019602 -0.075521100097314359 0.036129732352974737 0.17589672075364318 -0.09801865266497628 0.21198773697494813 0.031120307184174294 -0.00093331185116767295 -0.0071754244889072538 -0.0034714160036470073 0.032025304163121861 -0.0067504663468323399 0.0019092425683955127 -0.026641005300295006 -0.0066887937897902811 0.8235475090939236 -0.075253314010220146 -0.00032613463065601423 -0.062439051636453795 -0.083900452814133497 -0.67668796383965335 0.23291104074826491
leaf_weight=30 38 10.999999999999998 6.9999999999999991 4.9999999999999991 6.9999999999999991 5.0000000000000027 8.0000000000000018 12.000000000000002 59 6.9999999999999991 12.000000000000002 21 7.9999999999999991 4.9999999999999991 12.999999999999998 17 5.9999999999999991 4.9999999999999991 29 11.000000000000005 29 7.9999999999999991 6.9999999999999991
leaf_count=30 38 11 7 5 7 5 8 12 59 7 12 21 8 5 13 17 6 5 29 11 29 8 7
internal_value=-0.00383333 -0.00809524 -0.00253333 -0.022 0.026 -0.00364486 0.0075 -0.00505263 -0.000769231 0.0142105 -0.00803571 -0.00657143 -0.00315789 -0.00709091 -0.00319149 -0.0155172 0.0142105 0.00692308 -0.00571429 -0.0236471 -0.0201818 -0.0115385 -0.00333333
internal_weight=360 315 225 90 45 214 24 190 78 19 112 105 76 55 47 29 19 13 42 85 55 26 18
internal_count=360 315 225 90 45 214 24 190 78 19 112 105 76 55 47 29 19 13 42 85 55 26 18
is_linear=0
shrinkage=0.03


Tree=83
num_leaves=24
num_cat=0
split_feature=1 1 6 5 9 2 0 2 9 2 6 2 2 6 2 3 6 4 6 6 4 6 4
split_gain=49.1683 29.3384 5.57259 4.92382 4.61176 4.34286 2.85415 5.57119 3.10644 3.76456 3.98551 3.98228 3.367 3.28827 2.84444 8.53333 2.65771 2.33687 2.93213 5.92941 1.79203 2.84444 2.24118
threshold=217.50000000000003 82.500000000000014 90.350000000000009 1.0000000180025095e-35 53.050000000000004 144.20000000000002 3.5000000000000004 6.5500000000000007 -7.6499999999999995 11.200000000000001 92.050000000000011 19.900000000000002 23.650000000000002 125.35000000000001 16.650000000000002 20.500000000000004 123.65000000000002 4.5000000000000009 35.550000000000004 78.600000000000009 1.0000000180025095e-35 129.75000000000003 2.5000000000000004
decision_type=2 2 2 2 2 2 2 2 2 2 2 2 2 2 2 2 2 2 2 2 2 2 2
left_child=1 4 -3 6 17 -2 8 -8 -4 10 -10 -11 -13 -14 -5 -16 -9 -1 -19 -20 21 -18 -22
right_child=5 2 3 14 -6 -7 7 16 9 11 -12 12 13 -15 15 -17 20 18 19 -21 22 -23 -24
leaf_value=-0.12651946734845992 0.48755709574879913 0.0020201565271518972 -0.044961164527045835 0.24879038907993134 0.035045840382385479 0.17061981913103352 0.030186697968648844 0.002003695410433437 -0.0033672735235375484 0.031064545038228031 -0.22238890820442009 -0.01274258618027602 -0.037908731370797852 0.00067719006525877032 -0.095078093085026572 0.45286599176119691 -0.049964631199181042 -0.95017224909766462 0.041805825145969353 -0.11432371469653788 0.00094878583515900061 -3.0619615104967577e-05 -0.0009053124956329839
leaf_weight=59 38 10.999999999999998 5.9999999999999991 9.0000000000000018 4.9999999999999991 6.9999999999999991 7.9999999999999991 4.9999999999999991 12.000000000000002 10.999999999999998 10.999999999999998 5.0000000000000027 9.0000000000000018 12.999999999999998 4.9999999999999991 9.9999999999999982 5.9999999999999991 9.0000000000000018 10.000000000000002 6.9999999999999991 28 8.9999999999999982 67
leaf_count=59 38 11 6 9 5 7 8 5 12 11 11 5 9 13 5 10 6 9 10 7 28 9 67
internal_value=-0.00333333 -0.00752381 -0.00173333 -0.00280374 -0.022 0.026 -0.00442105 -0.00170732 -0.00940299 -0.00737705 -0.0169565 -0.00157895 -0.00777778 -0.00272727 0.01 0.002 -0.0033913 -0.0236471 -0.0161538 -0.00882353 -0.00436364 -0.014 -0.00284211
internal_weight=360 315 225 214 90 45 190 123 67 61 23 38 27 22 24 15 115 85 26 17 110 15 95
internal_count=360 315 225 214 90 45 190 123 67 61 23 38 27 22 24 15 115 85 26 17 110 15 95
is_linear=0
shrinkage=0.03


Tree=84
num_leaves=24
num_cat=0
split_feature=1 1 2 2 4 6 6 5 8 6 8 8 2 8 8 2 2 6 4 6 6 8 6
split_gain=45.6333 24 6.11111 6.01696 5.09258 3.85714 4.76374 3.56067 3.60431 5.92982 4.66781 3.10256 3 3 2.24795 1.82297 4.58601 2.25564 2.63736 2.3467 3.81203 4.2 1.6
threshold=82.500000000000014 217.50000000000003 103.40000000000002 16.050000000000004 4.5000000000000009 78.600000000000009 34.650000000000013 1.0000000180025095e-35 -3.5499999999999994 89.750000000000014 -4.6999999999999984 -8.1499999999999968 12.850000000000001 -1.5499999999999998 -2.2999999999999994 39.000000000000007 44.20000000000001 126.65000000000002 1.5000000000000002 125.85000000000001 125.35000000000001 -50.399999999999999 124.95000000000002
decision_type=2 2 2 2 2 2 2 2 2 2 2 2 2 2 2 2 2 2 2 2 2 2 2
left_child=4 3 -3 7 -1 6 -6 8 10 -10 11 12 -2 -4 -11 -5 -17 19 -19 20 21 -18 -12
right_child=1 2 13 15 5 -7 -8 -9 9 14 22 -13 -14 -15 -16 16 17 18 -20 -21 -22 -23 -24
leaf_value=-0.12872390621618976 0.096584542210673655 0.47593056598180394 0.28978602506431911 -0.0010512455185281056 -0.91716709306882649 -0.11089400325564171 0.033994465170914055 0.24132667740753305 0.0025061315037943643 -0.044870178342443695 0.00094733629033242998 -0.00092954413731689551 0.0025095512783498463 -0.0064444534117404821 -0.035457546227304418 0.0020767494721138746 0.00045592143482153346 -0.04356948439773134 0.0057741599433718703 -0.10436422078641058 0.001103052181387909 -0.070143371797363158 0.032543646239183772
leaf_weight=62 5.9999999999999947 33 6 54 8.0000000000000053 6.9999999999999991 12.999999999999998 8.9999999999999982 6.0000000000000027 10.000000000000004 5.9999999999999991 27.000000000000004 6 5.9999999999999982 8.9999999999999964 6.9999999999999991 5.0000000000000027 12.999999999999998 35 8.9999999999999982 6.9999999999999991 7.0000000000000027 8.9999999999999982
leaf_count=62 6 33 6 54 8 7 13 9 6 10 6 27 6 6 9 7 5 13 35 9 7 7 9
internal_value=-0.00283333 0.00333333 0.0233333 -0.000666667 -0.0213333 -0.0107143 -0.00428571 0.00545455 0.00341772 -0.006 0.00777778 0.00230769 0.015 0.005 -0.0142105 -0.00459854 -0.00180723 -0.00394737 0 -0.0107143 -0.00473684 -0.015 0.022
internal_weight=360 270 45 225 90 28 21 88 79 25 54 39 12 12 19 137 83 76 48 28 19 12 15
internal_count=360 270 45 225 90 28 21 88 79 25 54 39 12 12 19 137 83 76 48 28 19 12 15
is_linear=0
shrinkage=0.03


Tree=85
num_leaves=24
num_cat=0
split_feature=1 1 2 7 4 7 7 2 0 9 2 7 1 2 2 9 8 8 9 2 4 9 8
split_gain=43.2 24 6.11111 5.01633 4.47322 3.85714 4.76374 3.61909 5.26458 5.00052 8.88919 6.10084 4.25455 3.901 5.60769 3 2.81451 3.74981 2.72727 4.04196 3.23077 2.72446 4.21974
threshold=82.500000000000014 217.50000000000003 103.40000000000002 90.350000000000009 4.5000000000000009 78.600000000000009 34.650000000000013 16.050000000000004 2.5000000000000004 1.0000000180025095e-35 3.7500000000000004 130.65000000000001 127.50000000000001 6.5500000000000007 11.200000000000001 -6.9999999999999991 2.2500000000000004 1.0000000180025095e-35 2.9500000000000006 10.050000000000002 2.5000000000000004 -4.4999999999999991 -50.399999999999999
decision_type=2 2 2 2 2 2 2 2 2 2 2 2 2 2 2 2 2 2 2 2 2 2 2
left_child=4 3 -3 -2 -1 6 -6 9 -9 12 -11 18 13 -5 -15 -4 17 21 19 20 -12 22 -10
right_child=1 2 15 7 5 -7 -8 8 16 10 11 -13 -14 14 -16 -17 -18 -19 -20 -21 -22 -23 -24
leaf_value=-0.12486218902970392 0.0018843678862235434 0.46165264900234998 -0.006251119809388115 0.09314784801841583 -0.88965208027676168 -0.10756718315797258 0.032974631215786442 -0.17089641434287173 -0.015524370996735114 -0.057933001556141048 -0.0024068614203515181 -0.0078378763691802078 0.031567336852008056 -0.003671306594510568 0.049054434899546633 0.21135883169401126 0.0014665737854437566 -0.0005385410645878608 0.031158185909555981 -0.0031164110868678561 0.1120747649514945 -3.723696045824454e-05 -0.022396969701664843
leaf_weight=62 10.999999999999998 33 6 10.000000000000002 8.0000000000000053 6.9999999999999991 12.999999999999998 6.9999999999999991 17.000000000000004 8.9999999999999982 6.0000000000000053 6.9999999999999991 12.999999999999998 7.9999999999999982 5 5.9999999999999982 9.9999999999999982 4.9999999999999991 4.9999999999999991 8.9999999999999982 7 84 11.999999999999998
leaf_count=62 11 33 6 10 8 7 13 7 17 9 6 7 13 8 5 6 10 5 5 9 7 84 12
internal_value=-0.00266667 0.00333333 0.0233333 -0.000666667 -0.0206667 -0.0107143 -0.00428571 -0.00168224 -0.00466667 0.00341772 -0.00348837 0.00352941 0.0116667 0.00391304 -0.00692308 0.005 -0.00328125 -0.00457627 0.01 0.00545455 0.0161538 -0.00345133 -0.0113793
internal_weight=360 270 45 225 90 28 21 214 135 79 43 34 36 23 13 12 128 118 27 22 13 113 29
internal_count=360 270 45 225 90 28 21 214 135 79 43 34 36 23 13 12 128 118 27 22 13 113 29
is_linear=0
shrinkage=0.03


Tree=86
num_leaves=24
num_cat=0
split_feature=1 1 2 4 6 9 5 0 2 9 2 2 6 6 6 2 9 9 8 9 9 9 6
split_gain=39.2926 25.0785 6.11111 5.89862 5.29081 3 2.85111 4.59332 5.50476 4.56316 2.42915 5.60769 2.41429 4.06374 2.12121 1.74545 1.65636 2.53968 1.50769 1.42612 2.46003 2.00451 2.73591
threshold=82.500000000000014 217.50000000000003 103.40000000000002 4.5000000000000009 90.350000000000009 -6.9999999999999991 1.0000000180025095e-35 2.5000000000000004 6.5500000000000007 -2.1499999999999999 47.95000000000001 10.050000000000002 34.650000000000013 78.600000000000009 92.050000000000011 2.6500000000000008 40.95000000000001 55.300000000000004 -4.9999999999999991 -9.6499999999999986 -6.0999999999999988 -4.4999999999999991 143.30000000000004
decision_type=2 2 2 2 2 2 2 2 2 2 2 2 2 2 2 2 2 2 2 2 2 2 2
left_child=3 4 -3 -1 15 -4 7 14 -9 -8 11 -11 -5 18 -6 -2 19 -18 -14 -10 -21 -22 -23
right_child=1 2 5 12 6 -7 9 8 16 10 -12 -13 13 -15 -16 -17 17 -19 -20 20 21 22 -24
leaf_value=-0.12111632335881296 0.0029209961945510085 0.44780306953227922 -0.0060635862151059428 -0.8629625178684589 -0.0020348639561720461 0.2050180667431917 -0.084994556708268471 0.027357767536853143 -0.047355558323035327 0.1878462536765268 0.78508299637878265 -0.062912178213155701 -0.69704695573814146 -0.10434016766323352 -0.48813478101075447 0.0013500847953226013 -0.066779314925804412 -0.0082156994792664754 0.13785597121094967 0.18540963984688447 -0.014890887499007376 2.8147040829509251e-05 -0.0011916834419224641
leaf_weight=62 4.9999999999999982 33 6 8.0000000000000018 15.000000000000002 5.9999999999999982 5.0000000000000027 7.9999999999999991 12.999999999999998 8.0000000000000018 5.9999999999999991 4.9999999999999991 5.0000000000000027 6.9999999999999991 6.9999999999999991 6 4.9999999999999991 8.9999999999999982 7.9999999999999991 7.9999999999999991 13.999999999999998 102 8.9999999999999982
leaf_count=62 5 33 6 8 15 6 5 8 13 8 6 5 5 7 7 6 5 9 8 8 14 102 9
internal_value=-0.00283333 0.00288889 0.0233333 -0.02 -0.0012 0.005 -0.00224299 -0.00347368 -0.00178571 0.0075 0.0142105 0.00692308 -0.00857143 -0.003 -0.0163636 0.0190909 -0.003 -0.0128571 0.00692308 -0.00205479 -0.00112782 -0.00216 -0.000810811
internal_weight=360 270 45 90 225 12 214 190 168 24 19 13 28 20 22 11 160 14 13 146 133 125 111
internal_count=360 270 45 90 225 12 214 190 168 24 19 13 28 20 22 11 160 14 13 146 133 125 111
is_linear=0
shrinkage=0.03


Tree=87
num_leaves=24
num_cat=0
split_feature=1 1 2 4 6 9 5 0 2 9 8 8 8 8 4 9 9 2 2 6 6 3 2
split_gain=39.2926 25.0785 6.11111 5.89862 5.29081 3 2.85111 4.59332 5.50476 4.56316 2.50043 2.90967 4.74747 2.90909 3.4386 5.5311 5.04935 2.42915 5.60769 2.41429 4.06374 2.4 2.23172
threshold=82.500000000000014 217.50000000000003 103.40000000000002 4.5000000000000009 90.350000000000009 -6.9999999999999991 1.0000000180025095e-35 2.5000000000000004 6.5500000000000007 -2.1499999999999999 -39.04999999999999 -37.449999999999996 -31.249999999999996 -41.999999999999993 1.5000000000000002 16.450000000000006 -9.6499999999999986 47.95000000000001 10.050000000000002 34.650000000000013 78.600000000000009 1.5000000000000002 34.800000000000004
decision_type=2 2 2 2 2 2 2 2 2 2 2 2 2 2 2 2 2 2 2 2 2 2 2
left_child=3 4 -3 -1 -2 -4 7 -6 -9 -8 13 -12 -13 14 -10 16 -16 18 -11 -5 -21 -17 -14
right_child=1 2 5 19 6 -7 9 8 10 17 11 12 22 -15 15 21 -18 -19 -20 20 -22 -23 -24
leaf_value=-0.11748283365804837 0.0017873343057773637 0.43436897744631153 -0.0058816786286536166 -0.83707364233240511 -0.056845595319888247 0.19886752474089547 -0.082444720007020467 0.0265370345107479 -0.061023720366417462 0.18221086606623102 0.0034126423276104843 -0.024664442684841532 -9.7545893757740033e-05 -0.017892225286448137 -0.045934891573344315 -0.0246605431389775 0.062131010368443353 0.76153050648741938 -0.061024812866760668 0.048915801405733816 -0.10120996263333637 -0.035006625613626101 0.00076478657791255954
leaf_weight=62 10.999999999999998 33 6 8.0000000000000018 22 5.9999999999999982 5.0000000000000027 7.9999999999999991 11.999999999999998 8.0000000000000018 5.9999999999999991 4.9999999999999991 81 4.9999999999999991 6.9999999999999973 5.9999999999999991 15.000000000000004 5.9999999999999991 4.9999999999999991 13.000000000000002 6.9999999999999991 9.9999999999999982 12.999999999999998
leaf_count=62 11 33 6 8 22 6 5 8 12 8 6 5 81 5 7 6 15 6 5 13 7 10 13
internal_value=-0.00283333 0.00288889 0.0233333 -0.02 -0.0012 0.005 -0.00224299 -0.00347368 -0.00178571 0.0075 -0.003 -0.000285714 -0.00151515 -0.00818182 -0.006 -0.00157895 0.00818182 0.0142105 0.00692308 -0.00857143 -0.003 -0.015 0
internal_weight=360 270 45 90 225 12 214 190 168 24 160 105 99 55 50 38 22 19 13 28 20 16 94
internal_count=360 270 45 90 225 12 214 190 168 24 160 105 99 55 50 38 22 19 13 28 20 16 94
is_linear=0
shrinkage=0.03


Tree=88
num_leaves=24
num_cat=0
split_feature=6 6 2 4 2 9 6 6 9 4 8 2 6 6 2 2 8 9 8 2 4 0 6
split_gain=41.6148 21.5374 6.76533 5.89862 4.30341 5.95539 3.89607 3.29265 7.14876 3.69245 4.55322 3.21396 2.98286 2.74286 2.72727 4.04196 2.67172 3.93417 2.53968 2.50784 4 3.08571 2.41429
threshold=86.500000000000014 292.15000000000003 103.40000000000002 4.5000000000000009 18.500000000000004 -0.24999999999999997 90.550000000000011 129.55000000000004 28.700000000000006 1.5000000000000002 -70.049999999999983 4.5500000000000007 130.65000000000001 130.05000000000004 11.200000000000001 6.5500000000000007 -38.949999999999996 -4.0499999999999989 -3.3499999999999992 11.950000000000001 3.5000000000000004 4.5000000000000009 34.650000000000013
decision_type=2 2 2 2 2 2 2 2 2 2 2 2 2 2 2 2 2 2 2 2 2 2 2
left_child=3 4 -3 -1 5 13 18 -6 9 -9 -11 -8 19 14 15 -2 -12 -18 -7 20 21 -13 -5
right_child=1 2 -4 22 7 6 11 8 -10 10 16 12 -14 -15 -16 -17 17 -19 -20 -21 -22 -23 -24
leaf_value=-0.11395834864830703 0.044816764010129476 0.4198378165701882 0.13766887260497354 -0.81196143306243285 -0.0050933243951136829 0.0035452512944792146 -0.12535616600129296 -0.0031127170776690605 0.0035649285019624696 0.085647391358379954 -0.036127094421292152 0.030050973192815036 -0.0092195841395317762 0.067571360780234069 0.047584883818148141 -0.0070235513452294633 0.0043754374037271761 -0.0016041432327715199 0.0015566351599908045 -0.003020836788674046 0.16883772531502414 -0.0064460667060914998 -0.063673732418887144
leaf_weight=62 13.000000000000005 32 10.999999999999998 8.0000000000000018 71 4.9999999999999991 7.9999999999999991 12.999999999999998 6.9999999999999991 7.9999999999999991 8.9999999999999947 7.0000000000000053 8.9999999999999982 7.9999999999999991 4.9999999999999991 8.9999999999999982 6.9999999999999991 17.000000000000007 8.9999999999999982 10.999999999999998 5.9999999999999991 5 20
leaf_count=62 13 32 11 8 71 5 8 13 7 8 9 7 9 8 5 9 7 17 9 11 6 5 20
internal_value=-0.00233333 0.00355556 0.0230233 -0.02 -0.000132159 0.00473684 -0.001 -0.00363636 0.00147541 -0.00222222 0.00219512 -0.00521739 -0.00157895 0.0145714 0.01 0.00545455 -0.00272727 0.0025 0.0128571 0.00310345 0.01 0 -0.00857143
internal_weight=360 270 43 90 227 95 60 132 61 54 41 46 38 35 27 22 33 24 14 29 18 12 28
internal_count=360 270 43 90 227 95 60 132 61 54 41 46 38 35 27 22 33 24 14 29 18 12 28
is_linear=0
shrinkage=0.03


Tree=89
num_leaves=24
num_cat=0
split_feature=1 1 2 4 8 8 9 9 8 6 8 2 4 6 9 4 8 5 9 9 2 3 8
split_gain=40.8333 24 6.11111 5.89862 3.84127 5.49076 4.88526 4.78014 6.38242 5.89623 7.77941 4.76695 4.39216 3.89126 7.02108 3.33333 3.1276 3.11886 3 2.83663 6.09524 2.74673 2.81667
threshold=82.500000000000014 217.50000000000003 103.40000000000002 4.5000000000000009 0.70000000000000007 1.0000000180025095e-35 -3.7499999999999996 0.15000000000000005 -6.6499999999999995 90.350000000000009 -8.1499999999999968 12.850000000000001 1.5000000000000002 130.05000000000004 13.700000000000001 4.5000000000000009 -2.4499999999999997 1.0000000180025095e-35 -6.9999999999999991 -3.4499999999999997 24.800000000000001 4.5000000000000009 -70.049999999999983
decision_type=2 2 2 2 2 2 2 2 2 2 2 2 2 2 2 2 2 2 2 2 2 2 2
left_child=3 4 -3 -1 5 6 12 8 19 -9 11 -11 -2 -13 -15 -6 -10 -12 -4 -8 -21 -14 -23
right_child=1 2 18 -5 15 -7 7 9 16 10 17 13 21 14 -16 -17 -18 -19 -20 20 -22 22 -24
leaf_value=-0.11053959818885772 -0.11182510871464472 0.40874277362581718 -0.0098352944479432828 -0.11792154394394103 0.01052142586183571 -0.043864583141259884 0.001175494353381481 0.0084556086720743908 0.020451233442424836 0.10781307477275248 -0.0090773676310476493 -0.018885179772287729 -0.014769291545986291 -0.0017495293189371353 0.026213292159385799 -0.00036750313520883537 0.0027330472247417957 0.21455778878502826 0.18877143282051945 0.0011411442544662265 -0.028035364650748421 0.083077969617628603 -0.0059804560160420552
leaf_weight=62 7.9999999999999991 33 6 28 9.9999999999999982 5.9999999999999991 5.0000000000000027 7.9999999999999991 17.000000000000004 4.9999999999999991 29 36 18 11.000000000000002 11.999999999999998 4.9999999999999991 12.999999999999998 4.9999999999999991 5.9999999999999982 14.000000000000002 6.9999999999999991 5.9999999999999991 9.9999999999999982
leaf_count=62 8 33 6 28 10 6 5 8 17 5 29 36 18 11 12 5 13 5 6 14 7 6 10
internal_value=-0.0025 0.00333333 0.0233333 -0.02 -0.000666667 -0.00171429 -0.000882353 0.00148148 0.00857143 -0.00226415 -0.00428571 0.001875 -0.01 -0.000508475 0.00913043 0.014 0.018 -0.0158824 0.005 -0.00230769 -0.00714286 -0.00529412 0.00375
internal_weight=360 270 45 90 225 210 204 162 56 106 98 64 42 59 23 15 30 34 12 26 21 34 16
internal_count=360 270 45 90 225 210 204 162 56 106 98 64 42 59 23 15 30 34 12 26 21 34 16
is_linear=0
shrinkage=0.03


Tree=90
num_leaves=24
num_cat=0
split_feature=1 1 2 4 2 2 8 1 5 6 4 6 6 5 8 8 8 2 8 8 6 2 2
split_gain=39.6254 22.1257 6.11111 5.23052 4.60835 3.94054 3 2.5 3.11143 7.27579 5.05564 2.44308 4.35509 3.29472 2.73501 5.84028 3.33395 2.60417 3.75 4.16667 3.75 3.27389 6.16117
threshold=217.50000000000003 82.500000000000014 103.40000000000002 4.5000000000000009 6.1500000000000012 7.1000000000000005 -1.5499999999999998 107.50000000000001 1.0000000180025095e-35 92.050000000000011 1.5000000000000002 132.50000000000003 143.30000000000004 1.0000000180025095e-35 -31.249999999999996 -22.699999999999999 -38.949999999999996 19.900000000000002 -7.7999999999999998 -5.3499999999999988 124.95000000000002 21.850000000000005 25.400000000000002
decision_type=2 2 2 2 2 2 2 2 2 2 2 2 2 2 2 2 2 2 2 2 2 2 2
left_child=1 3 -2 -1 7 -6 -4 8 9 10 -3 14 13 -13 16 -16 -7 18 20 -20 -17 -19 -23
right_child=2 4 6 -5 5 11 -8 -9 -10 -11 -12 12 -14 -15 15 17 -18 21 19 -21 -22 22 -24
leaf_value=-0.10722341024319178 0.3964804904170427 -0.055626235215276126 0.2528419024542819 -0.11438389762562294 -0.0074263818081455211 -0.020693628636753232 -0.0095402356145046947 0.023441564600297511 0.13220601392784914 -0.3606746063413982 0.0020422013848209273 0.00079995966230342211 -0.004101937770555111 0.89187715900357145 0.001437068977388236 0.044638861028012754 -0.018422578598276687 -0.0049232327777673389 -0.0014005159661223132 0.025171628613125916 0.0070697267596868578 0.0021015155953846686 -0.013703473625315609
leaf_weight=62 33 5.0000000000000062 6 28 4.9999999999999991 43 5.9999999999999982 7.9999999999999991 6.9999999999999991 5.9999999999999991 13.999999999999998 37 15.999999999999998 4.9999999999999991 7.9999999999999991 5.9999999999999956 6.9999999999999991 11.000000000000002 11.999999999999998 12.000000000000005 9.9999999999999982 5.9999999999999982 7
leaf_count=62 33 5 6 28 5 43 6 8 7 6 14 37 16 5 8 6 7 11 12 12 10 6 7
internal_value=-0.003 -0.0067619 0.0233333 -0.0193333 -0.00173333 -0.00372973 0.005 0.0075 0.00375 -0.0012 0.00789474 -0.003 0.00206897 0.00714286 -0.00540984 -0.00166667 -0.0108 -0.0046875 0 -0.0075 0.01125 -0.0125 -0.00230769
internal_weight=360 315 45 90 225 185 12 40 32 25 19 180 58 42 122 72 50 64 40 24 16 24 13
internal_count=360 315 45 90 225 185 12 40 32 25 19 180 58 42 122 72 50 64 40 24 16 24 13
is_linear=0
shrinkage=0.03


Tree=91
num_leaves=24
num_cat=0
split_feature=1 1 2 4 2 9 2 2 8 9 7 7 2 7 7 7 7 5 9 9 8 9 8
split_gain=38.6286 21.1314 6.11111 4.60256 4.34601 6.0213 4.40238 4.03844 3.43108 3 2.41429 4.06374 2.21966 3.33333 5.0381 2.13233 4.35509 3.29472 3.09651 7.04506 3.7954 2.57653 2.94737
threshold=217.50000000000003 82.500000000000014 103.40000000000002 4.5000000000000009 6.1500000000000012 0.55000000000000016 0.90000000000000013 7.1000000000000005 -2.9999999999999996 -6.9999999999999991 34.650000000000013 78.600000000000009 1.0000000180025095e-35 79.050000000000011 78.750000000000014 132.50000000000003 143.30000000000004 1.0000000180025095e-35 -2.9999999999999996 -1.8499999999999999 -2.5499999999999994 39.400000000000006 -7.7999999999999998
decision_type=2 2 2 2 2 2 2 2 2 2 2 2 2 2 2 2 2 2 2 2 2 2 2
left_child=1 3 -2 12 5 6 -3 -6 -7 -4 -5 -12 13 14 -1 18 17 -17 -9 -20 21 22 -21
right_child=2 4 9 10 7 8 -8 15 -10 -11 11 -13 -14 -15 -16 16 -18 -19 19 20 -22 -23 -24
leaf_value=-0.032053097786612451 0.38458607570453124 -0.067137605862237271 -0.0092540285460694354 -0.78063342682347292 -0.0072035903539011768 0.00034697075146127075 0.019144177036132817 -0.0045317931816248342 -0.030725060082932316 0.17945876483330636 0.056327702583215282 -0.089294288534682659 -1.0638812102506212 -0.060506799488630345 0.003993131846818869 0.00077596087243392731 -0.0039788796374388364 0.86512084423346436 0.020429217425082413 0.0020387017855240685 -0.07120767538268083 -0.03931075678226733 -0.00077198163504313291
leaf_weight=7.0000000000000018 33 5.0000000000000027 6 8.0000000000000018 4.9999999999999991 12.000000000000002 15.999999999999998 37 6.9999999999999991 5.9999999999999982 13.000000000000002 6.9999999999999991 42 7.9999999999999991 5 37 15.999999999999998 4.9999999999999991 8.9999999999999982 37.999999999999993 4.9999999999999991 14.999999999999998 18.000000000000007
leaf_count=7 33 5 6 8 5 12 16 37 7 6 13 7 42 8 5 37 16 5 9 38 5 15 18
internal_value=-0.00266667 -0.00638095 0.0233333 -0.0186667 -0.00146667 0.0075 0.0185714 -0.00340541 -0.00473684 0.005 -0.00857143 -0.003 -0.0232258 -0.015 -0.005 -0.00266667 0.00206897 0.00714286 -0.00491803 -0.00176471 -0.00473684 -0.00295775 0
internal_weight=360 315 45 90 225 40 21 185 19 12 28 20 62 20 12 180 58 42 122 85 76 71 56
internal_count=360 315 45 90 225 40 21 185 19 12 28 20 62 20 12 180 58 42 122 85 76 71 56
is_linear=0
shrinkage=0.03


Tree=92
num_leaves=24
num_cat=0
split_feature=1 0 2 2 9 6 6 8 9 8 9 2 9 2 8 8 8 9 2 4 3 6 9
split_gain=34.3 20.3259 6.11111 5.39907 5.37778 5.1073 5.35501 6.54487 3 2.77799 4.73684 3.71429 2.6135 2.06147 5.5917 3.29472 4.60389 4.55376 2.00924 4.97778 3.05455 3.55556 3.21111
threshold=217.50000000000003 1.0000000180025095e-35 103.40000000000002 0.50000000000000011 53.050000000000004 78.600000000000009 80.200000000000003 -5.5499999999999989 -6.9999999999999991 -7.7999999999999998 0.45000000000000007 12.850000000000001 -9.6499999999999986 39.000000000000007 -39.04999999999999 -31.249999999999996 -22.699999999999999 -1.9499999999999997 165.15000000000001 1.5000000000000002 2.5000000000000004 127.25000000000001 8.7500000000000018
decision_type=2 2 2 2 2 2 2 2 2 2 2 2 2 2 2 2 2 2 2 2 2 2 2
left_child=1 4 -2 -3 -1 -5 -7 9 -4 11 -11 -8 -13 15 18 -14 -17 -18 19 -15 -21 -22 -23
right_child=2 3 8 5 -6 6 7 -9 -10 10 -12 12 13 14 -16 16 17 -19 -20 20 21 22 -24
leaf_value=-1.018719969453399 0.37304849343339525 -0.04034539139836333 -0.0089764076896869938 0.38783933062103781 0.058618871051442339 -0.036465794063534243 0.070850727211477532 0.00097761366879922196 0.17407500188830652 -0.00017529501552097313 -0.0083661474372544835 -0.079542113445649099 -0.0037167171465675606 -0.091970027938154564 0.0043346005441607357 0.00065649144178884448 -0.0054399385303130999 -0.00070151499726662787 -0.038131434078799202 0.018714152181837137 -0.020504464348709062 -0.010975270719429204 0.042762756947575011
leaf_weight=40 33 32 6 4.9999999999999991 4.9999999999999991 8.9999999999999982 8.9999999999999982 79 5.9999999999999982 10.000000000000002 8.9999999999999982 9.9999999999999982 4.9999999999999991 9.9999999999999911 9.0000000000000053 5.9999999999999991 7.0000000000000027 24 10.999999999999998 10.999999999999998 6.0000000000000027 8.0000000000000018 9.9999999999999982
leaf_count=40 33 32 6 5 5 9 9 79 6 10 9 10 5 10 9 6 7 24 11 11 6 8 10
internal_value=-0.00116667 -0.00466667 0.0233333 -0.00155556 -0.0233333 0 -0.000643777 0.000267857 0.005 -0.00351724 -0.0142105 -0.00190476 -0.00333333 -0.00196262 0.00138462 -0.00714286 -0.00405405 -0.00870968 -0.00214286 0.000666667 0.006 0 0.00666667
internal_weight=360 315 45 270 45 238 233 224 12 145 19 126 117 107 65 42 37 31 56 45 35 24 18
internal_count=360 315 45 270 45 238 233 224 12 145 19 126 117 107 65 42 37 31 56 45 35 24 18
is_linear=0
shrinkage=0.03


Tree=93
num_leaves=24
num_cat=0
split_feature=1 1 2 8 6 9 6 2 9 2 9 8 9 6 9 6 8 4 6 4 6 5 9
split_gain=34.3 17.9822 6.11111 5.18866 5.17538 3 2.96323 2.68039 4.95 3.12432 2.50319 2.33535 3.52313 2.68889 5.05327 4.63158 2.15022 1.94805 3.50649 3.6 1.92678 3.97897 3.92727
threshold=217.50000000000003 82.500000000000014 103.40000000000002 -5.5499999999999989 33.350000000000001 -6.9999999999999991 79.15000000000002 14.350000000000003 53.050000000000004 6.1500000000000012 -9.6499999999999986 -2.5499999999999994 0.55000000000000016 90.550000000000011 0.75000000000000011 124.95000000000002 -6.4499999999999993 4.5000000000000009 78.750000000000014 2.5000000000000004 143.30000000000004 1.0000000180025095e-35 4.2500000000000009
decision_type=2 2 2 2 2 2 2 2 2 2 2 2 2 2 2 2 2 2 2 2 2 2 2
left_child=1 4 -2 10 -1 -4 7 9 -9 17 -3 13 -13 -5 15 -15 20 18 -6 -20 21 -12 -22
right_child=2 3 5 11 6 -7 -8 8 -10 -11 16 12 -14 14 -16 -17 -18 -19 19 -21 22 -23 -24
leaf_value=-1.0222915701132649 0.36185703863039403 -0.07715585004227947 -0.0087071154589955305 0.00054280399688771291 -0.040288756886253767 0.1688527518316576 -0.045251417129837247 -0.52800012406489794 0.056860304919899247 0.011384269193767409 -0.00038676611847108687 0.0013251469196114839 -0.041448830728451111 -0.00015779804902706473 -0.0047022642532090226 0.044146446509120661 -0.0073063183359943192 0.019594901863308818 0.016003633528978014 -0.025996412247389172 -0.15150588834072456 0.83788433619803271 0.023725414677517449
leaf_weight=25 33 9.9999999999999982 6 5.9999999999999991 11.000000000000002 5.9999999999999982 11.999999999999998 10.999999999999998 4.9999999999999991 4.9999999999999991 111 38 5.9999999999999991 8.0000000000000053 10.999999999999998 10.999999999999998 5.9999999999999991 10.999999999999998 4.9999999999999982 5 5.9999999999999982 6.9999999999999991 5
leaf_count=25 33 10 6 6 11 6 12 11 5 5 111 38 6 8 11 11 6 11 5 5 6 7 5
internal_value=-0.00116667 -0.00466667 0.0233333 -0.000133333 -0.016 0.005 -0.0115385 -0.00849057 -0.01875 -0.00405405 -0.00351724 0.006 0.00136364 0.0116667 0.008 0.0173684 -0.00244444 -0.0075 -0.0128571 0 -0.00162791 -0.000508475 -0.0136364
internal_weight=360 315 45 225 90 12 65 53 16 37 145 80 44 36 30 19 135 32 21 10 129 118 11
internal_count=360 315 45 225 90 12 65 53 16 37 145 80 44 36 30 19 135 32 21 10 129 118 11
is_linear=0
shrinkage=0.03


Tree=94
num_leaves=24
num_cat=0
split_feature=1 1 3 6 6 9 6 8 9 8 9 9 4 9 6 4 0 6 5 4 9 9 8
split_gain=34.7683 17.3829 6.11111 5.17538 4.88183 3 2.96323 2.697 4.80541 4.36364 4.11179 2.42463 2.18329 3.60639 2.49231 2.12743 2.09204 2.10652 6.5575 3.07302 2.02139 2.53968 1.74545
threshold=217.50000000000003 82.500000000000014 6.5000000000000009 33.350000000000001 90.350000000000009 -6.9999999999999991 79.15000000000002 -5.5499999999999989 0.15000000000000005 -2.5499999999999994 -0.44999999999999996 -9.6499999999999986 4.5000000000000009 0.55000000000000016 78.600000000000009 2.5000000000000004 2.5000000000000004 142.05000000000004 1.0000000180025095e-35 3.5000000000000004 40.95000000000001 55.300000000000004 -2.5499999999999994
decision_type=2 2 2 2 2 2 2 2 2 2 2 2 2 2 2 2 2 2 2 2 2 2 2
left_child=1 3 -2 -1 22 -4 12 11 10 -10 -9 -6 13 15 -14 -5 -13 18 20 -19 -18 -22 -3
right_child=2 4 5 6 7 -7 -8 8 9 -11 -12 16 14 -15 -16 -17 17 19 -20 -21 21 -23 -24
leaf_value=-0.99162282300986682 0.35100132747148277 0.00052651987698091316 -0.0084459019952254268 0.0046035906274958906 -0.074841174541011232 0.16378716927670808 -0.043893874615942248 0.001858366386008754 0.00027677411045104347 -0.20253756840115414 0.025904612939326624 -0.12122406446641505 0.055154495772302421 -1.024082918850769 -0.086109333112635508 -0.028672480404475491 -6.9688597337815849e-05 -0.013250855581702012 0.89479237543732537 0.0092762457167373212 -0.062066454078169353 -0.0037728061248716925 0.0019463816377185594
leaf_weight=25 33 6 6 13.000000000000002 9.9999999999999982 5.9999999999999982 11.999999999999998 41 16.000000000000004 5.9999999999999991 6.9999999999999991 5.9999999999999991 13.000000000000002 12.999999999999998 4.9999999999999991 8.9999999999999982 94 8.9999999999999982 5.9999999999999991 4.9999999999999991 4.9999999999999991 8.9999999999999982 4.9999999999999982
leaf_count=25 33 6 6 13 10 6 12 41 16 6 7 6 13 13 5 9 94 9 6 5 5 9 5
internal_value=-0.00133333 -0.00485714 0.0233333 -0.016 -0.0004 0.005 -0.0115385 -0.00140187 0.00342857 -0.00818182 0.00875 -0.00375 -0.00849057 -0.0128571 0 -0.00545455 -0.00268657 -0.001875 -0.000526316 -0.0128571 -0.00222222 -0.0128571 0.0190909
internal_weight=360 315 45 90 225 12 65 214 70 22 48 144 53 35 18 22 134 128 114 14 108 14 11
internal_count=360 315 45 90 225 12 65 214 70 22 48 144 53 35 18 22 134 128 114 14 108 14 11
is_linear=0
shrinkage=0.03


Tree=95
num_leaves=24
num_cat=0
split_feature=1 1 2 7 7 9 7 2 9 2 5 9 9 2 8 2 3 7 9 2 9 0 2
split_gain=35.2397 16.7937 6.11111 5.17538 5.01633 3 2.96323 2.68039 4.95 3.12432 2.53237 4.56316 3.56869 4.53904 3.21324 6.72969 3.21331 2.49645 2.90909 4.80848 3.89082 3.55556 2.42915
threshold=217.50000000000003 82.500000000000014 103.40000000000002 33.350000000000001 90.350000000000009 -6.9999999999999991 79.15000000000002 14.350000000000003 53.050000000000004 6.1500000000000012 1.0000000180025095e-35 -2.1499999999999999 0.25000000000000006 6.5500000000000007 -8.1499999999999968 12.850000000000001 7.5000000000000009 124.25000000000001 -3.7499999999999996 51.45000000000001 -9.6499999999999986 4.5000000000000009 47.95000000000001
decision_type=2 2 2 2 2 2 2 2 2 2 2 2 2 2 2 2 2 2 2 2 2 2 2
left_child=1 3 -2 -1 -3 -4 7 9 -9 -5 12 -12 13 -6 15 -14 -17 -15 19 -19 -21 -22 -13
right_child=2 4 5 6 10 -7 -8 8 -10 -11 11 22 14 17 -16 16 -18 18 -20 20 21 -23 -24
leaf_value=-0.9618741383195708 0.34047128764733881 0.00073634748273306624 -0.0081925249353685097 -0.026084325730086986 0.017150651393140776 0.15887355419840701 -0.042577058377463853 -0.48143763277742807 0.053499860899133438 0.010904633399129436 -0.078080416985741863 0.10687341268923291 0.10219360149834358 -0.004913473616493462 -0.0092808953527475074 -0.0010579059706705607 -0.010732744539574171 -0.012979523823723867 0.00074455876548867644 -0.041303046615809934 -0.030190700317919407 0.059909936331462459 0.63058688357551018
leaf_weight=25 33 10.999999999999998 6 32 10.999999999999998 5.9999999999999982 11.999999999999998 10.999999999999998 4.9999999999999991 4.9999999999999991 5.0000000000000027 13.000000000000002 4.9999999999999991 5.9999999999999991 29 33 18 12.999999999999991 44.000000000000007 12.999999999999995 9.0000000000000089 8.9999999999999982 5.9999999999999991
leaf_count=25 33 11 6 32 11 6 12 11 5 5 5 13 5 6 29 33 18 13 44 13 9 9 6
internal_value=-0.0015 -0.00504762 0.0233333 -0.016 -0.000666667 0.005 -0.0115385 -0.00849057 -0.01875 -0.00405405 -0.00168224 0.0075 -0.00284211 0.000857143 -0.00741176 -0.00321429 -0.00647059 -0.0012766 0 -0.00545455 0.000967742 0.01 0.0142105
internal_weight=360 315 45 90 225 12 65 53 16 37 214 24 190 105 85 56 51 94 88 44 31 18 19
internal_count=360 315 45 90 225 12 65 53 16 37 214 24 190 105 85 56 51 94 88 44 31 18 19
is_linear=0
shrinkage=0.03


Tree=96
num_leaves=24
num_cat=0
split_feature=1 0 2 2 6 9 5 2 3 8 8 8 6 9 9 9 2 6 0 6 2 9 8
split_gain=32.9143 18.7005 6.11111 5.82186 4.93707 4.9 3.99364 4.54493 8.53333 3.40136 4.57143 3.59026 9.98005 3 2.8569 2.52063 8.66064 4.51821 3.64481 4.48015 2.53299 2.69542 3.07692
threshold=217.50000000000003 1.0000000180025095e-35 103.40000000000002 0.50000000000000011 78.600000000000009 53.050000000000004 1.0000000180025095e-35 16.650000000000002 20.500000000000004 0.35000000000000003 3.2000000000000006 -2.4499999999999997 90.550000000000011 -6.9999999999999991 -9.6499999999999986 0.8500000000000002 6.5500000000000007 124.65000000000002 2.5000000000000004 125.05000000000001 116.30000000000003 -3.7499999999999996 -37.449999999999996
decision_type=2 2 2 2 2 2 2 2 2 2 2 2 2 2 2 2 2 2 2 2 2 2 2
left_child=1 5 -2 -3 -5 -1 9 -8 -9 11 -11 12 -6 -4 -14 16 -16 -18 -17 -20 21 22 -19
right_child=2 3 13 4 6 -7 7 8 -10 10 -12 -13 14 -15 15 18 17 20 19 -21 -22 -23 -24
leaf_value=-0.92143526938742726 0.33025714901791842 -0.036997189000850521 -0.0079467491873066367 0.37474419854524083 0.0038640507277858658 0.051894865072159319 0.29660154434727243 -0.07862149148764587 0.3199115526954972 0.0017802786314639718 -0.00013049130807161192 -0.01129325175510246 -0.071356847906306767 0.15410734757245478 0.016636131851346648 -0.1810590360399405 -0.0066936239058030369 -4.5578892090105681e-05 0.0019456165435170192 -0.0025704328776893701 0.079084006586171401 7.8300749759421248e-05 -0.015212810275592971
leaf_weight=40 33 32 6 4.9999999999999991 8.9999999999999982 4.9999999999999991 8.0000000000000018 4.9999999999999991 9.9999999999999982 6.9999999999999982 7 30 9.9999999999999982 5.9999999999999982 8.9999999999999982 8.9999999999999982 7.9999999999999991 13.000000000000002 8.9999999999999982 53 5.9999999999999991 35.000000000000014 4.9999999999999849
leaf_count=40 33 32 6 5 9 5 8 5 10 7 7 30 10 6 9 9 8 13 9 53 6 35 5
internal_value=-0.000666667 -0.00409524 0.0233333 -0.00111111 0.000504202 -0.022 -0.000128755 0.0117391 0.002 -0.00142857 0.0128571 -0.00244898 -0.000722892 0.005 -0.00248408 -0.00142857 0.00236842 -0.00134328 -0.00549296 -0.00290323 0.00152542 -0.000566038 -0.01
internal_weight=360 315 45 270 238 45 233 23 15 210 14 196 166 12 157 147 76 67 71 62 59 53 18
internal_count=360 315 45 270 238 45 233 23 15 210 14 196 166 12 157 147 76 67 71 62 59 53 18
is_linear=0
shrinkage=0.03


Tree=97
num_leaves=24
num_cat=0
split_feature=1 0 2 9 8 8 2 2 1 9 9 4 4 9 6 9 8 8 6 8 9 6 6
split_gain=34.3 17.5259 6.11111 4.9 4.39303 4.87619 3.82353 4.37296 3.54982 3 2.77167 3.88909 6.02035 5.25952 2.77692 2.47745 2.07773 3.55176 2.56642 2.26991 2.22308 2.05714 2.00993
threshold=217.50000000000003 1.0000000180025095e-35 103.40000000000002 53.050000000000004 0.70000000000000007 3.2000000000000006 0.50000000000000011 18.500000000000004 107.50000000000001 -6.9999999999999991 2.9500000000000006 1.5000000000000002 1.0000000180025095e-35 1.7500000000000002 92.350000000000009 -9.6499999999999986 -2.5499999999999994 -5.3499999999999988 90.350000000000009 -8.1499999999999968 0.45000000000000007 125.95000000000002 79.750000000000014
decision_type=2 2 2 2 2 2 2 2 2 2 2 2 2 2 2 2 2 2 2 2 2 2 2
left_child=1 3 -2 -1 6 -6 22 10 -9 -4 11 12 -8 16 -15 -10 17 19 -18 -13 -21 -14 -3
right_child=2 4 9 -5 5 -7 7 8 15 -11 -12 13 21 14 -16 -17 18 -19 -20 20 -22 -23 -24
leaf_value=-0.89379221130580433 0.32034943454738024 -0.033268167548600049 -0.007708346711688136 0.050338019119994609 0.066814496965462947 -0.00012657656882907986 0.016506744128839301 -0.076262846743016727 -0.069216142469117725 0.14948412714528131 0.029490483684487572 0.046153567869332904 -0.010829200646641368 0.013211922973587349 -0.006619421045060107 -0.00067095515950292388 0.011897233322827034 0.0028300253717780067 -0.021895820303384425 0.019093339409483219 -0.01035352232771629 -0.0089253555058340338 -0.068919624700113924
leaf_weight=40 33 26.000000000000004 6 4.9999999999999991 7.9999999999999982 7 13 8.9999999999999982 9.9999999999999982 5.9999999999999982 6.9999999999999991 5.9999999999999991 8.9999999999999982 4.9999999999999991 7.9999999999999991 102 12.000000000000002 18.000000000000004 6.9999999999999991 7.9999999999999982 5 5.0000000000000009 4.9999999999999991
leaf_count=40 33 26 6 5 8 7 13 9 10 6 7 6 9 5 8 102 12 18 7 8 5 5 5
internal_value=-0.00116667 -0.00466667 0.0233333 -0.022 -0.00177778 0.014 -0.00270588 -0.00133929 -0.00520661 0.005 0.00320388 0.001875 -0.00777778 0.00565217 -0.0115385 -0.00375 0.00964286 0.0137838 0.00157895 0.00473684 -0.00230769 -0.0214286 -0.0125806
internal_weight=360 315 45 45 270 15 255 224 121 12 103 96 27 69 13 112 56 37 19 19 13 14 31
internal_count=360 315 45 45 270 15 255 224 121 12 103 96 27 69 13 112 56 37 19 19 13 14 31
is_linear=0
shrinkage=0.03


Tree=98
num_leaves=24
num_cat=0
split_feature=1 0 2 9 2 2 5 1 9 2 9 6 6 6 6 5 8 6 6 8 9 8 9
split_gain=34.7683 14.5799 6.11111 4.44444 3.28743 5.85139 3.96825 3.53152 3 2.96359 3.42602 5.50175 4.64015 5.20833 2.43444 6.11933 2.51273 3.27389 3.72308 2.3467 2.32322 3.66407 2.53986
threshold=217.50000000000003 1.0000000180025095e-35 103.40000000000002 53.050000000000004 0.50000000000000011 18.500000000000004 1.0000000180025095e-35 107.50000000000001 -6.9999999999999991 10.750000000000002 0.65000000000000002 90.550000000000011 126.85000000000001 123.95000000000002 143.30000000000004 1.0000000180025095e-35 -101.89999999999999 126.65000000000002 127.25000000000001 -5.5499999999999989 2.9500000000000006 -39.849999999999994 -1.7499999999999998
decision_type=2 2 2 2 2 2 2 2 2 2 2 2 2 2 2 2 2 2 2 2 2 2 2
left_child=1 3 -2 -1 -3 6 9 -7 -4 10 12 -12 13 -6 15 16 17 -9 -19 -11 22 -22 -18
right_child=2 4 8 -5 5 7 -8 14 -10 19 11 -13 -14 -15 -16 -17 20 18 -20 -21 21 -23 -24
leaf_value=-0.86697844496663024 0.31073895151095882 -0.034889228304366852 -0.0074770963103372879 0.048827878546394886 0.00034286933098613302 -0.073974961340726106 0.19516701854798044 -0.052940645762347596 0.14499960333092274 0.010867196409072761 6.2188371140905465e-05 -0.010754831738858002 0.019518857618796372 -0.0010727320766216052 -0.0089171568261699006 0.75740921041562637 -0.00042176310627503708 0.24600330155387837 -0.026645104304793391 0.051750619005858881 -0.0019669587935796074 0.0019073767019965259 -0.0013672868921008785
leaf_weight=40 33 32 6 4.9999999999999991 27 8.9999999999999982 8.9999999999999982 11.000000000000002 5.9999999999999982 19.000000000000004 5.0000000000000027 19 11.999999999999998 4.9999999999999991 12.999999999999998 4.9999999999999991 53.999999999999993 4.9999999999999991 7.9999999999999991 8.9999999999999982 10.000000000000002 10.999999999999998 7.0000000000000062
leaf_count=40 33 32 6 5 27 9 9 11 6 19 5 19 12 5 13 5 54 5 8 9 10 11 7
internal_value=-0.00133333 -0.00485714 0.0233333 -0.0206667 -0.00222222 -0.0010084 0.00428571 -0.00518797 0.005 0.0025 -0.000882353 -0.01 0.00409091 -0.001875 -0.00387097 -0.00243243 -0.00396226 -0.0125 -0.00230769 0.0107143 -0.00146341 0.00714286 -0.00442623
internal_weight=360 315 45 45 270 238 105 133 12 96 68 24 44 32 124 111 106 24 13 28 82 21 61
internal_count=360 315 45 45 270 238 105 133 12 96 68 24 44 32 124 111 106 24 13 28 82 21 61
is_linear=0
shrinkage=0.03


Tree=99
num_leaves=24
num_cat=0
split_feature=1 0 2 4 2 2 9 8 2 6 9 6 6 6 6 9 2 2 8 6 0 5 9
split_gain=34.7683 14.5799 6.11111 5.73467 3.28743 4.83636 4.60688 3.22459 4.01111 3.93216 3 2.69567 3.39794 2.41463 4.56805 2.4381 2.1535 4.28606 4.27475 3.52869 2.13333 1.8443 1.6
threshold=217.50000000000003 1.0000000180025095e-35 103.40000000000002 5.5000000000000009 0.50000000000000011 6.5500000000000007 -0.24999999999999997 -2.4499999999999997 1.8500000000000003 92.050000000000011 -6.9999999999999991 145.70000000000002 132.50000000000003 91.65000000000002 123.15000000000002 -9.6499999999999986 11.200000000000001 12.850000000000001 -7.1499999999999995 125.05000000000001 4.5000000000000009 1.0000000180025095e-35 -2.2999999999999994
decision_type=2 2 2 2 2 2 2 2 2 2 2 2 2 2 2 2 2 2 2 2 2 2 2
left_child=1 3 -2 21 -3 6 -6 9 -9 -8 -4 12 13 -7 -15 -16 18 -18 -17 20 22 -1 -19
right_child=2 4 10 -5 5 11 7 8 -10 -11 -12 -13 -14 14 15 16 17 19 -20 -21 -22 -23 -24
leaf_value=-0.88912952813221202 0.30141678296562929 -0.033842551455235889 -0.0072527834210279708 0.035586951557451695 0.022264016165667897 0.010541180516800778 0.00034916300925353028 0.0011272464535812786 -0.044111817381685653 -0.0083349498884933843 0.14064961523099526 -0.0091523156490274007 0.0012977853844699893 -0.068872225489027702 -0.050052910344264345 0.025297520127304549 0.041104197005480354 0.0012304128145427739 -0.0059514252600001783 -0.00063451085952976878 -0.0023781246558871772 -0.32337597685114039 0.050198100435682701
leaf_weight=32 33 32 6 6.9999999999999991 10.999999999999998 8.9999999999999982 9.9999999999999982 10.000000000000005 7.9999999999999991 8.9999999999999982 5.9999999999999982 6.9999999999999991 51 10.999999999999998 6.9999999999999991 9.0000000000000018 6.9999999999999991 4.9999999999999991 10.999999999999998 63 4.9999999999999991 5.9999999999999991 4.9999999999999991
leaf_count=32 33 32 6 7 11 9 10 10 8 9 6 7 51 11 7 9 7 5 11 63 5 6 5
internal_value=-0.00133333 -0.00485714 0.0233333 -0.0206667 -0.00222222 -0.0010084 0.0075 0.00243243 -0.00666667 0.0110526 0.005 -0.00315789 -0.00245902 -0.005 -0.00609756 -0.00428571 -0.00314286 -0.00105882 -0.012 -0.00307692 0.01 -0.0252632 0.018
internal_weight=360 315 45 45 270 238 48 37 18 19 12 190 183 132 123 112 105 85 20 78 15 38 10
internal_count=360 315 45 45 270 238 48 37 18 19 12 190 183 132 123 112 105 85 20 78 15 38 10
is_linear=0
shrinkage=0.03


Tree=100
num_leaves=24
num_cat=0
split_feature=1 1 2 2 9 2 2 4 1 9 6 1 9 8 9 2 2 9 4 6 2 9 6
split_gain=33.373 13.2114 6.11111 5.47326 4.83977 4.5262 4.32515 3.61053 4.26316 3 2.86374 2.89386 2.49915 2.7695 2.37363 2.0525 3.21905 2.84444 2.4 1.805 1.72669 1.98078 2.10526
threshold=217.50000000000003 82.500000000000014 103.40000000000002 6.5500000000000007 0.55000000000000016 0.90000000000000013 3.7500000000000004 5.5000000000000009 52.500000000000007 -6.9999999999999991 145.70000000000002 135.00000000000003 -9.6499999999999986 -2.5499999999999994 -1.8499999999999999 47.95000000000001 75.000000000000014 -4.8999999999999995 1.5000000000000002 77.850000000000009 8.2000000000000011 44.500000000000007 141.70000000000002
decision_type=2 2 2 2 2 2 2 2 2 2 2 2 2 2 2 2 2 2 2 2 2 2 2
left_child=1 7 -2 4 5 -3 -6 8 -1 -4 11 12 -5 20 -15 18 -17 -18 -13 -10 -14 22 -22
right_child=2 3 9 10 6 -7 -8 -9 19 -11 -12 15 13 14 -16 16 17 -19 -20 -21 21 -23 -24
leaf_value=-0.83787786772235906 0.29237427947665989 -0.06465347227912048 -0.0070351999183964151 -0.048551323033936451 -0.044301921832818746 0.014388359358406433 0.00020255785345121068 -0.0073661126128443041 0.029540389095628967 0.13643012677406574 -0.0088777461795564241 0.015563634053262091 -0.004650610033201801 -0.0004419886305791465 -0.062600479990232716 -0.024349981141009919 0.027075159277262627 -0.0087590096524260731 0.0057817368064013407 -0.026890453358269468 7.9056916639785868e-05 -0.02175644763319326 -0.029022869361294567
leaf_weight=38 33 5.0000000000000027 6 6.9999999999999991 9.0000000000000018 17 9.9999999999999982 13.999999999999998 6.9999999999999991 5.9999999999999982 6.9999999999999991 5.0000000000000027 7.9999999999999991 7 5.9999999999999982 6.0000000000000027 9 5.9999999999999973 14.999999999999998 31 90 12.999999999999998 4.9999999999999991
leaf_count=38 33 5 6 7 9 17 10 14 7 6 7 5 8 7 6 6 9 6 15 31 90 13 5
internal_value=-0.000833333 -0.00428571 0.0233333 -0.0004 0.0095122 0.0190909 -0.00157895 -0.014 -0.0165789 0.005 -0.0026087 -0.00186441 -0.00397059 -0.00302326 -0.0161538 0.00512195 -0.00142857 0.006 0.012 -0.00947368 -0.00155172 -0.000555556 0.000947368
internal_weight=360 315 45 225 41 22 19 90 76 12 184 177 136 129 13 41 21 15 20 38 116 108 95
internal_count=360 315 45 225 41 22 19 90 76 12 184 177 136 129 13 41 21 15 20 38 116 108 95
is_linear=0
shrinkage=0.03


Tree=101
num_leaves=24
num_cat=0
split_feature=1 0 2 4 2 6 5 2 9 6 6 6 4 0 2 6 6 0 9 6 9 2 9
split_gain=34.7683 12.2243 6.11111 5.13818 3.12758 3.59785 5.33693 3.34641 3 2.18976 2.22186 2.60012 7.87692 4.00014 5.0654 2.29885 2.14286 1.9303 2.33182 2.63837 2.65701 2.47076 5.83333
threshold=217.50000000000003 1.0000000180025095e-35 103.40000000000002 5.5000000000000009 0.50000000000000011 143.30000000000004 1.0000000180025095e-35 16.650000000000002 -6.9999999999999991 78.600000000000009 80.200000000000003 90.350000000000009 1.5000000000000002 2.5000000000000004 6.5500000000000007 123.65000000000002 92.050000000000011 6.5000000000000009 -9.6499999999999986 130.05000000000004 32.600000000000009 11.200000000000001 -0.34999999999999992
decision_type=2 2 2 2 2 2 2 2 2 2 2 2 2 2 2 2 2 2 2 2 2 2 2
left_child=1 3 -2 -1 -3 6 9 -8 -4 -6 -11 12 -12 16 -15 -16 -13 18 -17 20 21 22 -20
right_child=2 4 8 -5 5 -7 7 -9 -10 10 11 13 -14 14 15 17 -18 -19 19 -21 -22 -23 -24
leaf_value=-0.81274153169068819 0.28360305109236095 -0.032020561310830899 -0.0068241439208446761 0.034740326389113535 0.36467900740910492 -0.0063844663050468854 0.28271231932701768 0.55837857102966493 0.13233722297084313 -0.026083739757521585 -0.0083845425849733597 -0.0039446585151151226 0.0074743050482015145 0.017560576738799794 0.0020043897494005591 -0.047094783342918445 -0.34063704032379816 0.00052201383226147869 -0.006454272917847277 -0.0013096046670509054 -0.021103754204197429 9.8669913692788204e-05 0.012976924457086625
leaf_weight=38 33 32 6 6.9999999999999991 4.9999999999999991 15.999999999999998 8.0000000000000018 8.9999999999999982 5.9999999999999982 8.9999999999999982 4.9999999999999991 14.000000000000002 7.9999999999999991 7.9999999999999991 4.9999999999999991 6.9999999999999991 5.9999999999999991 36 7 12.999999999999998 17 57 7.9999999999999982
leaf_count=38 33 32 6 7 5 16 8 9 6 9 5 14 8 8 5 7 6 36 7 13 17 57 8
internal_value=-0.00133333 -0.00485714 0.0233333 -0.0193333 -0.00244444 -0.0012605 -0.00027027 0.0158824 0.005 -0.00160976 -0.0021 -0.00141361 0.0115385 -0.00235955 -0.000759494 -0.002 -0.015 -0.00268966 -0.0046789 -0.00352941 -0.00168539 0.000833333 -0.01
internal_weight=360 315 45 45 270 238 222 17 12 205 200 191 13 178 158 150 20 145 109 102 89 72 15
internal_count=360 315 45 45 270 238 222 17 12 205 200 191 13 178 158 150 20 145 109 102 89 72 15
is_linear=0
shrinkage=0.03


Tree=102
num_leaves=24
num_cat=0
split_feature=1 1 2 4 1 9 2 9 9 4 4 1 4 6 2 4 6 3 8 2 6 3 9
split_gain=33.373 13.2114 6.11111 3.61053 4.26316 3 2.33037 3.6214 6.40168 2.88 3.24 2.7088 3.19772 1.83155 3.57143 3.96825 1.805 1.77089 3.98438 3.96757 3.21111 3.91604 2.65098
threshold=217.50000000000003 82.500000000000014 103.40000000000002 5.5000000000000009 52.500000000000007 -6.9999999999999991 21.050000000000001 2.9500000000000006 0.25000000000000006 3.5000000000000004 1.5000000000000002 107.50000000000001 1.0000000180025095e-35 124.25000000000001 4.5500000000000007 2.5000000000000004 77.850000000000009 3.5000000000000004 -36.499999999999993 79.850000000000009 141.70000000000002 1.5000000000000002 30.900000000000002
decision_type=2 2 2 2 2 2 2 2 2 2 2 2 2 2 2 2 2 2 2 2 2 2 2
left_child=1 3 -2 4 -1 -4 7 8 9 10 -3 -8 -13 14 -10 -16 -6 20 19 22 21 -14 -19
right_child=2 6 5 -5 16 -7 11 -9 13 -11 -12 12 17 -15 15 -17 -18 18 -20 -21 -22 -23 -24
leaf_value=-0.7883592857399675 0.27509495955958979 0.0078407065931877899 -0.0066194196032199667 -0.0062735647184337037 0.029614794262084982 0.12836710628171857 -0.086443274574222351 0.026768478463700375 -0.013748543306093026 0.0010283183644742167 0.043571842024651912 -0.02640630638881987 2.2735435213405709e-06 -0.0039058688019076725 -0.00018045805732072039 0.024146915082273495 -0.025301227564795851 -0.011413386175819724 0.0015825183831114486 0.006384365149505555 0.0057998186913604853 -0.029237126872770459 0.00039604294549093309
leaf_weight=38 33 16.000000000000004 6 13.999999999999998 6.9999999999999991 5.9999999999999982 6.9999999999999991 10.999999999999998 14.000000000000002 25 8.9999999999999982 12.999999999999998 21 19 8.9999999999999982 4.9999999999999991 31 12.000000000000002 13.999999999999998 21 4.9999999999999991 19 4.9999999999999991
leaf_count=38 33 16 6 14 7 6 7 11 14 25 9 13 21 19 9 5 31 12 14 21 5 19 5
internal_value=-0.000833333 -0.00428571 0.0233333 -0.014 -0.0165789 0.005 -0.0004 0.00277778 0.000927835 0.0084 0.0156 -0.00333333 -0.00218182 -0.00702128 -0.00214286 0.00857143 -0.00947368 -0.000309278 0.00346154 -0.00157895 -0.00466667 -0.0075 -0.0123529
internal_weight=360 315 45 90 76 12 225 108 97 50 25 117 110 47 28 14 38 97 52 38 45 40 17
internal_count=360 315 45 90 76 12 225 108 97 50 25 117 110 47 28 14 38 97 52 38 45 40 17
is_linear=0
shrinkage=0.03


Tree=103
num_leaves=24
num_cat=0
split_feature=1 0 2 4 8 9 2 6 5 2 9 9 9 9 8 6 9 1 6 4 6 0 2
split_gain=33.8349 12.8762 6.11111 5.13818 4.51765 3.73333 3.64349 3.24486 4.74818 3.11111 3 2.9982 2.31241 2.53968 2.30209 3.64269 5.34697 2.73485 3.82273 3.92727 2.29206 5.57101 3.87976
threshold=217.50000000000003 1.0000000180025095e-35 103.40000000000002 5.5000000000000009 0.70000000000000007 -3.7499999999999996 0.50000000000000011 143.30000000000004 1.0000000180025095e-35 16.650000000000002 -6.9999999999999991 -9.6499999999999986 40.95000000000001 55.300000000000004 -3.5499999999999994 89.750000000000014 -1.8499999999999999 82.500000000000014 78.600000000000009 2.5000000000000004 91.65000000000002 2.5000000000000004 6.5500000000000007
decision_type=2 2 2 2 2 2 2 2 2 2 2 2 2 2 2 2 2 2 2 2 2 2 2
left_child=1 3 -2 -1 6 -6 -3 8 11 -10 -4 -8 14 -14 20 17 -17 18 -16 -20 -13 -22 -23
right_child=2 4 10 -5 5 -7 7 -9 9 -11 -12 12 13 -15 15 16 -18 -19 19 -21 21 22 -24
leaf_value=-0.76470850716776861 0.26684211077280279 -0.031739390770300135 -0.0064208370151231974 0.033886323538993179 0.00066631264138067076 0.015053037823020076 -0.061133600061457682 -0.0072839540276549994 0.36557287976723157 0.54143568294429001 0.12451609309326755 0.0068567330088799847 -0.05718248908811617 -0.0018884291074725468 0.35392684412838449 0.00034709779989043453 -0.019423195458199559 0.00068309876622258509 0.010746167374614117 -0.032312746056419643 -0.22617155913432738 0.016798538238840591 4.8234264788362676e-05
leaf_weight=38 33 31 6 6.9999999999999991 7.9999999999999991 6.9999999999999991 9.9999999999999982 12.999999999999998 6.9999999999999991 8.9999999999999982 5.9999999999999982 5.9999999999999991 4.9999999999999991 8.9999999999999982 5.0000000000000062 6.0000000000000027 17 5.9999999999999991 4.9999999999999982 6 4.9999999999999991 7.9999999999999991 107
leaf_count=38 33 31 6 7 8 7 10 13 7 9 6 6 5 9 5 6 17 6 5 6 5 8 107
internal_value=-0.001 -0.00447619 0.0233333 -0.0193333 -0.002 0.014 -0.00294118 -0.00160714 -0.0007109 0.015 0.005 -0.002 -0.00113514 -0.0128571 -0.000175439 -0.006 -0.0143478 0.00272727 -0.00375 -0.0136364 0.00190476 0.001 0.00234783
internal_weight=360 315 45 45 270 15 255 224 211 16 12 195 185 14 171 45 23 22 16 11 126 120 115
internal_count=360 315 45 45 270 15 255 224 211 16 12 195 185 14 171 45 23 22 16 11 126 120 115
is_linear=0
shrinkage=0.03


Tree=104
num_leaves=24
num_cat=0
split_feature=1 1 2 4 0 6 9 8 9 9 6 0 2 5 2 6 8 4 9 2 6 5 6
split_gain=33.373 13.2114 6.11111 3.61053 4.26316 3.54978 3 2.63151 3.54219 2.53968 2.30129 3.40032 4.235 6.76698 4.18249 2.77778 5.0381 2.72727 2.19301 2.54275 1.93561 4.97998 1.805
threshold=217.50000000000003 82.500000000000014 103.40000000000002 5.5000000000000009 5.5000000000000009 145.70000000000002 -6.9999999999999991 0.70000000000000007 -9.6499999999999986 -2.7499999999999996 90.350000000000009 2.5000000000000004 16.650000000000002 1.0000000180025095e-35 6.5500000000000007 92.050000000000011 -2.7499999999999996 2.5000000000000004 44.500000000000007 8.2000000000000011 143.30000000000004 1.0000000180025095e-35 77.850000000000009
decision_type=2 2 2 2 2 2 2 2 2 2 2 2 2 2 2 2 2 2 2 2 2 2 2
left_child=1 3 -2 4 -1 7 -4 8 -3 -9 17 12 13 15 -13 16 -12 -10 19 -16 21 -21 -6
right_child=2 5 6 -5 22 -7 -8 9 10 -11 11 14 -14 -15 18 -17 -18 -19 -20 20 -22 -23 -24
leaf_value=-0.74176725195273552 0.25883684744961838 -0.059299592059614097 -0.0062282119046693646 -0.0051245757244801383 0.029678532157331287 -0.0080841851201319051 0.12078061030046881 0.0026174529595274975 -0.00018404603876611246 0.014601446688329816 0.0039699052321533652 0.016294582091675239 -0.13793792847409661 0.17120283962341801 -0.0045356784409919726 -0.32632155149601344 -0.0066662826918748403 0.0010964543974171191 -0.018767048193792987 5.0225172928151095e-05 -0.0070654354068253149 0.80638395816478559 -0.023572808356159384
leaf_weight=38 33 9.9999999999999982 6 13.999999999999998 6.9999999999999991 6.9999999999999991 5.9999999999999982 8.9999999999999982 5.9999999999999982 4.9999999999999991 5.0000000000000027 7.9999999999999991 6.9999999999999991 6.9999999999999991 7.9999999999999991 5.9999999999999991 7.0000000000000027 5 12.999999999999998 109 6.9999999999999991 5.9999999999999991 31
leaf_count=38 33 10 6 14 7 7 6 9 6 5 5 8 7 7 8 6 7 5 13 109 7 6 31
internal_value=-0.000833333 -0.00428571 0.0233333 -0.014 -0.0165789 -0.0004 0.005 0.000275229 -0.000588235 0.0128571 0.000309278 -0.000491803 -0.009375 -0.0036 0.00139073 -0.0133333 -0.005 0.0136364 0.00020979 0.00138462 0.00245902 0.0033913 -0.00947368
internal_weight=360 315 45 90 76 225 12 218 204 14 194 183 32 25 151 18 12 11 143 130 122 115 38
internal_count=360 315 45 90 76 225 12 218 204 14 194 183 32 25 151 18 12 11 143 130 122 115 38
is_linear=0
shrinkage=0.03


Tree=105
num_leaves=24
num_cat=0
split_feature=1 0 9 4 2 6 5 0 2 6 6 9 9 2 2 9 0 6 6 9 6 0 6
split_gain=32.0063 11.9048 10 5.13818 2.97171 3.46703 3.40052 3.20856 4.37576 2.26118 2.50151 1.99193 3.58952 2.73131 4.46263 3.52986 6.01667 3 2.70903 2.20842 3.66095 3.31524 7.80375
threshold=217.50000000000003 1.0000000180025095e-35 -9.6499999999999986 5.5000000000000009 0.50000000000000011 143.30000000000004 1.0000000180025095e-35 3.5000000000000004 8.4500000000000011 138.45000000000002 78.600000000000009 -4.4999999999999991 -1.0000000180025095e-35 6.5500000000000007 11.200000000000001 -2.9999999999999996 4.5000000000000009 126.85000000000001 125.65000000000002 1.5500000000000003 90.550000000000011 2.5000000000000004 125.05000000000001
decision_type=2 2 2 2 2 2 2 2 2 2 2 2 2 2 2 2 2 2 2 2 2 2 2
left_child=1 3 -2 -1 -3 6 9 8 -8 10 -6 18 13 -13 17 16 -16 -15 -12 -14 -21 -22 -23
right_child=2 4 -4 -5 5 -7 7 -9 -10 -11 11 12 19 14 15 -17 -18 -19 -20 20 21 22 -24
leaf_value=-0.71951423439415341 -0.0093054219060456946 -0.02992989208619562 0.24807155892066077 0.033023471104557771 0.34346277607626746 -0.0054047678018868334 0.22317039591002114 0.78219243941984196 -0.095954908971101524 0.00069647320694485868 0.00024504282992289462 0.0098070970549791522 -0.0050823340951925639 -0.003393164848230512 -0.0025169423084251716 0.0020133469299581461 0.0035721657049557366 -0.0011256211592175446 -0.021421093759103938 0.013558506182385058 -0.1471128638993231 0.0018657380010783696 -0.0037916465209816863
leaf_weight=38 4.9999999999999991 32 40 6.9999999999999991 4.9999999999999991 15.999999999999998 6.0000000000000018 5.9999999999999991 5 30 10.000000000000002 9.9999999999999982 36 5.9999999999999982 9.9999999999999947 17.000000000000004 5.9999999999999991 6 12.999999999999998 5.9999999999999991 7.9999999999999991 8.9999999999999982 33
leaf_count=38 5 32 40 7 5 16 6 6 5 30 10 10 36 6 10 17 6 6 13 6 8 9 33
internal_value=-0.00166667 -0.00504762 0.022 -0.0193333 -0.00266667 -0.00151261 -0.000540541 0.0123529 0.00272727 -0.00160976 -0.00291429 -0.00352941 -0.0022449 0.00381818 0.000666667 0.00636364 -0.00375 -0.015 -0.0117391 -0.00586957 -0.00214286 -0.0048 -0.00142857
internal_weight=360 315 45 45 270 238 222 17 11 205 175 170 147 55 45 33 16 12 23 92 56 50 42
internal_count=360 315 45 45 270 238 222 17 11 205 175 170 147 55 45 33 16 12 23 92 56 50 42
is_linear=0
shrinkage=0.03


Tree=106
num_leaves=24
num_cat=0
split_feature=1 0 2 4 9 1 7 5 8 7 8 9 8 7 4 4 9 7 2 2 7 7 0
split_gain=36.1921 11.2783 6.11111 5.13818 3 2.96296 5.76817 4.58347 3.54751 3.11111 2.88095 3.72575 4.0946 3.88283 2.1164 3.55979 2.4 2.1 1.82857 2.56974 1.81818 4.84848 1.80625
threshold=217.50000000000003 1.0000000180025095e-35 103.40000000000002 5.5000000000000009 -6.9999999999999991 127.50000000000001 143.30000000000004 1.0000000180025095e-35 -5.5499999999999989 77.600000000000009 0.70000000000000007 -9.6499999999999986 -2.4499999999999997 90.550000000000011 2.5000000000000004 1.5000000000000002 -0.24999999999999997 79.15000000000002 4.5500000000000007 6.5500000000000007 130.65000000000001 140.25000000000003 2.5000000000000004
decision_type=2 2 2 2 2 2 2 2 2 2 2 2 2 2 2 2 2 2 2 2 2 2 2
left_child=1 3 -2 -1 -4 9 7 8 -7 -3 11 -11 13 -13 15 16 -14 -18 -15 -20 -10 -22 -21
right_child=2 5 4 -5 -6 6 -8 -9 20 10 -12 12 14 18 -16 -17 17 -19 19 22 21 -23 -24
leaf_value=-0.69792880736232876 0.24362959525850897 0.096798577311306103 -0.0096228576027488077 0.03203276697142108 0.10971504522383412 -0.00038648845194131807 -0.0052426247678305062 0.75872666623724672 0.021565418684801045 -0.056877971485052539 0.0025315780858441881 0.0034440528897169997 0.25405327680298595 -0.095327508309971512 -0.02759351219787156 0.014501556773241759 -0.018682059369369453 -0.057776042053838524 0.00035919217419206007 -0.11123133320243127 -0.0037559892134434846 0.10727150125823953 -0.0001220449298277515
leaf_weight=38 33 4.9999999999999991 6 6.9999999999999991 5.9999999999999982 52 15.999999999999998 5.9999999999999991 4.9999999999999991 5.9999999999999991 6.9999999999999991 8.9999999999999982 5.0000000000000062 5.9999999999999991 36 6.9999999999999991 7.9999999999999982 7 4.9999999999999991 5.9999999999999991 5.9999999999999982 5 73
leaf_count=38 33 5 6 7 6 52 16 6 5 6 7 9 5 6 36 7 8 7 5 6 6 5 73
internal_value=-0.00183333 -0.00542857 0.0233333 -0.0193333 0.005 -0.00311111 0.00133333 0.00486486 0.00264706 -0.00533333 -0.006 -0.00678571 -0.00592593 -0.00212121 -0.0119048 -0.00555556 -0.012 -0.018 -0.004 -0.00285714 0.015 0.00818182 -0.00417722
internal_weight=360 315 45 45 12 270 90 74 68 180 175 168 162 99 63 27 20 15 90 84 16 11 79
internal_count=360 315 45 45 12 270 90 74 68 180 175 168 162 99 63 27 20 15 90 84 16 11 79
is_linear=0
shrinkage=0.03


Tree=107
num_leaves=24
num_cat=0
split_feature=1 0 9 4 2 2 1 9 9 1 4 0 9 2 2 0 3 9 1 4 2 0 4
split_gain=31.5571 12.2243 10 5.13818 3.12758 3.06555 3.89145 3.1398 5.53951 4.12718 2.91255 4.02381 2.35481 4.03328 3.95322 2.38705 2.66749 2.63377 4.37576 2.37193 2.25055 1.69472 3.23077
threshold=217.50000000000003 1.0000000180025095e-35 -9.6499999999999986 5.5000000000000009 0.50000000000000011 18.500000000000004 107.50000000000001 0.55000000000000016 2.9500000000000006 127.50000000000001 1.5000000000000002 2.5000000000000004 -2.2999999999999994 37.95000000000001 165.15000000000001 6.5000000000000009 1.5000000000000002 -4.8999999999999995 127.50000000000001 5.5000000000000009 23.650000000000002 4.5000000000000009 4.5000000000000009
decision_type=2 2 2 2 2 2 2 2 2 2 2 2 2 2 2 2 2 2 2 2 2 2 2
left_child=1 3 -2 -1 -3 7 -7 9 -9 10 11 -6 13 20 19 16 -15 -18 -19 -14 -8 22 -12
right_child=2 4 -4 -5 5 6 12 8 -10 -11 21 -13 14 15 -16 -17 17 18 -20 -21 -22 -23 -24
leaf_value=-0.67699094314145891 -0.0087375735207825753 -0.028337861750101039 0.23332052429528571 0.031071783962278516 0.045083724230158495 -0.089739321705895908 -3.1496161762731842e-05 -0.0029336905161775205 0.025910159534520003 0.019693446721067147 0.024714002879646983 -0.005250373211246568 6.2991715328877262e-05 0.0011310882115330399 -0.080374347446815611 0.0036817592534863761 -0.025181181097932281 0.0044308033996072992 -0.12541275476922009 0.023122076519044511 -0.0013115445438404549 0.00031714302966818765 -0.0049574054998781491
leaf_weight=38 4.9999999999999991 32 40 6.9999999999999991 5.9999999999999991 8.9999999999999982 7.0000000000000027 40 6.9999999999999991 13.999999999999998 7.0000000000000018 7.9999999999999991 38 8.0000000000000018 8.9999999999999982 18 10.000000000000002 4.9999999999999982 6 9.9999999999999982 12.999999999999998 17 6
leaf_count=38 5 32 40 7 6 9 7 40 7 14 7 8 38 8 9 18 10 5 6 10 13 17 6
internal_value=-0.0015 -0.00485714 0.022 -0.0193333 -0.00244444 -0.0012605 -0.00428571 0.00257143 -0.00319149 0.00724138 0.00272727 -0.00857143 -0.00290323 -0.00671642 0.00157895 -0.00191489 -0.00724138 -0.0128571 -0.00272727 0.005 -0.018 0.008 0.0161538
internal_weight=360 315 45 45 270 238 133 105 47 58 44 14 124 67 57 47 29 21 11 48 20 30 13
internal_count=360 315 45 45 270 238 133 105 47 58 44 14 124 67 57 47 29 21 11 48 20 30 13
is_linear=0
shrinkage=0.03


Tree=108
num_leaves=24
num_cat=0
split_feature=1 6 9 8 9 6 9 9 9 9 0 8 4 0 6 8 6 8 9 4 8 4 8
split_gain=31.5571 12.5603 10 4.20879 4.44444 3.93197 2.45904 6.70948 3.52621 3.38099 4.93426 3.68192 3.18915 2.81611 5.90635 2.69537 4.20746 2.30476 3.6 2.29932 3.71943 3.11676 4.74256
threshold=217.50000000000003 89.450000000000017 -9.6499999999999986 -2.5499999999999994 53.050000000000004 77.600000000000009 16.450000000000006 2.9500000000000006 0.65000000000000002 -0.84999999999999998 4.5000000000000009 -2.4499999999999997 3.5000000000000004 4.5000000000000009 125.65000000000002 -2.9999999999999996 124.25000000000001 -50.399999999999999 -2.2999999999999994 1.0000000180025095e-35 -86.84999999999998 2.5000000000000004 -4.6999999999999984
decision_type=2 2 2 2 2 2 2 2 2 2 2 2 2 2 2 2 2 2 2 2 2 2 2
left_child=1 3 -2 4 -1 -5 7 8 9 13 11 -11 -8 14 17 16 -10 -3 -19 -15 -21 -22 -23
right_child=2 6 -4 5 -6 -7 12 -9 15 10 -12 -13 -14 19 -16 -17 -18 18 -20 20 21 22 -24
leaf_value=-0.64477075500860404 -0.0084754463151597292 0.0026189043501795338 0.22632090856642775 0.030139630443410254 0.041915721075961296 -0.025915570979432444 7.5658683225441337e-05 0.041294797966267539 0.0034287420185106043 0.010669897593953408 -0.0060609289535079819 0.0007650650110280565 -0.014260727771768131 -0.0055380512419287691 -0.011130265294860065 -0.15306471529700844 -0.0032643476407152147 -0.029638994864196064 0.023972582793257542 0.11244483598189987 0.0010058104737901629 -0.01329333125882755 0.001631681364448383
leaf_weight=40 4.9999999999999991 6.0000000000000027 40 6.9999999999999991 4.9999999999999991 42 17 19 12.999999999999998 17 4.9999999999999991 10.000000000000002 21 6.9999999999999991 24 4.9999999999999991 20 6.0000000000000009 8.9999999999999964 4.9999999999999991 11.999999999999998 12.999999999999998 12.000000000000002
leaf_count=40 5 6 40 7 5 42 17 19 13 17 5 10 21 7 24 5 20 6 9 5 12 13 12
internal_value=-0.0015 -0.00485714 0.022 -0.0140426 -0.0206667 -0.00795918 -0.000950226 0.000491803 -0.00146341 0.000952381 0.009375 0.0144444 -0.00789474 -0.00191489 -0.00733333 -0.00947368 -0.00636364 0.00428571 -0.002 0.00306122 0.00571429 0.00243243 -0.0036
internal_weight=360 315 45 94 45 49 221 183 164 126 32 27 38 94 45 38 33 21 15 49 42 37 25
internal_count=360 315 45 94 45 49 221 183 164 126 32 27 38 94 45 38 33 21 15 49 42 37 25
is_linear=0
shrinkage=0.03


Tree=109
num_leaves=24
num_cat=0
split_feature=1 1 9 6 4 0 6 8 9 8 9 8 6 8 9 0 4 4 5 8 9 6 9
split_gain=29.3587 14.2679 10 3.73212 3.61053 4.26316 3.41103 2.85225 2.14715 5.28293 4.3426 4.19259 3.14352 4.13843 3.40788 6.14446 2.8655 2.56642 2.36902 2.70979 4.50909 4.00758 3.3906
threshold=217.50000000000003 82.500000000000014 -9.6499999999999986 145.70000000000002 5.5000000000000009 5.5000000000000009 89.750000000000014 2.2500000000000004 -4.4999999999999991 -46.04999999999999 -0.24999999999999997 -1.9499999999999997 140.05000000000004 -21.649999999999995 -0.84999999999999998 4.5000000000000009 4.5000000000000009 2.5000000000000004 1.0000000180025095e-35 -39.04999999999999 2.9500000000000006 123.65000000000002 0.75000000000000011
decision_type=2 2 2 2 2 2 2 2 2 2 2 2 2 2 2 2 2 2 2 2 2 2 2
left_child=1 4 -2 6 5 -1 -3 8 9 17 12 18 13 -10 15 16 -15 -8 19 -12 22 -22 -21
right_child=2 3 -4 -5 -6 -7 7 -9 10 -11 11 -13 -14 14 -16 -17 -18 -19 -20 20 21 -23 -24
leaf_value=-0.64296173081259944 -0.0082211829257045101 0.018057934969016143 0.21953128130943469 -0.0073362966447299977 -0.0039882559820836501 -0.018139341536271017 -0.038006205959813855 0.0024076251871883868 0.00098273538348848878 -0.013060439405195723 -0.015961845727513333 -0.062045731113353209 -0.0028527873835625427 0.01161041100874172 0.011032257851043141 0.00031346347934999128 -0.010521972406525748 0.0091440937818298811 0.38347724190982785 0.00011633019663292998 -0.013145543939809271 0.014369024427319417 -0.0028445397902368084
leaf_weight=38 4.9999999999999991 6.9999999999999991 40 6.9999999999999991 13.999999999999998 38 7.0000000000000062 8.9999999999999982 11.999999999999998 10.999999999999998 25.999999999999993 4.9999999999999991 10.999999999999998 10.000000000000002 17.000000000000004 9.9999999999999982 8.9999999999999982 11.999999999999998 9.9999999999999982 11.000000000000005 6.0000000000000027 15.999999999999998 29
leaf_count=38 5 7 40 7 14 38 7 9 12 11 26 5 11 10 17 10 9 12 10 11 6 16 29
internal_value=-0.000666667 -0.00390476 0.022 0.000133333 -0.014 -0.0165789 0.000825688 0.00014218 -0.000594059 -0.008 0.000697674 -0.00320388 0.00652174 0.00931034 0.00521739 -0.00103448 -0.0110526 0.00157895 -0.00183673 -0.00340909 0 0.0109091 -0.006
internal_weight=360 315 45 225 90 76 218 211 202 30 172 103 69 58 46 29 19 19 98 88 62 22 40
internal_count=360 315 45 225 90 76 218 211 202 30 172 103 69 58 46 29 19 19 98 88 62 22 40
is_linear=0
shrinkage=0.03


Tree=110
num_leaves=24
num_cat=0
split_feature=1 1 9 6 8 8 9 6 8 9 9 8 9 2 6 8 9 1 6 8 2 6 9
split_gain=28.5016 15.3651 10 3.91903 4.13232 3.55388 4.32607 4.08997 2.82888 2.57143 2.50784 4.76298 4.741 4.07298 4.84848 3.44048 2.81667 3.26667 2.71089 3.23813 5.09697 3.10303 2.97619
threshold=217.50000000000003 82.500000000000014 -9.6499999999999986 145.70000000000002 0.70000000000000007 -2.5499999999999994 53.050000000000004 77.600000000000009 1.0000000180025095e-35 -3.7499999999999996 -4.4999999999999991 -46.04999999999999 0.15000000000000005 51.45000000000001 140.25000000000003 -21.649999999999995 -2.5499999999999994 127.50000000000001 90.350000000000009 -8.1499999999999968 12.850000000000001 132.50000000000003 13.700000000000001
decision_type=2 2 2 2 2 2 2 2 2 2 2 2 2 2 2 2 2 2 2 2 2 2 2
left_child=1 5 -2 4 8 6 -1 -7 10 -6 11 -3 13 15 -15 -12 -17 -18 -14 20 -20 -22 -23
right_child=2 3 -4 -5 9 7 -8 -9 -10 -11 12 -13 18 14 -16 16 17 -19 19 -21 21 22 -24
leaf_value=-0.6180492402725789 -0.0079745474379336653 5.2689637735738868e-05 0.21294534287015096 -0.0071162077453882939 0.0023353964315727181 0.029355089209570622 0.040777897123144696 -0.024593923603961301 -0.045696330194983543 0.013947430970432037 0.00078520327780040589 -0.01655914153966229 0.017731381231787538 0.0033628382608294058 -0.032566963537770444 -3.9074996315306975e-05 0.00085539395005149285 0.018478059138256668 0.097541903606530686 -0.005648977353045339 -0.001867253955155732 -0.0056027687859020146 0.24385422114112698
leaf_weight=38 4.9999999999999991 19.000000000000004 40 6.9999999999999991 7 6.9999999999999991 4.9999999999999991 40 5.9999999999999991 6.9999999999999982 7.9999999999999991 9.9999999999999982 7.9999999999999991 5.9999999999999982 5 7.9999999999999991 24 15.999999999999998 4.999999999999992 34.000000000000007 40 6.9999999999999991 7.9999999999999991
leaf_count=38 5 19 40 7 7 7 5 40 6 7 8 10 8 6 5 8 24 16 5 34 40 7 8
internal_value=-0.000333333 -0.00352381 0.022 0.000666667 0.00137615 -0.014 -0.0202326 -0.00829787 0.000294118 0.0171429 0.000909091 -0.00724138 0.00230769 0.00850746 -0.00818182 0.0117857 0.00875 0.012 -0.00176471 -0.00319149 0.001 -0.00163636 0.01
internal_weight=360 315 45 225 218 90 43 47 204 14 198 29 169 67 11 56 48 40 102 94 60 55 15
internal_count=360 315 45 225 218 90 43 47 204 14 198 29 169 67 11 56 48 40 102 94 60 55 15
is_linear=0
shrinkage=0.03


Tree=111
num_leaves=24
num_cat=0
split_feature=6 0 9 4 2 2 9 6 4 6 8 3 8 2 8 8 6 6 2 2 6 6 4
split_gain=28.4553 13.0244 9.41718 5.13818 3.53114 3.95858 4.88543 3.97364 3.8187 2.72195 3.6 2.68954 5.09091 4.37576 2.59893 2.32536 5.8432 4.2 2.58036 3.96825 3.66396 2.96113 4.06551
threshold=150.00000000000003 1.0000000180025095e-35 -9.6499999999999986 5.5000000000000009 0.50000000000000011 18.500000000000004 -1.9499999999999997 123.15000000000002 1.0000000180025095e-35 292.55000000000007 -1.5499999999999998 21.500000000000004 -31.249999999999996 79.850000000000009 -0.74999999999999989 -6.4499999999999993 140.75000000000003 140.75000000000003 165.15000000000001 201.10000000000002 138.45000000000002 130.65000000000001 1.5000000000000002
decision_type=2 2 2 2 2 2 2 2 2 2 2 2 2 2 2 2 2 2 2 2 2 2 2
left_child=1 3 -2 -1 -3 6 -6 -7 14 10 -4 15 13 -13 -9 16 18 -17 20 -20 21 22 -10
right_child=2 4 9 -5 5 7 -8 8 11 -11 -12 12 -14 -15 -16 17 -18 -19 19 -21 -22 -23 -24
leaf_value=-0.6115077516203099 -0.0077353110147959109 -0.025860363199341166 0.42555661637310832 0.028474436533283409 0.026605337241475339 -0.098497711453854608 0.00050394069622498698 -0.025503853842687361 -0.02558344601819499 0.18855679947857709 -0.036694311939791648 -0.0062793216052403266 0.0014342145828192088 0.040489529158982976 0.0050775123858081625 -0.0039880457164279898 -0.022063206267543621 0.0071049118005521448 -0.19464516629169565 0.00073099506290475347 0.051362902106242246 -0.00052681417426398976 0.00049386521501062933
leaf_weight=38 4.9999999999999991 32 5 6.9999999999999991 5.9999999999999991 8.9999999999999982 99 11.000000000000002 5.0000000000000027 31 4.9999999999999982 6.0000000000000018 6.9999999999999991 5 5.9999999999999991 6.9999999999999982 11.999999999999998 5 4.9999999999999991 8.9999999999999982 8.9999999999999982 9.9999999999999982 26
leaf_count=38 5 32 5 7 6 9 99 11 5 31 5 6 7 5 6 7 12 5 5 9 9 10 26
internal_value=-0.00116667 -0.0043949 0.0208696 -0.0193333 -0.00189591 -0.000632911 0.00371429 -0.00409091 -0.00268293 0.0256098 0.012 -0.000566038 0.01 -0.00272727 -0.0158824 -0.00272727 -0.000789474 -0.015 0.0028125 -0.00857143 0.006 0.00219512 0.00677419
internal_weight=360 314 46 45 269 237 105 132 123 41 10 106 18 11 17 88 76 12 64 14 50 41 31
internal_count=360 314 46 45 269 237 105 132 123 41 10 106 18 11 17 88 76 12 64 14 50 41 31
is_linear=0
shrinkage=0.03


Tree=112
num_leaves=24
num_cat=0
split_feature=1 0 8 4 2 2 1 6 2 5 2 6 2 8 8 6 6 8 4 8 3 8 4
split_gain=31.5571 12.2243 6.36391 5.13818 3.12758 3.06555 3.89145 3.02165 2.77895 2.17302 2.45354 3.42857 2.67052 5.07413 3.62078 8.03787 7.52411 2.13333 2.10767 2.77692 2.28575 5.74359 6.16117
threshold=217.50000000000003 1.0000000180025095e-35 3.6000000000000005 5.5000000000000009 0.50000000000000011 18.500000000000004 107.50000000000001 140.05000000000004 159.40000000000003 1.0000000180025095e-35 13.450000000000001 125.05000000000001 11.950000000000001 -8.1499999999999968 -6.6499999999999995 126.45000000000002 92.050000000000011 -4.6999999999999984 1.0000000180025095e-35 -0.74999999999999989 20.500000000000004 -36.499999999999993 2.5000000000000004
decision_type=2 2 2 2 2 2 2 2 2 2 2 2 2 2 2 2 2 2 2 2 2 2 2
left_child=1 3 8 -1 -3 9 -7 18 -2 10 12 -12 13 -6 -15 16 -16 -18 19 -8 -20 22 -22
right_child=2 4 -4 -5 5 6 7 -9 -10 -11 11 -13 -14 14 15 -17 17 -19 20 -21 21 -23 -24
leaf_value=-0.59316251907170059 0.20090027859968812 -0.025084552303360892 -0.0058344412675717192 0.027620203437284798 0.094600528277447887 -0.095542780110238826 -0.030420611541138669 -0.0019229321602423964 0.042238862401163146 0.16091752399726117 0.034733695430941222 0.0071961272864995603 -0.023478518826838411 -0.010444825590200466 0.00070379836821366838 0.014693978590967447 -0.0049071271971823189 -0.039826023845198719 -0.00010347785902979467 0.010273861390204359 0.0088894723810399503 0.0017337421845806489 -0.011983472328693096
leaf_weight=38 33 32 6.9999999999999991 6.9999999999999991 4.9999999999999991 8.9999999999999982 7.9999999999999991 29 4.9999999999999991 8.9999999999999982 5.9999999999999991 7.9999999999999991 5.9999999999999991 9.9999999999999911 32.000000000000007 13.999999999999998 4.9999999999999991 9.9999999999999982 61 4.9999999999999991 6.0000000000000018 7.9999999999999991 7
leaf_count=38 33 32 7 7 5 9 8 29 5 9 6 8 6 10 32 14 5 10 61 5 6 8 7
internal_value=-0.0015 -0.00485714 0.022 -0.0193333 -0.00244444 -0.0012605 -0.00428571 -0.00290323 0.0268421 0.00257143 0.00125 0.0128571 -0.000731707 0.000789474 -0.00126761 0.00147541 -0.00446809 -0.022 -0.000315789 -0.0115385 0.00146341 0.01 -0.00230769
internal_weight=360 315 45 45 270 238 133 124 38 105 96 14 82 76 71 61 47 15 95 13 82 21 13
internal_count=360 315 45 45 270 238 133 124 38 105 96 14 82 76 71 61 47 15 95 13 82 21 13
is_linear=0
shrinkage=0.03


Tree=113
num_leaves=24
num_cat=0
split_feature=1 1 9 6 6 6 6 4 4 6 2 6 8 9 2 2 8 4 6 2 2 6 9
split_gain=25.2 12.1956 9.34444 4.10264 4.94845 3.54275 3.99128 3.07692 2.95556 3.5625 2.7 3.6 2.55876 2.51279 2.096 2.95694 2.0657 3.88235 2.05083 2.4 4.8 2.24259 2.97143
threshold=217.50000000000003 82.500000000000014 -9.6499999999999986 130.65000000000001 129.75000000000003 132.50000000000003 138.75000000000003 3.5000000000000004 5.5000000000000009 32.150000000000013 84.750000000000014 293.05000000000007 -78.59999999999998 1.1500000000000001 15.000000000000002 6.1500000000000012 -1.1499999999999997 3.5000000000000004 126.85000000000001 10.750000000000002 21.250000000000004 125.95000000000002 -1.7499999999999998
decision_type=2 2 2 2 2 2 2 2 2 2 2 2 2 2 2 2 2 2 2 2 2 2 2
left_child=1 8 -2 4 12 -5 7 -7 9 -1 -4 -12 -3 16 15 -11 17 -8 21 -20 -21 22 -14
right_child=2 3 10 5 -6 6 13 -9 -10 14 11 -13 18 -15 -16 -17 -18 -19 19 20 -22 -23 -24
leaf_value=-0.57536764349954972 -0.0073282184463249675 -0.032030621112045875 0.20087317868896262 -0.0057687805417927507 0.0048775519663419682 0.096105198916553142 -0.0121614032819258 0.050822839101113432 -0.0047995614722303867 -0.024183717851665277 -0.0022378758987997571 0.16780761513786557 0.00042892732358019715 6.4080017315859544e-05 -0.52820234821239087 0.013736752595274772 -0.00036579939692899188 0.0044933847411208205 0.04139286930293451 -0.0037292414660379334 0.00065668323858147915 -0.002306646143109603 -0.00010037352325895199
leaf_weight=11.999999999999998 4.9999999999999991 24 30 8.9999999999999982 12.999999999999998 4.9999999999999991 11.000000000000002 7.9999999999999991 13.999999999999998 41 4.9999999999999982 5 26 17 14.999999999999998 7.9999999999999991 11.000000000000002 5.9999999999999991 5.0000000000000027 4.9999999999999991 9.9999999999999982 9.9999999999999982 65
leaf_count=12 5 24 30 9 13 5 11 8 14 41 5 5 26 17 15 8 11 6 5 5 10 10 65
internal_value=-0.000333333 -0.00333333 0.0206667 0.0004 0.00303797 -0.0058209 -0.00310345 0.0115385 -0.0126667 -0.015 0.0255 0.012 0.00144828 -0.00733333 -0.0121875 -0.00918367 -0.0128571 -0.0194118 0.00322314 0.012 0.006 0.00148515 0.00296703
internal_weight=360 315 45 225 158 67 58 13 90 76 40 10 145 45 64 49 28 17 121 20 15 101 91
internal_count=360 315 45 225 158 67 58 13 90 76 40 10 145 45 64 49 28 17 121 20 15 101 91
is_linear=0
shrinkage=0.03


Tree=114
num_leaves=24
num_cat=0
split_feature=1 1 9 6 6 2 6 9 8 0 8 8 9 4 9 4 8 6 9 9 8 4 8
split_gain=24.0143 11.9479 9.34444 4.0891 2.71385 2.7 3.6 2.56001 2.42212 3.59169 3.13438 4.26446 5.10204 4.68034 3.23077 2.56864 5.68935 3.87324 6.1703 3.43507 3.42857 2.22308 2.20972
threshold=217.50000000000003 82.500000000000014 -9.6499999999999986 140.05000000000004 33.350000000000001 84.750000000000014 293.05000000000007 1.1500000000000001 -101.89999999999999 3.5000000000000004 -5.2499999999999991 -8.1499999999999968 -4.6499999999999995 4.5000000000000009 0.25000000000000006 4.5000000000000009 -2.9999999999999996 92.050000000000011 0.15000000000000005 -4.2499999999999991 -0.94999999999999984 2.5000000000000004 -38.949999999999996
decision_type=2 2 2 2 2 2 2 2 2 2 2 2 2 2 2 2 2 2 2 2 2 2 2
left_child=1 4 -2 8 -1 -4 -7 22 -3 15 11 12 -11 14 -13 17 -17 -10 19 -19 -21 -9 -5
right_child=2 3 5 7 -6 6 -8 21 9 10 -12 13 -14 -15 -16 16 -18 18 -20 20 -22 -23 -24
leaf_value=-0.56710661991660916 -0.0071083718929349964 -0.017316588795337536 0.19484698332829453 -0.12179542816291153 -0.023754802081305114 -0.0021707396218357644 0.16277338668372976 0.022052322289491996 0.0035474643060183549 -0.017241840714765429 0.011918365419946468 0.0092426769525668102 0.0018154197373396385 0.00029258015830890827 -0.0096343482987539635 0.00047722528732634827 -0.015279913713266638 -0.017516220199564784 -0.040513051261359151 0.012911996801305321 0.040472176697473043 -0.0023442751973801988 -0.00080975103669373989
leaf_weight=25 4.9999999999999991 25 30 6.0000000000000027 65 4.9999999999999982 5 4.9999999999999991 19 8.9999999999999982 13.999999999999998 6.0000000000000018 40 4.9999999999999991 7 14.000000000000002 10.999999999999998 8.0000000000000018 17 7.9999999999999991 5.9999999999999991 7.9999999999999991 17
leaf_count=25 5 25 30 6 65 5 5 5 19 9 14 6 40 5 7 14 11 8 17 8 6 8 17
internal_value=0.000166667 -0.0027619 0.0206667 0.000933333 -0.012 0.0255 0.012 -0.00833333 0.00269841 0.00402439 0.00851852 0.0058209 0.0104082 -0.00666667 -0.0161538 -0.000361446 -0.0084 0.00310345 -0.00230769 0.00818182 0.0171429 0.00230769 -0.0143478
internal_weight=360 315 45 225 90 40 10 36 189 164 81 67 49 18 13 83 25 58 39 22 14 13 23
internal_count=360 315 45 225 90 40 10 36 189 164 81 67 49 18 13 83 25 58 39 22 14 13 23
is_linear=0
shrinkage=0.03


Tree=115
num_leaves=24
num_cat=0
split_feature=1 1 9 3 6 4 2 6 2 6 9 4 6 6 2 5 6 9 9 3 9 6 5
split_gain=24.4063 11.4603 9.34444 4.20672 6.76096 4.34649 3.72308 2.71385 2.7 3.6 2.6501 3.25835 2.27069 2.25461 3.95015 3.62195 2.81761 4.66134 4.85294 6.0213 4.44615 2.8 2.31429
threshold=217.50000000000003 82.500000000000014 -9.6499999999999986 3.5000000000000004 125.65000000000002 3.5000000000000004 46.550000000000004 33.350000000000001 84.750000000000014 293.05000000000007 -3.7499999999999996 4.5000000000000009 143.30000000000004 123.15000000000002 21.050000000000001 1.0000000180025095e-35 130.65000000000001 -4.6499999999999995 -2.2999999999999994 21.500000000000004 0.65000000000000002 102.95000000000002 1.0000000180025095e-35
decision_type=2 2 2 2 2 2 2 2 2 2 2 2 2 2 2 2 2 2 2 2 2 2 2
left_child=1 7 -2 4 5 6 -3 -1 -4 -10 -6 -12 13 14 21 16 17 -15 -19 -20 -18 22 -5
right_child=2 3 8 12 10 -7 -8 -9 9 -11 11 -13 -14 15 -16 -17 20 18 19 -21 -22 -23 -24
leaf_value=-0.55009342131911099 -0.0068951207361476457 0.023680231355055807 0.18900157382844496 0.00013420424146701749 -0.010726758161961883 0.0027121630453328291 -0.03434288182912773 -0.023042158018866131 -0.0021056174331812371 0.15789018508321759 -0.00010657652881690183 -0.004646695714089333 -0.039802778061020942 -0.016797091131477371 -0.091458093963393022 0.72203997562968469 0.007363022698381556 0.0002766484591596452 0.008504676056251697 -0.0036718268141771658 -0.008531583907271453 -0.014821516301868485 0.15607869272442174
leaf_weight=25 4.9999999999999991 5.0000000000000027 30 28 13.999999999999998 9.9999999999999982 7.9999999999999991 65 4.9999999999999982 5 31 14.999999999999998 6.9999999999999991 4.9999999999999991 6.9999999999999991 5.9999999999999991 16.000000000000004 10.999999999999998 21 19 9.9999999999999982 4.9999999999999991 6.9999999999999991
leaf_count=25 5 5 30 28 14 10 8 65 5 5 31 15 7 5 7 6 16 11 21 19 10 5 7
internal_value=0 -0.00295238 0.0206667 0.000666667 -0.0046988 0.00913043 -0.00230769 -0.012 0.0255 0.012 -0.01 -0.00652174 0.00380282 0.00466667 -0.000638298 0.0075 0.00585366 0.00964286 0.0123529 0.0075 -0.00230769 0.003 0.006
internal_weight=360 315 45 225 83 23 13 90 40 10 60 46 142 135 47 88 82 56 51 40 26 40 35
internal_count=360 315 45 225 83 23 13 90 40 10 60 46 142 135 47 88 82 56 51 40 26 40 35
is_linear=0
shrinkage=0.03


Tree=116
num_leaves=24
num_cat=0
split_feature=1 6 9 4 6 8 6 9 3 8 5 6 8 9 9 4 3 4 6 0 6 4 4
split_gain=21.3587 11.3966 9.16825 4.10929 3.71499 3.42688 4.84848 4.2 3.33175 4.92614 2.23346 5.89091 3.44802 2.19427 2.93858 3.07302 1.90476 3.42857 1.73707 4.25 3.39798 6.89604 3.73333
threshold=217.50000000000003 78.750000000000014 -6.9999999999999991 4.5000000000000009 145.70000000000002 -3.7499999999999996 78.050000000000011 3.1500000000000008 19.500000000000004 -5.2499999999999991 1.0000000180025095e-35 130.65000000000001 -50.399999999999999 16.450000000000006 2.4500000000000006 2.5000000000000004 1.5000000000000002 3.5000000000000004 125.65000000000002 4.5000000000000009 124.65000000000002 3.5000000000000004 3.5000000000000004
decision_type=2 2 2 2 2 2 2 2 2 2 2 2 2 2 2 2 2 2 2 2 2 2 2
left_child=1 3 -2 -1 8 7 -7 -5 13 10 11 12 -10 14 18 -16 -15 -18 20 -20 21 -3 -22
right_child=2 4 -4 5 -6 6 -8 -9 9 -11 -12 -13 -14 16 15 -17 17 -19 19 -21 22 -23 -24
leaf_value=-0.50059060723544579 -0.0048994923357267338 0.0013578118546584506 0.17733161816632673 -0.24545187350143927 -0.0070621204012428504 0.16292035925714457 -0.081757277926476773 0.039419616657504972 -0.016883137111314995 0.008249535774564264 0.45316994877471156 -0.0085254128133814781 0.00023503362511007706 -0.025903278632482624 -0.032028882063969775 0.04714344833642798 0.1813961946973297 -0.11023120149391907 -0.0061876726976557699 9.5803590805587643e-05 0.0045411792875906798 -0.025436228913339534 0.0021842863902348597
leaf_weight=41 9.9999999999999982 40 35 7 6.9999999999999991 5 6 5 4.999999999999992 10.999999999999998 8.9999999999999982 10.999999999999998 39.000000000000007 10.000000000000002 4.9999999999999991 8.9999999999999982 5.9999999999999991 7.9999999999999991 15.999999999999998 34 7.9999999999999982 26 7
leaf_count=41 10 40 35 7 7 5 6 5 5 11 9 11 39 10 5 9 6 8 16 34 8 26 7
internal_value=0 -0.0027619 0.0193333 -0.0140625 0.000119522 -0.00391304 0.00818182 -0.015 0.000737705 0.006 0.0028125 0.000545455 0.00545455 -0.00159763 -0.000206897 0.0128571 -0.01 -0.0171429 -0.00160305 -0.006 0.00111111 -0.00181818 0.014
internal_weight=360 315 45 64 251 23 11 12 244 75 64 55 44 169 145 14 24 14 131 50 81 66 15
internal_count=360 315 45 64 251 23 11 12 244 75 64 55 44 169 145 14 24 14 131 50 81 66 15
is_linear=0
shrinkage=0.03


Tree=117
num_leaves=24
num_cat=0
split_feature=1 0 2 5 6 2 2 2 9 4 1 4 8 2 4 6 4 9 9 2 8 4 6
split_gain=17.8349 12.2243 8.93793 5 4.82279 3.55843 2.74167 2.61818 2.43926 3.21111 3.47143 2.56209 2.04848 1.97044 2.80878 1.82186 2.56642 1.77316 2.84444 1.57005 2.59335 2.25882 1.55162
threshold=217.50000000000003 1.0000000180025095e-35 69.350000000000009 1.0000000180025095e-35 140.05000000000004 0.50000000000000011 88.600000000000009 115.55000000000001 16.450000000000006 4.5000000000000009 127.50000000000001 3.5000000000000004 -1.5499999999999998 18.500000000000004 1.5000000000000002 79.050000000000011 2.5000000000000004 2.9500000000000006 -2.9999999999999996 15.000000000000002 -5.3499999999999988 4.5000000000000009 136.55000000000004
decision_type=2 2 2 2 2 2 2 2 2 2 2 2 2 2 2 2 2 2 2 2 2 2 2
left_child=1 3 -2 19 5 15 22 -4 9 10 -8 -10 -9 -6 -15 16 -3 18 -16 20 -1 -22 -7
right_child=2 4 7 -5 13 6 8 12 11 -11 -12 -13 -14 14 17 -17 -18 -19 -20 -21 21 -23 -24
leaf_value=-0.23340948929208025 0.18101130341040003 0.013963558033054966 -0.0048724719272121315 0.038237028157779629 0.012325618267494462 0.00021414161076990012 -0.047704532229918183 0.11618005745172212 -0.013930651252597102 0.013932835268375783 0.013130450733644919 -0.051440583247021859 -0.0065412823439919519 -0.0089946751791660506 -0.00046787287280608325 -0.049516126408133944 -0.021274252711406164 0.040806884058290221 -0.019321099172683914 -0.56945579615962549 -0.53657291190656609 -0.20208829440821255 0.31103064773514288
leaf_weight=5.9999999999999991 29 7.0000000000000027 4.9999999999999991 8.9999999999999982 6.9999999999999991 155 7.0000000000000027 5.9999999999999991 8.0000000000000018 8.9999999999999982 7.9999999999999991 8.9999999999999982 4.9999999999999991 7.0000000000000027 9.0000000000000018 12.999999999999998 11.999999999999998 6.9999999999999991 5.9999999999999991 12.999999999999998 12.000000000000005 4.9999999999999991 5.9999999999999991
leaf_count=6 29 7 5 9 7 155 7 6 8 9 8 9 5 7 9 13 12 7 6 13 12 5 6
internal_value=0.000333333 -0.00219048 0.018 -0.0166667 0.000222222 0.00179487 0.00326733 0 -0.00365854 0.0025 -0.006 -0.0123529 0.00818182 -0.01 -0.0134483 -0.0075 -0.00157895 -0.00818182 -0.014 -0.0216667 -0.0169565 -0.0229412 0.00503106
internal_weight=360 315 45 45 270 234 202 16 41 24 15 17 11 36 29 32 19 22 15 36 23 17 161
internal_count=360 315 45 45 270 234 202 16 41 24 15 17 11 36 29 32 19 22 15 36 23 17 161
is_linear=0
shrinkage=0.03


Tree=118
num_leaves=24
num_cat=0
split_feature=1 0 2 5 6 3 5 2 6 2 8 9 2 2 2 9 2 8 6 6 2 3 8
split_gain=17.8349 12.2243 8.93793 5 4.37889 2.91193 4.07714 4.44615 3.9517 3.25516 3.88341 4.11729 3.33907 3.19305 5.41935 4.44444 2.87892 3.55918 2.9697 3.79608 2.61818 2.57143 2.13333
threshold=217.50000000000003 1.0000000180025095e-35 69.350000000000009 1.0000000180025095e-35 143.30000000000004 19.500000000000004 1.0000000180025095e-35 37.95000000000001 130.65000000000001 21.050000000000001 -21.649999999999995 -4.6499999999999995 0.90000000000000013 21.250000000000004 6.5500000000000007 0.8500000000000002 46.550000000000004 -59.899999999999991 125.45000000000002 126.65000000000002 115.55000000000001 2.5000000000000004 -9.3499999999999979
decision_type=2 2 2 2 2 2 2 2 2 2 2 2 2 2 2 2 2 2 2 2 2 2 2
left_child=1 3 -2 -1 5 9 7 8 13 12 16 -12 -3 14 -7 22 -11 18 -18 -20 -4 -19 -16
right_child=2 4 20 -5 -6 6 -8 -9 -10 10 11 -13 -14 -15 15 -17 17 21 19 -21 -22 -23 -24
leaf_value=-0.51768994927078882 0.17558096430808803 -0.010995219828295575 -0.0047262977693952732 0.037089917313046214 -0.0045137145827713705 0.014107902255197473 0.67745275846549857 -0.010635975957679306 -0.0050992088769916677 0.00163174285958398 0.011365891162701159 -0.0081630219043000805 0.0014061831752241005 0.0011222489362383925 0.0019655742583002222 0.0019620396263667315 0.13548938075872827 -0.02197503247245507 -0.048085381006315868 0.0162658761419479 0.021193850847315048 -0.026635149437271081 -0.0048808959692036779
leaf_weight=36 29 36 4.9999999999999991 8.9999999999999982 15.999999999999998 7.0000000000000027 5.9999999999999991 12.999999999999998 8.9999999999999982 7.9999999999999991 5.0000000000000027 13.999999999999998 73 11.999999999999998 4.9999999999999956 8.9999999999999982 5.9999999999999991 6.9999999999999982 10.000000000000002 17 10.999999999999998 7 10.000000000000005
leaf_count=36 29 36 5 9 16 7 6 13 9 8 5 14 73 12 5 9 6 7 10 17 11 7 10
internal_value=0.000333333 -0.00219048 0.018 -0.0166667 0.000222222 0.0011811 0.00633803 0.00415385 0.00807692 -0.000819672 -0.00567568 -0.0173684 0.00247706 0.0118605 0.00677419 0 -0.00163636 -0.00446809 0.000909091 -0.00333333 0 -0.0171429 -0.01
internal_weight=360 315 45 45 270 254 71 65 52 183 74 19 109 43 31 24 55 47 33 27 16 14 15
internal_count=360 315 45 45 270 254 71 65 52 183 74 19 109 43 31 24 55 47 33 27 16 14 15
is_linear=0
shrinkage=0.03


Tree=119
num_leaves=24
num_cat=0
split_feature=1 2 0 5 2 2 6 2 9 9 9 0 9 6 6 2 6 4 2 3 2 6 9
split_gain=15.2444 11.499 10.3704 4.35556 3.34579 4.36611 2.81667 2.23411 2.6987 3.94599 3.40124 2.69638 3.3373 2.88282 2.13693 4.43077 4.3242 3.21905 2.37384 2.30836 3.81349 2.03308 2.88095
threshold=217.50000000000003 69.350000000000009 1.0000000180025095e-35 1.0000000180025095e-35 44.20000000000001 40.550000000000004 292.90000000000003 0.50000000000000011 -3.7499999999999996 0.75000000000000011 1.2500000000000002 4.5000000000000009 2.9500000000000006 90.550000000000011 140.25000000000003 69.350000000000009 126.65000000000002 1.0000000180025095e-35 114.15000000000002 2.5000000000000004 79.850000000000009 127.25000000000001 -1.0000000180025095e-35
decision_type=2 2 2 2 2 2 2 2 2 2 2 2 2 2 2 2 2 2 2 2 2 2 2
left_child=2 -2 3 -1 5 7 -3 -4 -9 -10 -11 13 -13 -12 16 -16 19 -18 -19 20 -6 -20 -23
right_child=1 6 4 -5 14 -7 -8 8 9 10 11 12 -14 -15 15 -17 17 18 21 -21 -22 22 -24
leaf_value=-0.5021592507926651 0.17031353537884514 -0.0058294716002939137 -0.01213050554375748 0.035977219793655021 0.0018410494258561982 0.0064667833531606789 0.050481700995317166 -0.0015003011313548596 0.00046797797419372955 -0.0045031936317144524 0.0046018441301180248 -0.0029703804776275433 0.018755891249510624 -0.01254392284657598 -0.018808187759041174 0.039718088974024394 -0.049371604164771266 0.0057710880700493307 0.23647866894234568 -0.044830834832831241 -0.048454804319421493 0.029874521866598867 -0.02107187903511722
leaf_weight=36 29 5.9999999999999991 32 8.9999999999999982 7.0000000000000062 4.9999999999999991 9.9999999999999982 9.9999999999999982 90 9.9999999999999982 7.0000000000000027 6.9999999999999991 8.9999999999999982 23 7.9999999999999982 5 4.9999999999999991 11.000000000000002 5.0000000000000027 12.999999999999998 8.9999999999999982 7.9999999999999991 5.9999999999999991
leaf_count=36 29 6 32 9 7 5 10 10 90 10 7 7 9 23 8 5 5 11 5 13 9 8 6
internal_value=0.000333333 0.0166667 -0.002 -0.0153333 0.000222222 0.00233161 -0.00375 0.00159574 0.00307692 0.00410959 -0.00214286 0.00130435 0.01125 -0.004 -0.00506494 -0.0161538 -0.0028125 0.00428571 0.008 -0.0113793 -0.00375 0.00157895 -0.00428571
internal_weight=360 45 315 45 270 193 16 188 156 146 56 46 16 30 77 13 64 35 30 29 16 19 14
internal_count=360 45 315 45 270 193 16 188 156 146 56 46 16 30 77 13 64 35 30 29 16 19 14
is_linear=0
shrinkage=0.03


Tree=120
num_leaves=24
num_cat=0
split_feature=0 1 2 5 6 8 2 3 6 2 2 4 8 8 2 8 3 6 4 2 1 2 8
split_gain=14.6286 10.9714 11.499 4.35556 3.89817 3.82273 3.272 3.07302 2.72727 2.40215 2.47219 5.07943 4.67501 3.58018 2.77692 2.66667 2.57143 2.49231 2.10777 2.05348 2.04848 2 4.08403
threshold=1.0000000180025095e-35 217.50000000000003 69.350000000000009 1.0000000180025095e-35 145.70000000000002 -11.699999999999998 165.15000000000001 4.5000000000000009 292.90000000000003 0.50000000000000011 44.20000000000001 1.5000000000000002 -41.999999999999993 -21.649999999999995 60.250000000000007 -52.54999999999999 2.5000000000000004 138.45000000000002 5.5000000000000009 76.050000000000026 127.50000000000001 19.000000000000004 -5.3499999999999988
decision_type=2 2 2 2 2 2 2 2 2 2 2 2 2 2 2 2 2 2 2 2 2 2 2
left_child=3 4 -3 21 6 -4 9 -8 -7 -2 13 19 15 18 -14 16 -13 -18 -11 -12 -21 22 -1
right_child=1 2 5 -5 -6 8 7 -9 -10 10 11 12 14 -15 -16 -17 17 -19 -20 20 -22 -23 -24
leaf_value=0.019311151014956989 -0.011766590377444926 0.16520412931747955 0.14219786270690066 0.034897903199845502 -0.0069955024854186825 -0.0068995502162664474 -0.057138601879942429 0.012130638270068061 0.0065922765744886643 0.00056512444373318254 -0.069954568872729647 0.26405479250294261 -0.010853032126104266 0.00016737869387839055 0.0017858179430803034 0.0055979554279478802 -0.0095616962908621865 0.045825934151133937 0.00014179890288005482 -0.075327585359984045 0.00057768887004385763 -0.5315620261762074 -0.47188023710337362
leaf_weight=6.9999999999999991 32 29 4.9999999999999991 8.9999999999999982 6.9999999999999991 4.9999999999999982 8.9999999999999982 4.9999999999999991 6 12.000000000000002 6.0000000000000027 7.0000000000000027 7.9999999999999982 138 5 5.0000000000000027 13.000000000000002 4.9999999999999991 6.9999999999999991 5.9999999999999982 5 11.999999999999998 17.000000000000004
leaf_count=7 32 29 5 9 7 5 9 5 6 12 6 7 8 138 5 5 13 5 7 6 5 12 17
internal_value=0.000666667 0.00295238 0.0166667 -0.0153333 0.000666667 -0.00375 0.00125475 -0.0128571 -0.0136364 0.00204819 0.00317972 -0.002 0.00348837 0.00515924 -0.0115385 0.01 0.006 0 0.0173684 -0.0158824 -0.00818182 -0.02 -0.015
internal_weight=360 315 45 45 270 16 263 14 11 249 217 60 43 157 13 30 25 18 19 17 11 36 24
internal_count=360 315 45 45 270 16 263 14 11 249 217 60 43 157 13 30 25 18 19 17 11 36 24
is_linear=0
shrinkage=0.03


Tree=121
num_leaves=24
num_cat=0
split_feature=1 2 0 5 6 6 2 2 6 2 6 6 2 4 4 2 6 9 9 9 2 2 9
split_gain=14.9349 11.499 10.6688 4.35556 3.82015 2.81667 2.08598 4.25351 2.79764 2.47397 2.34144 3.75479 3.80952 3.21905 2.57143 2.37384 2.03308 2.88095 2.02413 2.86219 2 2.17778 1.79259
threshold=217.50000000000003 69.350000000000009 1.0000000180025095e-35 1.0000000180025095e-35 145.70000000000002 292.90000000000003 44.20000000000001 40.550000000000004 140.25000000000003 0.50000000000000011 126.65000000000002 125.85000000000001 60.250000000000007 1.0000000180025095e-35 3.5000000000000004 114.15000000000002 127.25000000000001 -1.0000000180025095e-35 0.75000000000000011 -3.7499999999999996 19.000000000000004 6.1500000000000012 2.4500000000000006
decision_type=2 2 2 2 2 2 2 2 2 2 2 2 2 2 2 2 2 2 2 2 2 2 2
left_child=2 -2 3 20 6 -3 7 9 10 -4 11 12 -8 -12 -14 -15 -17 -18 19 -11 21 -1 -20
right_child=1 5 4 -5 -6 -7 8 -9 -10 18 13 -13 14 15 -16 16 17 -19 22 -21 -22 -23 -24
leaf_value=-0.4577238299902725 0.16024800543795492 -0.0054476009457977165 -0.011413592666121488 0.033850966103850057 -0.0067856374108563955 0.046735397876236956 -0.079625703643065787 0.0062558261192536685 -0.0094445266051758382 -0.00036881071070652636 -0.045791818973646058 -0.055424443823544181 -0.017602309807899275 0.0054300167651095419 0.0017322434047881074 0.22146266509898707 0.028108937624282928 -0.020478256793751939 -0.00066175554030593268 0.00049403436315486715 -0.51561516539092112 -0.15394689434380615 0.00090229983574353413
leaf_weight=15.000000000000002 29 5.9999999999999991 32 8.9999999999999982 6.9999999999999991 9.9999999999999982 6.0000000000000062 4.9999999999999991 9.9999999999999982 8.9999999999999982 4.9999999999999991 8.9999999999999982 6.9999999999999982 11.000000000000002 7 5.0000000000000027 7.9999999999999991 5.9999999999999991 30 89 11.999999999999998 8.9999999999999982 24
leaf_count=15 29 6 32 9 7 10 6 5 10 9 5 9 7 11 7 5 8 6 30 89 12 9 24
internal_value=0.0005 0.0166667 -0.00180952 -0.0153333 0.000444444 -0.00375 0.00102662 0.00269841 -0.00324324 0.00195652 -0.0009375 -0.00724138 0 0.00428571 0.00857143 0.008 0.00157895 -0.00428571 0.00355263 0.00612245 -0.02 -0.015 -0.00111111
internal_weight=360 45 315 45 270 16 263 189 74 184 64 29 20 35 14 30 19 14 152 98 36 24 54
internal_count=360 45 315 45 270 16 263 189 74 184 64 29 20 35 14 30 19 14 152 98 36 24 54
is_linear=0
shrinkage=0.03


Tree=122
num_leaves=24
num_cat=0
split_feature=6 0 2 5 8 6 2 8 8 4 2 2 6 9 6 2 8 2 8 4 6 6 4
split_gain=16.1926 10.2179 7.83768 4.35556 3.18694 2.95808 2.61818 2.19484 2.91183 3.42713 5.47619 4.6 3 2.53968 2.14286 2.05714 2.04848 2 4.08403 2.25882 1.64449 2.42382 2.58146
threshold=150.00000000000003 1.0000000180025095e-35 69.350000000000009 1.0000000180025095e-35 -124.19999999999999 145.70000000000002 115.55000000000001 0.70000000000000007 1.0000000180025095e-35 1.5000000000000002 42.250000000000007 17.300000000000001 125.45000000000002 -2.7499999999999996 127.10000000000001 112.30000000000001 -1.5499999999999998 19.000000000000004 -5.3499999999999988 4.5000000000000009 140.75000000000003 129.75000000000003 2.5000000000000004
decision_type=2 2 2 2 2 2 2 2 2 2 2 2 2 2 2 2 2 2 2 2 2 2 2
left_child=1 3 -2 17 14 7 -4 8 9 10 11 12 -6 -9 -3 -12 -8 18 -1 -20 21 22 -11
right_child=2 4 6 -5 5 -7 16 13 -10 20 15 -13 -14 -15 -16 -17 -18 -19 19 -21 -22 -23 -24
leaf_value=0.023350223314822498 0.15244083993301955 -0.010361155428375781 -0.0065291356814054773 0.032835437120734383 -0.0022198883458874261 -0.0045160845758465485 0.10487639135539581 0.0020672639920405801 -0.036863432332246329 0.01116995867056488 -0.087531273530157133 0.0013266687799237075 0.0075385066544120605 0.012057379426016724 -0.066436737132261642 -0.017074240513662318 -0.01009514066247391 -0.50014671042919356 -0.46575989686346619 -0.13754204756125324 -0.0028664377579059419 0.0067315606235945321 -1.7634655284837209e-06
leaf_weight=6.9999999999999991 30 6.9999999999999982 4.9999999999999991 8.9999999999999982 27 5.9999999999999991 5.9999999999999991 8.9999999999999982 5.9999999999999991 25 8.9999999999999982 9.9999999999999982 8.9999999999999982 4.9999999999999991 5 4.9999999999999991 4.9999999999999991 11.999999999999998 12.000000000000005 4.9999999999999991 12.999999999999998 35 98
leaf_count=7 30 7 5 9 27 6 6 9 6 25 9 10 9 5 5 5 5 12 12 5 13 35 98
internal_value=0.000333333 -0.00210191 0.0169565 -0.0153333 0.000111524 0.000817121 0 0.00131474 0.000632911 0.00116883 -0.005 0 -0.005 0.0128571 -0.015 -0.0214286 0.00818182 -0.02 -0.015 -0.0229412 0.00333333 0.00417722 0.00219512
internal_weight=360 314 46 45 269 257 16 251 237 231 60 46 36 14 12 14 11 36 24 17 171 158 123
internal_count=360 314 46 45 269 257 16 251 237 231 60 46 36 14 12 14 11 36 24 17 171 158 123
is_linear=0
shrinkage=0.03


Tree=123
num_leaves=24
num_cat=0
split_feature=1 2 0 5 8 8 6 6 9 1 5 9 2 6 6 6 2 8 4 8 8 6 8
split_gain=15.5571 11.499 10.0762 4.35556 3.82273 3.13953 2.72727 2.70551 2.40455 2.15071 4.24747 3.24569 3.45882 2.19869 2.14286 2.05713 2 4.08403 2.25882 1.7507 4.16017 2.86364 1.74545
threshold=217.50000000000003 69.350000000000009 1.0000000180025095e-35 1.0000000180025095e-35 -11.699999999999998 -124.19999999999999 292.90000000000003 143.30000000000004 4.2500000000000009 127.50000000000001 1.0000000180025095e-35 0.65000000000000002 7.4500000000000011 77.850000000000009 127.10000000000001 78.750000000000014 19.000000000000004 -5.3499999999999988 4.5000000000000009 -70.049999999999983 -38.949999999999996 140.25000000000003 -5.2499999999999991
decision_type=2 2 2 2 2 2 2 2 2 2 2 2 2 2 2 2 2 2 2 2 2 2 2
left_child=2 -2 3 16 -3 14 -6 9 22 13 11 12 -11 -7 -4 -15 17 -1 -19 -14 -21 -22 -9
right_child=1 4 5 -5 6 7 -8 8 -10 10 -12 -13 19 15 -16 -17 -18 18 -20 20 21 -23 -24
leaf_value=0.022649716615377853 0.15086734007682537 0.13338357314874427 -0.010050320765524673 0.031850374007112235 -0.0063332616109624948 0.070698121584001544 0.0052418104861243365 -0.13538154184828877 7.1405455491913011e-06 0.015521459194280709 0.65665830212341081 -0.00026656845332034606 0.066361678063375812 -0.029999574805091384 -0.064443635018293713 -1.8886785600216172e-05 -0.48514230911631778 -0.45178709995756217 -0.13341578613441563 -0.028012798293729445 -0.00010666716821795319 0.0058990630289528665 -0.00032056111663877115
leaf_weight=6.9999999999999991 29 4.9999999999999991 6.9999999999999982 8.9999999999999982 4.9999999999999982 7.9999999999999991 6 5.9999999999999991 4.9999999999999991 5.9999999999999991 5.9999999999999991 26 5.9999999999999956 10.999999999999998 5 151 11.999999999999998 12.000000000000005 4.9999999999999991 5.9999999999999991 14.000000000000009 7.9999999999999991 4.9999999999999991
leaf_count=7 29 5 7 9 5 8 6 6 5 6 6 26 6 11 5 151 12 12 5 6 14 8 5
internal_value=0.000166667 0.0166667 -0.00219048 -0.0153333 -0.00375 0 -0.0136364 0.000697674 -0.01125 0.0014876 0.00583333 0.00363636 0.009 -0.000352941 -0.015 -0.00111111 -0.02 -0.015 -0.0229412 0.00529412 0.00214286 0.00818182 -0.0190909
internal_weight=360 45 315 45 16 270 11 258 16 242 72 66 40 170 12 162 36 24 17 34 28 22 11
internal_count=360 45 315 45 16 270 11 258 16 242 72 66 40 170 12 162 36 24 17 34 28 22 11
is_linear=0
shrinkage=0.03


Tree=124
num_leaves=24
num_cat=0
split_feature=6 2 0 5 8 8 6 4 6 6 2 8 0 6 2 8 4 3 6 6 8 5 6
split_gain=14.3561 10.2616 9.92488 4.35556 3.82273 3.09356 2.72727 2.64846 4.44586 3.67449 2.67407 5.18571 2.37363 2.14286 2 4.08403 2.25882 1.57636 4.6107 4.67201 4.7087 5.15714 6.16315
threshold=150.00000000000003 69.350000000000009 1.0000000180025095e-35 1.0000000180025095e-35 -11.699999999999998 -124.19999999999999 292.90000000000003 5.5000000000000009 92.050000000000011 143.30000000000004 37.95000000000001 -52.54999999999999 6.5000000000000009 127.10000000000001 19.000000000000004 -5.3499999999999988 4.5000000000000009 16.500000000000004 92.050000000000011 125.45000000000002 -5.2499999999999991 1.0000000180025095e-35 130.05000000000004
decision_type=2 2 2 2 2 2 2 2 2 2 2 2 2 2 2 2 2 2 2 2 2 2 2
left_child=2 -2 3 14 -3 13 -6 9 -9 17 -10 -12 -11 -4 15 -1 -17 -7 -19 -20 21 22 -21
right_child=1 4 5 -5 6 7 -8 8 10 12 11 -13 -14 -15 -16 16 -18 18 19 20 -22 -23 -24
leaf_value=0.021970225116916566 0.14334159453272319 0.12938206595428142 -0.0097488111425587925 0.030894862786899038 -0.0061432637626336372 -0.00026647114593281174 0.0050845561715414074 -0.014461970487422064 0.0014091437426575482 -0.12174964328813494 0.070496226505010501 -0.024115710979968979 -0.0003109442831396336 -0.062510325967744931 -0.47058803984282815 -0.43823348695883524 -0.12941331255038321 0.0036611159665871896 -0.0074559120368400756 0.00026636331413300242 0.025482137374917925 0.74764512541178874 -0.0053254327606990157
leaf_weight=6.9999999999999991 30 4.9999999999999991 6.9999999999999982 8.9999999999999982 4.9999999999999982 104 6 10.999999999999998 12.000000000000002 5.9999999999999982 7.9999999999999982 7 7 5 11.999999999999998 12.000000000000005 4.9999999999999991 26 30 23 5.9999999999999991 4.9999999999999991 11.999999999999998
leaf_count=7 30 5 7 9 5 104 6 11 12 6 8 7 7 5 12 12 5 26 30 23 6 5 12
internal_value=0 0.0156522 -0.00229299 -0.0153333 -0.00375 -0.000111524 -0.0136364 0.000583658 0.00789474 -0.000684932 0.0144444 0.006 -0.0161538 -0.015 -0.02 -0.015 -0.0229412 0.000291262 0.00294118 -0.000789474 0.00521739 0.0015 -0.00257143
internal_weight=360 46 314 45 16 269 11 257 38 219 27 15 13 12 36 24 17 206 102 76 46 40 35
internal_count=360 46 314 45 16 269 11 257 38 219 27 15 13 12 36 24 17 206 102 76 46 40 35
is_linear=0
shrinkage=0.03


Tree=125
num_leaves=24
num_cat=0
split_feature=1 6 9 8 0 9 3 8 6 9 4 9 4 9 6 5 8 6 9 9 3 6 6
split_gain=15.873 9.79656 7.51111 3.33487 3.02978 3.99112 3.44048 3.81349 3.12128 4.30896 5.87761 3.35873 3.35721 2.87606 3.01336 2.81667 2.74126 2.62957 2.45925 3.00589 5.69024 3.95508 2.96555
threshold=217.50000000000003 33.350000000000001 -9.6499999999999986 -110.94999999999999 3.5000000000000004 2.9500000000000006 20.500000000000004 -38.649999999999991 125.95000000000002 0.55000000000000016 4.5000000000000009 -4.2499999999999991 4.5000000000000009 1.2500000000000002 94.90000000000002 1.0000000180025095e-35 -4.0999999999999988 143.30000000000004 -0.34999999999999992 -3.7499999999999996 3.5000000000000004 127.10000000000001 77.850000000000009
decision_type=2 2 2 2 2 2 2 2 2 2 2 2 2 2 2 2 2 2 2 2 2 2 2
left_child=1 -1 -2 -3 8 17 7 -7 9 10 11 -5 13 -11 16 -14 -15 18 19 20 -6 -22 -20
right_child=2 3 -4 4 5 6 -8 -9 -10 12 -12 -13 15 14 -16 -17 -18 -19 22 -21 21 -23 -24
leaf_value=-0.40331870057716834 -0.010102077442328437 -0.013852767303185302 0.13304143824947573 -0.0088756827006045563 -0.010690092792973473 -0.0023162833758931353 0.023897614046036537 0.00077020049718811378 -0.0026444775129061781 -0.35249077782908589 -0.0093857124657390038 0.017640915685086609 -0.012896664133855183 -0.078318147728104887 -0.035740528619770229 0.19008334617657097 0.016720221191487496 -0.0023758111673129177 0.068585172070859526 0.0017777332346622643 -0.010334710252110425 0.0049245932061832316 -0.0050143011239055114
leaf_weight=25 4.9999999999999991 18 40 8.9999999999999982 5.0000000000000027 7.0000000000000027 11.999999999999998 9.0000000000000018 10.999999999999998 6.9999999999999991 10.999999999999998 21.000000000000004 9.9999999999999982 12.999999999999998 8.9999999999999982 5.9999999999999991 9.0000000000000053 10.999999999999998 7.9999999999999991 31 5.0000000000000027 17 61
leaf_count=25 5 18 40 9 5 7 12 9 11 7 11 21 10 13 9 6 9 11 8 31 5 17 61
internal_value=0 -0.00238095 0.0166667 -0.000827586 0 0.00253012 0.0128571 0.00375 -0.00396226 -0.00221053 0.00512195 0.012 -0.00777778 -0.0126316 -0.00870968 0.00375 -0.00272727 0.000434783 0.00165354 0.0062069 -0.00111111 0.00545455 -0.00217391
internal_weight=360 315 45 290 272 166 28 16 106 95 41 30 54 38 31 16 22 138 127 58 27 22 69
internal_count=360 315 45 290 272 166 28 16 106 95 41 30 54 38 31 16 22 138 127 58 27 22 69
is_linear=0
shrinkage=0.03


Tree=126
num_leaves=24
num_cat=0
split_feature=1 1 2 5 8 2 3 4 8 4 2 3 6 2 9 6 6 2 2 4 6 2 8
split_gain=15.873 9.78624 11.499 4.35556 3.82273 3.408 3.07302 3.04604 5.59205 2.97089 3.28751 2.88554 2.72727 2.71148 3.26667 2.69655 2.65557 5.74359 4.57143 4.69444 2.01667 2 4.08403
threshold=52.500000000000007 217.50000000000003 69.350000000000009 1.0000000180025095e-35 -11.699999999999998 165.15000000000001 4.5000000000000009 1.5000000000000002 -34.599999999999987 2.5000000000000004 0.90000000000000013 22.500000000000004 292.90000000000003 76.050000000000026 0.45000000000000007 145.15000000000001 90.550000000000011 5.1500000000000012 9.3000000000000025 1.0000000180025095e-35 125.95000000000002 19.000000000000004 -5.3499999999999988
decision_type=2 2 2 2 2 2 2 2 2 2 2 2 2 2 2 2 2 2 2 2 2 2 2
left_child=3 5 -3 21 -4 7 -7 8 -2 13 -11 15 -6 14 -9 -12 -10 -18 -19 20 -20 22 -1
right_child=1 2 4 -5 12 6 -8 9 16 10 11 -13 -14 -15 -16 -17 17 18 19 -21 -22 -23 -24
leaf_value=0.023660662795252207 -0.08360887550098596 0.13804982889105474 0.12150936082816884 0.024265516517995279 -0.009950208997238405 -0.054008914205621893 0.0064680292412927541 0.01842946048903954 -0.012217024196913399 -0.014998477196044319 0.00043786003986397756 -0.01002466894454713 0.0018232795060583839 -0.037789017721923557 0.0061982057519072951 -0.04923319873708891 0.074936689486234512 -0.0038173773823507416 0.0070967299632857814 0.0023282424403109304 -0.00085200525753833742 -0.45510217646961387 -0.39121913955985332
leaf_weight=6.9999999999999991 12.999999999999998 29 4.9999999999999991 8.9999999999999982 4.9999999999999982 8.9999999999999982 4.9999999999999991 15.000000000000002 17 22 119 4.9999999999999991 6 6.9999999999999991 11.999999999999998 6.9999999999999991 6.9999999999999991 6.9999999999999991 5.9999999999999991 9.0000000000000018 9.9999999999999982 11.999999999999998 17.000000000000004
leaf_count=7 13 29 5 9 5 9 5 15 17 22 119 5 6 7 12 7 7 7 6 9 10 12 17
internal_value=0.00133333 0.00371429 0.0166667 -0.0153333 -0.00375 0.00155556 -0.0128571 0.00234375 -0.00304348 0.00433155 0.00254902 0.00435115 -0.0136364 0.0123529 0.0166667 0.0052381 0.00107143 0.00538462 0 0.006 -0.00375 -0.02 -0.015
internal_weight=360 315 45 45 16 270 14 256 69 187 153 131 11 34 27 126 56 39 32 25 16 36 24
internal_count=360 315 45 45 16 270 14 256 69 187 153 131 11 34 27 126 56 39 32 25 16 36 24
is_linear=0
shrinkage=0.03


Tree=127
num_leaves=24
num_cat=0
split_feature=0 1 2 5 6 2 2 2 2 2 6 6 6 4 4 2 2 1 6 9 6 4 4
split_gain=16.5143 9.21905 11.499 4.35556 2.81667 2.34517 3.12811 2 2.17778 1.6 1.59953 2.71444 2.44656 2.38095 1.86667 1.77899 3.61417 2.56716 3.55556 4.94118 3.38163 2.56069 2.83165
threshold=1.0000000180025095e-35 217.50000000000003 69.350000000000009 1.0000000180025095e-35 292.90000000000003 0.50000000000000011 44.20000000000001 19.000000000000004 6.1500000000000012 159.40000000000003 142.05000000000004 136.55000000000004 130.65000000000001 2.5000000000000004 4.5000000000000009 36.750000000000007 21.850000000000005 127.50000000000001 125.65000000000002 -1.2499999999999998 92.050000000000011 1.5000000000000002 4.5000000000000009
decision_type=2 2 2 2 2 2 2 2 2 2 2 2 2 2 2 2 2 2 2 2 2 2 2
left_child=3 5 -3 7 -4 -2 10 8 -1 -6 11 12 15 -12 -13 16 17 18 19 -7 21 -21 -23
right_child=1 2 4 -5 9 6 -8 -9 -10 -11 13 14 -14 -15 -16 -17 -18 -19 -20 20 -22 22 -24
leaf_value=-0.3794825653730578 -0.012246665839520929 0.13390833402432348 -0.008004447179008594 0.023537551022455288 -0.009853713504240318 0.020785317973834764 -0.0022599306758115745 -0.44144911117552538 -0.11348121792199997 0.054557132935303794 0.0058673695337637354 0.021281229196034986 -0.0048770078913838687 -0.0017273505374249963 0.00023085090124851603 -0.004372052461836873 0.00022725378560529917 0.0052214635145539029 -0.00089074797616007118 -0.00032438320222226479 -0.002494136529375197 0.0081550648830032903 0.00026092507656542806
leaf_weight=15.000000000000002 32 29 5.9999999999999991 8.9999999999999982 4.9999999999999982 6.9999999999999991 77 11.999999999999998 8.9999999999999982 5 5.9999999999999991 6.9999999999999982 8.9999999999999982 7.9999999999999991 5 7.9999999999999991 13.999999999999998 13.999999999999998 14.999999999999998 10.999999999999998 30 16.000000000000004 10.999999999999998
leaf_count=15 32 29 6 9 5 7 77 12 9 5 6 7 9 8 5 8 14 14 15 11 30 16 11
internal_value=0.00166667 0.00409524 0.0166667 -0.0153333 -0.00375 0.002 0.00302521 -0.02 -0.015 0.006 0.00540373 0.00632653 0.00511111 -0.00428571 0.02 0.00619048 0.00711864 0.00519231 0.00333333 0.006 0.00352941 0.00947368 0.0144444
internal_weight=360 315 45 45 16 270 238 36 24 10 161 147 135 14 12 126 118 104 90 75 68 38 27
internal_count=360 315 45 45 16 270 238 36 24 10 161 147 135 14 12 126 118 104 90 75 68 38 27
is_linear=0
shrinkage=0.03


Tree=128
num_leaves=24
num_cat=0
split_feature=0 1 9 5 6 1 5 8 9 9 9 6 8 6 6 3 8 9 6 8 9 6 8
split_gain=15.5571 10.0762 7.51111 4.35556 2.99226 3.10279 3.73927 2.72764 3.47812 3.47143 2.40455 2.30885 2.4 2.09302 2.18592 2.025 1.74545 1.71438 3.14052 2.91054 7.04029 5.86359 3.85714
threshold=1.0000000180025095e-35 217.50000000000003 -9.6499999999999986 1.0000000180025095e-35 143.30000000000004 127.50000000000001 1.0000000180025095e-35 -50.399999999999999 19.500000000000004 -4.2499999999999991 4.2500000000000009 130.65000000000001 -6.1999999999999984 77.850000000000009 78.750000000000014 6.5000000000000009 -5.2499999999999991 -4.8999999999999995 125.85000000000001 -7.7999999999999998 16.450000000000006 102.95000000000002 -20.949999999999996
decision_type=2 2 2 2 2 2 2 2 2 2 2 2 2 2 2 2 2 2 2 2 2 2 2
left_child=3 4 -3 -1 5 13 7 9 11 -7 16 12 -9 -2 -15 -4 -6 18 -16 20 22 -21 -19
right_child=1 2 15 -5 10 6 -8 8 -10 -11 -12 -13 -14 14 17 -17 -18 19 -20 21 -22 -23 -24
leaf_value=-0.38609809985595778 0.067344971199801054 -0.0095581020991130569 0.12689135866179641 0.022831424491781573 -0.12736547211248159 0.023835897789430831 0.61384561380914515 0.00084821714611742031 0.00059409452735863504 -0.024976259475874941 0.0021655222173961874 4.7345759644770164e-05 0.013578579780582913 -0.028207253691750225 0.00064872955978984232 0.03233729035258847 -0.00038080254791253762 0.0012655082012698671 -0.022532176041125566 0.00043388675932803266 -0.013979896124367456 -0.00086402553687534576 0.010794689040996416
leaf_weight=36 7.9999999999999991 4.9999999999999991 32 8.9999999999999982 5.9999999999999991 7.9999999999999991 5.9999999999999991 9.9999999999999982 5.9999999999999991 6.9999999999999991 4.9999999999999991 31 5.9999999999999991 10.999999999999998 9.0000000000000018 7.9999999999999991 4.9999999999999991 12.000000000000002 7.9999999999999991 61 24 31 15.999999999999998
leaf_count=36 8 5 32 9 6 8 6 10 6 7 5 31 6 11 9 8 5 12 8 61 24 31 16
internal_value=0.00116667 0.00352381 0.0166667 -0.0153333 0.00133333 0.00212598 0.0072973 0.00529412 0.00849057 -0.006 -0.01125 0.00574468 0.015 0 -0.000697674 0.021 -0.0190909 0.000186335 -0.00882353 0.00125 0.00692308 -0.00195652 0.0171429
internal_weight=360 315 45 45 270 254 74 68 53 15 16 47 16 180 172 40 11 161 17 144 52 92 28
internal_count=360 315 45 45 270 254 74 68 53 15 16 47 16 180 172 40 11 161 17 144 52 92 28
is_linear=0
shrinkage=0.03


Tree=129
num_leaves=24
num_cat=0
split_feature=0 1 2 8 4 6 6 6 8 6 2 8 6 9 8 6 9 9 6 4 8 6 6
split_gain=15.2444 10.3704 11.499 3.82273 3.5452 2.72727 2.38057 2.22222 2.93448 2.42713 2.10824 2.58211 3.27614 3.55556 2.46767 2.50043 2.1846 1.87778 1.85185 2.1039 4.84848 1.7982 2.91309
threshold=1.0000000180025095e-35 217.50000000000003 69.350000000000009 -11.699999999999998 5.5000000000000009 292.90000000000003 32.150000000000013 126.85000000000001 -124.19999999999999 77.850000000000009 6.5500000000000007 -8.1499999999999968 140.75000000000003 1.1500000000000001 -38.649999999999991 129.55000000000004 -0.44999999999999996 -3.7499999999999996 138.45000000000002 2.5000000000000004 -70.049999999999983 78.750000000000014 92.050000000000011
decision_type=2 2 2 2 2 2 2 2 2 2 2 2 2 2 2 2 2 2 2 2 2 2 2
left_child=4 7 -3 -4 6 -5 -1 9 -9 -2 -10 12 14 -14 18 -16 17 -13 19 -12 -21 -11 -23
right_child=1 2 3 5 -6 -7 -8 8 10 21 11 16 13 -15 15 -17 -18 -19 -20 20 -22 22 -24
leaf_value=-0.34751513969414138 0.065324622063807 0.12608434324373946 0.11718957269787381 -0.013218310071804922 0.022146481757028054 0.00075634200560756423 -0.35283656425928256 -0.058111970939442724 0.0093290863794157977 -0.027361036080997818 0.0048183172658923462 -0.00040140891038788592 -0.027325776979184011 0.0030452438093166731 1.1089616930348711e-05 0.0064800257332112204 -0.0025767600613355057 0.0066576709496407455 0.005626709350645456 0.050020094106177949 -0.01645547931732878 0.00091997612818012437 -0.00055071370891354829
leaf_weight=11.999999999999998 7.9999999999999991 29 4.9999999999999991 4.9999999999999982 6.9999999999999991 6 26 4.9999999999999991 6.9999999999999991 10.999999999999998 7.0000000000000027 8.0000000000000018 9.0000000000000018 8.9999999999999982 7.0000000000000062 14.999999999999998 10.999999999999998 10.000000000000002 8.9999999999999982 6.0000000000000009 4.9999999999999973 52 91
leaf_count=12 8 29 5 5 7 6 26 5 7 11 7 8 9 9 7 15 11 10 9 6 5 52 91
internal_value=0.001 0.00333333 0.0166667 -0.00375 -0.0153333 -0.0136364 -0.0189474 0.00111111 0.00444444 -0.00111111 0.00553398 0.004375 0.00761194 -0.00333333 0.0116327 0.0190909 -0.00310345 0.00333333 0.00555556 0 -0.00818182 -0.00194805 -0.00104895
internal_weight=360 315 45 16 45 11 38 270 108 162 103 96 67 18 49 22 29 18 27 18 11 154 143
internal_count=360 315 45 16 45 11 38 270 108 162 103 96 67 18 49 22 29 18 27 18 11 154 143
is_linear=0
shrinkage=0.03


Tree=130
num_leaves=24
num_cat=0
split_feature=0 6 2 5 4 2 3 3 4 2 6 3 2 2 2 6 0 2 4 2 3 0 9
split_gain=14.6286 9.87677 4.78139 4.35556 2.56613 4.54279 3 2.77978 3.23077 2.67769 5.0275 3.92839 3.36275 4.3563 2.48799 4.65646 5.11296 3.49798 3.35238 2.37576 2.07451 2.0549 2.54683
threshold=1.0000000180025095e-35 292.65000000000003 79.850000000000009 1.0000000180025095e-35 1.5000000000000002 165.15000000000001 3.5000000000000004 20.500000000000004 1.0000000180025095e-35 22.950000000000006 90.550000000000011 5.5000000000000009 5.1500000000000012 10.750000000000002 0.90000000000000013 90.550000000000011 1.5000000000000002 16.650000000000002 4.5000000000000009 159.40000000000003 1.5000000000000002 2.5000000000000004 2.4500000000000006
decision_type=2 2 2 2 2 2 2 2 2 2 2 2 2 2 2 2 2 2 2 2 2 2 2
left_child=3 4 -3 -1 7 14 -7 9 -9 10 -2 20 -12 -14 -6 18 17 -17 -16 -4 -11 -18 -23
right_child=1 2 19 -5 5 6 -8 8 -10 11 12 -13 13 -15 15 16 21 -19 -20 -21 -22 22 -24
leaf_value=-0.36408970266945495 -0.010173733281756654 0.11330217915736454 -0.0079923384600283504 0.021482087304317048 -0.013277102551406869 -0.080249683456113774 -0.0030245336950680724 -0.019639234210551849 1.4447949942351101e-05 -0.10740971756746148 0.072068534070919829 -0.022998854721421436 -0.0079015988321029344 0.063882774417168803 0.011577703777978598 -0.013086276705257091 0.26379562451812205 -0.2474279252225432 0.0015621106356662295 0.048434613055729867 0.00079451443084920469 8.6323533126559927e-05 0.0067100433706325192
leaf_weight=36 17 21 5.9999999999999982 8.9999999999999982 26 5.9999999999999982 6 6.9999999999999982 6 5.0000000000000062 7.0000000000000027 5.9999999999999991 7.0000000000000027 9.9999999999999982 11.000000000000002 13.000000000000002 6.9999999999999991 5.9999999999999991 9.9999999999999982 5 11.999999999999998 88 33
leaf_count=36 17 21 6 9 26 6 6 7 6 5 7 6 7 10 11 13 7 6 10 5 12 88 33
internal_value=0.000666667 0.00295238 0.01875 -0.0153333 0.00116608 0.00291262 -0.015 -0.00350649 -0.0161538 -0.0009375 0.00365854 -0.00913043 0.0125 0.00529412 0.00402062 0.00535714 0.00346939 -0.0110526 0.0185714 0.00272727 -0.00176471 0.005625 0.00471074
internal_weight=360 315 32 45 283 206 12 77 13 64 41 23 24 17 194 168 147 19 21 11 17 128 121
internal_count=360 315 32 45 283 206 12 77 13 64 41 23 24 17 194 168 147 19 21 11 17 128 121
is_linear=0
shrinkage=0.03


Tree=131
num_leaves=24
num_cat=0
split_feature=6 1 2 8 9 9 6 9 9 3 6 8 8 9 2 6 9 8 8 2 5 8 0
split_gain=13.7278 8.74867 11.499 3.82273 3.27492 2.89218 2.72727 2.63528 4.5098 2.19048 3.84127 3.07875 2 1.64835 1.525 2.34783 3.42857 1.66667 3.5351 3.07692 2.041 3.92203 2.33093
threshold=79.750000000000014 217.50000000000003 69.350000000000009 -11.699999999999998 -1.0000000180025095e-35 44.500000000000007 292.90000000000003 -3.7499999999999996 -4.0499999999999989 3.5000000000000004 127.10000000000001 -50.399999999999999 -48.249999999999993 93.100000000000009 0.50000000000000011 90.350000000000009 0.25000000000000006 -0.74999999999999989 -2.5499999999999994 6.5500000000000007 1.0000000180025095e-35 -71.249999999999986 2.5000000000000004
decision_type=2 2 2 2 2 2 2 2 2 2 2 2 2 2 2 2 2 2 2 2 2 2 2
left_child=4 5 -3 -4 -1 7 -5 8 9 11 -11 -2 -12 -7 -9 16 -16 18 20 -20 21 -17 -23
right_child=1 2 3 6 -6 13 -8 14 -10 10 12 -13 -14 -15 15 17 -18 -19 19 -21 -22 22 -24
leaf_value=-0.35821230518169461 0.0030983180178220946 0.11438794421088289 0.11391365567073819 -0.020735629505194877 -0.026234993000114882 -0.012890623549931774 0.00012701762650351611 -0.047545963944628934 -0.17910696223741865 -0.0084890910011765179 0.0055486440809779936 -0.010306695701576983 0.0043089914493867811 -0.0048198530261807804 0.0014074104601456837 -0.032404029703170134 0.016188287163685047 0.0066992792235211597 -0.0063238743223678279 -0.072962574262780175 0.31886663015074418 -0.03445588357411495 0.00042997110873770338
leaf_weight=10.999999999999998 8.0000000000000018 29 4.9999999999999991 4.9999999999999982 73 6.9999999999999982 6 5.9999999999999991 4.9999999999999991 7.0000000000000027 9.0000000000000018 12.999999999999998 8.9999999999999982 6 5.9999999999999991 5.9999999999999849 7.9999999999999991 11.999999999999998 7.9999999999999982 5 12.999999999999998 13.000000000000012 90
leaf_count=11 8 29 5 5 73 7 6 6 5 7 9 13 9 6 6 6 8 12 8 5 13 13 90
internal_value=0.00133333 0.00456522 0.0166667 -0.00375 -0.00928571 0.00220779 -0.0136364 0.00302752 -0.00294118 0 0.006 -0.00714286 0.0133333 -0.0115385 0.0048503 0.00540373 0.0171429 0.00428571 0.00333333 -0.0115385 0.00491803 0.00357798 0.00495146
internal_weight=360 276 45 16 84 231 11 218 51 46 25 21 18 13 167 161 14 147 135 13 122 109 103
internal_count=360 276 45 16 84 231 11 218 51 46 25 21 18 13 167 161 14 147 135 13 122 109 103
is_linear=0
shrinkage=0.03


Tree=132
num_leaves=24
num_cat=0
split_feature=0 1 2 8 5 6 9 2 6 8 9 8 9 8 6 0 5 6 2 2 8 9 2
split_gain=13.4349 10.0762 11.499 3.82273 3.75556 2.72727 2.51426 2.3516 2.13693 3.20599 4.05376 4.76298 2.54737 2.20048 3.64138 6.2491 3.46872 3.42857 3.078 3.56466 5.12696 4.36883 3.07302
threshold=1.0000000180025095e-35 217.50000000000003 69.350000000000009 -11.699999999999998 1.0000000180025095e-35 292.90000000000003 44.500000000000007 0.50000000000000011 143.30000000000004 2.2500000000000004 -4.4999999999999991 -46.04999999999999 -9.6499999999999986 -3.7499999999999996 91.65000000000002 2.5000000000000004 1.0000000180025095e-35 102.95000000000002 62.20000000000001 28.600000000000005 -5.2499999999999991 2.9500000000000006 21.250000000000004
decision_type=2 2 2 2 2 2 2 2 2 2 2 2 2 2 2 2 2 2 2 2 2 2 2
left_child=4 6 -3 -4 -1 -5 7 -2 9 10 11 12 -9 14 -12 -16 18 -15 19 20 21 -17 -19
right_child=1 2 3 5 -6 -7 -8 8 -10 -11 13 -13 -14 17 15 16 -18 22 -20 -21 -22 -23 -24
leaf_value=-0.34644329495212806 -0.012704254840055924 0.11095630588455663 0.11049624600061633 -0.020113560620039835 0.021624674475190914 0.00012320709770904158 -0.011846547315456063 -0.018795384454199676 -0.0015184700208496337 0.0084846094361634532 0.010374383164019675 -0.013160796870946711 0.022868784584373216 0.0022255650164207451 -0.10067913604360072 -2.9148985677664993e-05 0.58558069996053375 -0.0030777676231429039 -0.020821526030678113 0.0014309982749523443 0.0068742586326439436 0.022998902280411355 5.6843683050828983e-05
leaf_weight=36 32 29 4.9999999999999991 4.9999999999999982 8.9999999999999982 6 12.999999999999998 9.0000000000000018 15.999999999999998 7.9999999999999991 5.9999999999999991 9.9999999999999982 10.000000000000002 42 6.9999999999999991 44.999999999999993 5.9999999999999991 8.9999999999999982 14.999999999999998 14.999999999999998 11.000000000000005 10.999999999999998 4.9999999999999991
leaf_count=36 32 29 5 5 9 6 13 9 16 8 6 10 10 42 7 45 6 9 15 15 11 11 5
internal_value=0.00133333 0.00352381 0.0166667 -0.00375 -0.014 -0.0136364 0.00133333 0.00198444 0.00306667 0.0038756 0.00313433 -0.00724138 0.00157895 0.00488372 0.00724138 0.006 0.00786408 0 0.00649485 0.00878049 0.0058209 0.00214286 -0.0128571
internal_weight=360 315 45 16 45 11 270 257 225 209 201 29 19 172 116 110 103 56 97 82 67 56 14
internal_count=360 315 45 16 45 11 270 257 225 209 201 29 19 172 116 110 103 56 97 82 67 56 14
is_linear=0
shrinkage=0.03


Tree=133
num_leaves=24
num_cat=0
split_feature=0 1 9 5 3 6 8 8 8 4 8 9 6 4 0 6 6 6 6 8 8 4 8
split_gain=13.1444 8.4 6.94444 3.75556 2.86942 5.51196 4.37576 2.83137 2.89393 2.68172 3.6249 3.41174 2.33441 2.21064 2.31016 3.08571 2.19631 4 2.57353 2.09402 4.51383 2.25882 1.74792
threshold=1.0000000180025095e-35 217.50000000000003 -9.6499999999999986 1.0000000180025095e-35 5.5000000000000009 293.45000000000005 -11.699999999999998 0.70000000000000007 1.0000000180025095e-35 1.5000000000000002 -147.09999999999999 -3.7499999999999996 140.25000000000003 2.5000000000000004 3.5000000000000004 99.350000000000009 79.750000000000014 77.600000000000009 90.350000000000009 -18.649999999999995 -5.3499999999999988 4.5000000000000009 -2.4499999999999997
decision_type=2 2 2 2 2 2 2 2 2 2 2 2 2 2 2 2 2 2 2 2 2 2 2
left_child=3 7 -3 19 -4 6 -6 8 9 11 -11 -2 -13 14 15 -12 17 -15 -18 -1 -21 -22 -20
right_child=1 2 4 -5 5 -7 -8 -9 -10 10 13 12 -14 16 -16 -17 18 -19 22 20 21 -23 -24
leaf_value=-0.38393455819815142 -0.069454317175026578 -0.0090617858842330177 0.11214242006884376 0.020975934240935173 0.085142603174312506 0.08416216400292427 -0.017215214921396296 0.0026069665059868896 -0.03155556233803921 -0.077342200942181236 0.015113740750655183 -0.00048091665064781353 0.0013880683267041148 0.10844029058908361 0.010765471079341395 -0.041417645812551598 0.0051007552345335222 -0.023963228301910246 0.00041091492737095338 0.012789996670783487 -0.33802964434219601 -0.046198864103415498 -0.012411639145734057
leaf_weight=9.9999999999999947 7.9999999999999991 4.9999999999999991 21 8.9999999999999982 5.0000000000000009 7.9999999999999991 6.0000000000000009 14.999999999999998 5.9999999999999991 5.9999999999999991 4.9999999999999982 52 4.9999999999999991 5.0000000000000027 22 7 6.9999999999999991 20 103 8.9999999999999982 12.000000000000009 4.9999999999999991 8.9999999999999982
leaf_count=10 8 5 21 9 5 8 6 15 6 6 5 52 5 5 22 7 7 20 103 9 12 5 9
internal_value=0.00116667 0.00333333 0.0153333 -0.014 0.0195 0.0110526 -0.00272727 0.00133333 0.000588235 0.00108434 0.00293478 -0.00415385 -0.00157895 0.00370787 0.0105882 0 0.00208333 -0.006 0.00378151 -0.0183333 -0.0138462 -0.0229412 0.00267857
internal_weight=360 315 45 45 40 19 11 270 255 249 184 65 57 178 34 12 144 25 119 36 26 17 112
internal_count=360 315 45 45 40 19 11 270 255 249 184 65 57 178 34 12 144 25 119 36 26 17 112
is_linear=0
shrinkage=0.03


Tree=134
num_leaves=24
num_cat=0
split_feature=1 0 2 5 4 2 3 2 6 4 0 6 2 2 2 0 6 6 2 2 6 9 6
split_gain=13.7286 9.78624 8.71111 3.75556 2.15488 3.46524 3.92727 2.31446 3.06253 5.2381 3.13185 2.39532 2.31111 4.12698 3.17363 2.14498 2.4638 2.13333 2.09402 2.70916 2.04848 1.96923 1.7094
threshold=217.50000000000003 1.0000000180025095e-35 79.850000000000009 1.0000000180025095e-35 1.5000000000000002 165.15000000000001 3.5000000000000004 0.90000000000000013 90.550000000000011 4.5000000000000009 2.5000000000000004 92.350000000000009 46.550000000000004 24.800000000000001 113.75000000000001 2.5000000000000004 130.05000000000004 292.90000000000003 21.050000000000001 9.5500000000000025 90.550000000000011 -10.399999999999997 79.15000000000002
decision_type=2 2 2 2 2 2 2 2 2 2 2 2 2 2 2 2 2 2 2 2 2 2 2
left_child=1 3 -2 18 12 7 -7 -6 9 -9 11 -10 13 15 21 20 22 -4 19 -1 -3 -14 -17
right_child=2 4 17 -5 5 6 -8 8 10 -11 -12 -13 14 -15 -16 16 -18 -19 -20 -21 -22 -23 -24
leaf_value=-0.30388644281099897 0.10352102044457012 -0.034961175694218978 -0.018993697353797075 0.020346656213707064 -0.012466324689482207 -0.075021934913915719 0.0015688714340925003 0.011627691371770225 0.00045707797288429219 0.0010315222447103167 0.0007641683498829365 -0.13876808265523791 -0.016147893405322973 0.00059494196484948241 0.005260628536712204 0.0094475432700589571 0.0059626496968344612 0.022235471126194853 -0.38422056193542975 0.012406296770659998 0.15455882506352253 -0.065718311577921754 -0.0019958176428344389
leaf_weight=21.000000000000004 30 4.9999999999999982 4.9999999999999991 8.9999999999999982 26 5.9999999999999982 5 11.000000000000002 9.0000000000000018 9.9999999999999982 121 9.9999999999999982 5.0000000000000009 6.9999999999999991 6.9999999999999991 8.0000000000000018 7.9999999999999991 9.9999999999999982 9.9999999999999982 4.9999999999999991 6 8 18
leaf_count=21 30 5 5 9 26 6 5 11 9 10 121 10 5 7 7 8 8 10 10 5 6 8 18
internal_value=0.00116667 -0.00104762 0.0166667 -0.014 0.00111111 0.00272727 -0.0136364 0.00368984 0.00503106 0.0157143 0.00342857 -0.00789474 -0.00333333 0 -0.012 -0.00333333 -0.00705882 -0.002 -0.0183333 -0.0138462 0.00818182 -0.0207692 -0.0115385
internal_weight=360 315 45 45 270 198 11 187 161 21 140 19 72 52 20 45 34 15 36 26 11 13 26
internal_count=360 315 45 45 270 198 11 187 161 21 140 19 72 52 20 45 34 15 36 26 11 13 26
is_linear=0
shrinkage=0.03


Tree=135
num_leaves=24
num_cat=0
split_feature=0 1 2 8 9 8 6 2 2 8 2 8 8 4 4 2 3 2 6 3 2 8 9
split_gain=13.1444 8.4 10.0462 3.82273 3.09862 2.83137 2.72727 2.12546 2.4191 5.34369 3.95174 2.73601 3.80952 3.51613 2.72527 4.28253 3.92727 3.3373 2.61818 2.26489 2.3998 2.64541 2.04848
threshold=1.0000000180025095e-35 217.50000000000003 69.350000000000009 -11.699999999999998 0.25000000000000006 0.70000000000000007 292.90000000000003 0.50000000000000011 44.20000000000001 -34.599999999999987 40.550000000000004 -19.999999999999996 -21.649999999999995 5.5000000000000009 1.5000000000000002 165.15000000000001 3.5000000000000004 113.75000000000001 129.75000000000003 2.5000000000000004 60.250000000000007 -105.44999999999999 -2.9999999999999996
decision_type=2 2 2 2 2 2 2 2 2 2 2 2 2 2 2 2 2 2 2 2 2 2 2
left_child=4 5 -3 -4 -1 7 -5 -2 10 14 11 12 18 -13 17 19 -17 -10 22 -16 -21 -22 -9
right_child=1 2 3 6 -6 -7 -8 8 9 -11 -12 13 -14 -15 15 16 -18 -19 -20 20 21 -23 -24
leaf_value=-0.31877216172760026 -0.013951683970809085 0.10115771349261762 0.10398942956672556 -0.018423886433183725 -0.21612844706132753 0.0025058324603104152 -0.001674058920788184 0.00039883422860256698 -0.08446657535539856 -0.066455347303707335 0.0064176604896847775 0.00039130208008572251 -0.0011619419626774175 0.013600382158124447 0.0047391710809904447 -0.072771276866498119 0.0015218052910698531 0.0051028096806106761 0.0003756624290531363 0.0065568920476545139 0.039555766016058272 -0.0099657801445136585 -0.00016778829063873957
leaf_weight=13.999999999999998 31 29 4.9999999999999991 4.9999999999999982 31 14.999999999999998 6 5.0000000000000036 8.9999999999999982 5.9999999999999991 4.9999999999999991 113 4.9999999999999991 11.999999999999998 10.999999999999998 5.9999999999999982 5 6.9999999999999991 4.9999999999999991 6.0000000000000027 4.9999999999999991 18.000000000000004 6.0000000000000018
leaf_count=14 31 29 5 5 31 15 6 5 9 6 5 113 5 12 11 6 5 7 5 6 5 18 6
internal_value=0.00116667 0.00333333 0.0153333 -0.00375 -0.014 0.00133333 -0.0136364 0.000588235 0.00160714 -0.00287671 0.00377483 0.00287671 -0.00714286 0.00456 -0.000447761 0.00294118 -0.0136364 -0.01125 0 0.0075 0.00310345 -0.00130435 -0.00818182
internal_weight=360 315 45 16 45 270 11 255 224 73 151 146 21 125 67 51 11 16 16 40 29 23 11
internal_count=360 315 45 16 45 270 11 255 224 73 151 146 21 125 67 51 11 16 16 40 29 23 11
is_linear=0
shrinkage=0.03


Tree=136
num_leaves=24
num_cat=0
split_feature=0 6 2 8 5 6 8 9 8 8 4 6 9 0 8 6 4 2 6 6 2 9 6
split_gain=12.573 7.77206 8.92826 3.82273 3.75556 2.72727 2.5382 3.93846 2.09402 4.51383 2.25882 1.99551 3.40364 2.94728 3.14881 3.585 3.89719 2.88095 3.42857 3.85714 2.46206 2.65098 2.1194
threshold=1.0000000180025095e-35 150.00000000000003 69.350000000000009 -11.699999999999998 1.0000000180025095e-35 292.90000000000003 2.2500000000000004 -9.6499999999999986 -18.649999999999995 -5.3499999999999988 4.5000000000000009 126.65000000000002 39.400000000000006 3.5000000000000004 -4.6999999999999984 140.75000000000003 1.0000000180025095e-35 171.10000000000002 138.45000000000002 130.65000000000001 18.500000000000004 8.7500000000000018 77.850000000000009
decision_type=2 2 2 2 2 2 2 2 2 2 2 2 2 2 2 2 2 2 2 2 2 2 2
left_child=4 6 -3 -4 8 -5 7 -2 -1 -10 -11 12 22 -13 15 16 -15 18 19 -18 -17 -22 -9
right_child=1 2 3 5 -6 -7 -8 11 9 10 -12 13 -14 14 -16 20 17 -19 -20 -21 21 -23 -24
leaf_value=-0.35440605118230423 -0.02810154664230758 0.097380658426453687 0.100869746679723 -0.017871169840187804 0.026220109939135625 -0.0016238371531642315 0.002430657486500962 0.062470705455776279 0.01851796127937998 -0.30920899687577219 -0.026133140044154998 -0.00073094934021170836 -0.051981907381041165 -0.003400728015508463 0.0045007508587225683 0.010663103164728084 0.0025115928928953223 -0.03360021140620361 0.036880689390974483 -0.00072387275589797179 -0.014820061561736394 0.028173879308656068 -7.7487628964405527e-05
leaf_weight=9.9999999999999947 9.9999999999999982 30 4.9999999999999991 4.9999999999999982 8.9999999999999982 6 8.9999999999999982 7.9999999999999991 8.9999999999999982 12.000000000000009 4.9999999999999991 4.9999999999999991 6.9999999999999991 4.9999999999999991 11.999999999999998 6.0000000000000027 28 5.9999999999999991 7.9999999999999991 13.999999999999998 12.000000000000002 4.9999999999999991 134
leaf_count=10 10 30 5 5 9 6 9 8 9 12 5 5 7 5 12 6 28 6 8 14 12 5 134
internal_value=0.000833333 0.00295238 0.0143478 -0.00375 -0.014 -0.0136364 0.00100372 0.000461538 -0.0183333 -0.0138462 -0.0229412 0.0012 -0.00100671 0.00445545 0.005625 0.00357143 0.00737705 0.00964286 0.012 0.00857143 -0.00652174 -0.0123529 0
internal_weight=360 315 46 16 45 11 269 260 36 26 17 250 149 101 96 84 61 56 50 42 23 17 142
internal_count=360 315 46 16 45 11 269 260 36 26 17 250 149 101 96 84 61 56 50 42 23 17 142
is_linear=0
shrinkage=0.03


Tree=137
num_leaves=24
num_cat=0
split_feature=0 1 2 8 5 7 8 8 4 7 7 8 4 2 8 2 4 2 3 8 4 8 8
split_gain=12.2921 9.21905 10.0462 3.82273 3.75556 2.72727 2.09402 4.51383 2.25882 1.88193 2.4949 1.68856 2.34579 2.51146 6.7201 2.74286 2.46476 4.51765 3.55556 2.39581 3.4392 3.17441 6.96629
threshold=1.0000000180025095e-35 217.50000000000003 69.350000000000009 -11.699999999999998 1.0000000180025095e-35 292.90000000000003 -18.649999999999995 -5.3499999999999988 4.5000000000000009 77.850000000000009 78.950000000000017 -124.19999999999999 5.5000000000000009 24.800000000000001 -52.54999999999999 21.050000000000001 4.5000000000000009 9.3000000000000025 20.500000000000004 -40.749999999999993 1.5000000000000002 -28.049999999999994 -14.249999999999998
decision_type=2 2 2 2 2 2 2 2 2 2 2 2 2 2 2 2 2 2 2 2 2 2 2
left_child=4 9 -3 -4 6 -5 -1 -8 -9 -2 -11 -12 16 15 -15 -14 19 -18 -19 20 -13 -21 -23
right_child=1 2 3 5 -6 -7 7 8 -10 10 11 12 13 14 -16 -17 17 18 -20 21 -22 22 -24
leaf_value=-0.34377386964683515 0.060596584292102872 0.095201562335045078 0.097843654279330963 -0.017335034744982068 0.025433506640961667 -0.0015751220385698162 0.017962422440998615 -0.29993272696949896 -0.02534914584283033 -0.018314060370241095 -0.012249146190303931 -0.080373120873304907 0.0021662320900696841 0.063046600436800729 -0.015974167901542415 0.0021783697698109705 -0.0066593841910143675 -0.00079298432584820936 0.0022812907908964773 0.0043674198069318495 0.00045551262780577415 -0.0019851222877349528 0.0013707163566574819
leaf_weight=9.9999999999999947 7.9999999999999991 29 4.9999999999999991 4.9999999999999982 8.9999999999999982 6 8.9999999999999982 12.000000000000009 4.9999999999999991 15.999999999999998 11.999999999999998 10.999999999999998 6.9999999999999991 7.9999999999999991 11.000000000000002 7.9999999999999991 9.9999999999999982 18.000000000000004 5.9999999999999991 13.999999999999998 23 8.9999999999999982 109
leaf_count=10 8 29 5 5 9 6 9 12 5 16 12 11 7 8 11 8 10 18 6 14 23 9 109
internal_value=0.000666667 0.0027619 0.0153333 -0.00375 -0.014 -0.0136364 -0.0183333 -0.0138462 -0.0229412 0.000666667 0.000229008 0.00097561 0.00153846 0.00882353 0.00157895 0.018 0.0003 -0.00705882 0 0.00180723 -0.00529412 0.00363636 0.0020339
internal_weight=360 315 45 16 45 11 36 26 17 270 262 246 234 34 19 15 200 34 24 166 34 132 118
internal_count=360 315 45 16 45 11 36 26 17 270 262 246 234 34 19 15 200 34 24 166 34 132 118
is_linear=0
shrinkage=0.03


Tree=138
num_leaves=24
num_cat=0
split_feature=0 1 2 6 5 2 3 4 4 1 6 6 4 6 6 2 9 4 2 2 0 6 4
split_gain=12.0143 7.61905 11.56 4.06374 3.75556 3.0006 3.07302 2.9697 3.72668 3.13765 5.21481 5.64103 3.69431 3.35043 3.04133 2.71148 3.26667 2.4638 2.40125 3.20261 2.14498 2.4638 2.11722
threshold=1.0000000180025095e-35 217.50000000000003 51.45000000000001 292.90000000000003 1.0000000180025095e-35 165.15000000000001 4.5000000000000009 1.5000000000000002 2.5000000000000004 107.50000000000001 92.350000000000009 91.850000000000009 5.5000000000000009 144.15000000000001 77.600000000000009 76.050000000000026 0.45000000000000007 3.5000000000000004 42.250000000000007 24.800000000000001 2.5000000000000004 130.05000000000004 3.5000000000000004
decision_type=2 2 2 2 2 2 2 2 2 2 2 2 2 2 2 2 2 2 2 2 2 2 2
left_child=4 5 -3 -4 -1 7 -7 18 15 10 11 14 13 -11 -10 16 -9 -16 19 20 -2 -22 -5
right_child=1 2 3 22 -6 6 -8 8 9 12 -12 -13 -14 -15 17 -17 -18 -19 -20 -21 21 -23 -24
leaf_value=-0.29017627086665709 0.017246610549081536 0.096860318825817443 -0.016329320456408707 -0.0012999072812675649 0.02467050144173271 -0.042244252921678646 0.0047926469287634171 0.017881122337569763 0.10228760343878321 0.00031117303486055903 -0.22167990880508234 0.024300005895256192 0.0019336506846217105 -0.033361406668258833 0.00054198582647117625 -0.035566079225893645 0.005139136205281147 -0.022195316403971502 -0.029798504012065477 0.00032326392368254631 -0.00049186737160226805 0.005564169171362039 0.12859106957076619
leaf_weight=36 10.999999999999998 25 7.0000000000000027 6.9999999999999982 8.9999999999999982 8.9999999999999982 4.9999999999999991 15.000000000000002 4.9999999999999991 72 9.9999999999999982 4.9999999999999991 21 5.9999999999999991 7.9999999999999991 6.9999999999999991 11.999999999999998 26 18 5.9999999999999991 26 7.9999999999999991 6
leaf_count=36 11 25 7 7 9 9 5 15 5 72 10 5 21 6 8 7 12 26 18 6 26 8 6
internal_value=0.0005 0.00257143 0.014 -0.003 -0.014 0.000666667 -0.0128571 0.00140625 0.00336898 0.00137255 -0.00444444 0 0.00454545 0.00153846 -0.00384615 0.0123529 0.0166667 -0.00705882 -0.00391304 -0.000588235 -0.00333333 -0.00705882 0.00692308
internal_weight=360 315 45 20 45 270 14 256 187 153 54 44 99 78 39 34 27 34 69 51 45 34 13
internal_count=360 315 45 20 45 270 14 256 187 153 54 44 99 78 39 34 27 34 69 51 45 34 13
is_linear=0
shrinkage=0.03


Tree=139
num_leaves=24
num_cat=0
split_feature=0 7 2 5 2 1 7 2 4 7 8 4 2 9 8 8 3 8 2 2 8 9 2
split_gain=13.4349 5.21227 5.30196 3.75556 2.95206 5.36497 4.46092 3.36798 2.58799 3.35185 4.38648 3.07273 2.93913 2.88959 3.01863 2.87507 2.81036 2.80702 4.8445 2.71677 10.5156 3.95094 2.5
threshold=1.0000000180025095e-35 292.65000000000003 51.45000000000001 1.0000000180025095e-35 44.20000000000001 217.50000000000003 292.15000000000003 0.50000000000000011 5.5000000000000009 92.050000000000011 -2.4499999999999997 1.5000000000000002 28.600000000000005 -1.9499999999999997 -3.9499999999999997 -5.2499999999999991 17.500000000000004 -22.699999999999999 20.350000000000005 12.850000000000001 -8.1499999999999968 0.25000000000000006 21.050000000000001
decision_type=2 2 2 2 2 2 2 2 2 2 2 2 2 2 2 2 2 2 2 2 2 2 2
left_child=3 4 -3 -1 5 7 -6 -2 9 10 -9 -12 22 17 15 16 -15 -11 -19 20 -18 -22 -10
right_child=1 2 -4 -5 6 -7 -8 8 12 13 11 -13 -14 14 -16 -17 19 18 -20 -21 21 -23 -24
leaf_value=-0.28147098274065735 -0.013753702155119923 0.084954875471980815 0.0062940663617291649 0.023930386398480719 -0.0014141876121296093 0.19443764071965575 -0.016325104088940633 0.010736440457396839 0.075127665405871583 0.0002773764776171106 -0.0088624738436531916 0.004532106337316719 -0.015552952385034615 0.014996632261639603 -0.0021940000242386759 0.0005159609476943672 0.089862164844613804 0.039879793080337719 -0.0013615980593002063 -0.0011879771518550797 0.0024642831003066591 -0.0080390969677841886 0.0012569141804654293
leaf_weight=36 32 17 14.999999999999998 8.9999999999999982 78 6.9999999999999991 4.9999999999999991 12.999999999999998 8.0000000000000053 5.0000000000000027 9.0000000000000018 10.999999999999998 4.9999999999999991 21 14.999999999999998 8.9999999999999982 6.9999999999999956 8.0000000000000018 10.999999999999998 10.999999999999998 7.0000000000000098 10.999999999999998 9.9999999999999982
leaf_count=36 32 17 15 9 78 7 5 13 8 5 9 11 5 21 15 9 7 8 11 11 7 11 10
internal_value=0.00133333 0.00352381 0.015 -0.014 0.00222615 0.0042 -0.00253012 0.00326425 0.00503106 0.00347826 0.0118182 0.003 0.0143478 0.000857143 -0.00185185 0.000909091 -0.00157895 0.01 0.00473684 -0.00666667 -0.0012 -0.0133333 0.02
internal_weight=360 315 32 45 283 200 83 193 161 138 33 20 23 105 81 66 57 24 19 36 25 18 18
internal_count=360 315 32 45 283 200 83 193 161 138 33 20 23 105 81 66 57 24 19 36 25 18 18
is_linear=0
shrinkage=0.03


Tree=140
num_leaves=24
num_cat=0
split_feature=1 9 1 2 8 5 4 8 8 4 6 6 9 8 4 8 6 2 6 2 6 4 3
split_gain=13.4349 3.87956 5.83278 5.75448 7.21895 3.75556 2.5974 2.09402 4.51383 2.25882 1.93135 2.69904 3.95627 2.82499 2.56791 2.23798 3.01068 3.74191 2.36511 3.16768 3.55556 2.01667 1.96491
threshold=52.500000000000007 -9.6499999999999986 217.50000000000003 46.550000000000004 -11.699999999999998 1.0000000180025095e-35 3.5000000000000004 -18.649999999999995 -5.3499999999999988 4.5000000000000009 145.70000000000002 126.65000000000002 39.400000000000006 -5.2499999999999991 1.0000000180025095e-35 -8.1499999999999968 140.75000000000003 171.10000000000002 138.45000000000002 37.95000000000001 129.25000000000003 2.5000000000000004 3.5000000000000004
decision_type=2 2 2 2 2 2 2 2 2 2 2 2 2 2 2 2 2 2 2 2 2 2 2
left_child=5 6 10 -4 -5 7 -2 -1 -9 -10 11 12 -3 14 -13 16 17 18 19 -16 -21 -17 -15
right_child=1 2 3 4 -6 -7 -8 8 9 -11 -12 13 -14 22 15 21 -18 -19 -20 20 -22 -23 -24
leaf_value=-0.31631123594921051 -0.042279784546148842 0.00016911882163569202 0.091405862996884357 0.096053805284122398 -0.002229154044543975 0.023212474806526443 0.00075465735031443159 0.034572967375988063 -0.27378532755219442 -0.0074392538593259869 -0.0072644398920863294 -0.0031835485434838517 -0.050365570192516029 0.00063767677126691069 0.00038539484888318044 0.027098260815504458 -0.0095378607125289252 -0.031620530960050811 0.035793693767728736 0.0029992182696214798 -0.0012431202763715987 -0.0049044787194294772 0.1058991197946088
leaf_weight=9.9999999999999947 11.000000000000002 144 23 8.0000000000000018 8.9999999999999982 8.9999999999999982 6.9999999999999991 8.9999999999999982 12.000000000000009 4.9999999999999991 6.9999999999999991 6.9999999999999991 6.9999999999999991 12.000000000000002 14.999999999999998 5.9999999999999991 9.9999999999999982 5.9999999999999991 7.9999999999999991 9.0000000000000018 8.9999999999999982 9.9999999999999982 6.9999999999999991
leaf_count=10 11 144 23 8 9 9 7 9 12 5 7 7 7 12 15 6 10 6 8 9 9 10 7
internal_value=0.00133333 0.00352381 0.00434343 0.015 0.00176471 -0.014 -0.01 -0.0183333 -0.0138462 -0.0229412 0.00268482 0.00312 0.000596026 0.0069697 0.0045 0.00616438 0.00894737 0.0121277 0.0153659 0.0118182 0.00333333 -0.00375 0.0173684
internal_weight=360 315 297 40 17 45 18 36 26 17 257 250 151 99 80 73 57 47 41 33 18 16 19
internal_count=360 315 297 40 17 45 18 36 26 17 257 250 151 99 80 73 57 47 41 33 18 16 19
is_linear=0
shrinkage=0.03


Tree=141
num_leaves=24
num_cat=0
split_feature=0 1 2 8 8 5 4 2 2 8 8 8 8 4 7 2 8 2 8 8 0 2 8
split_gain=13.1444 5.08148 7.67343 4.70085 4.21978 3.75556 2.5506 2.38095 4.66667 4.28571 2.13333 2.09402 4.51383 2.25882 1.94956 1.79009 2.80717 3.89835 3.52882 3.42857 3.57143 2.743 2.54737
threshold=1.0000000180025095e-35 217.50000000000003 46.550000000000004 -11.699999999999998 3.2000000000000006 1.0000000180025095e-35 5.5000000000000009 28.600000000000005 5.1500000000000012 -37.449999999999996 -117.09999999999998 -18.649999999999995 -5.3499999999999988 4.5000000000000009 145.70000000000002 88.600000000000009 -21.649999999999995 19.900000000000002 -39.04999999999999 2.2500000000000004 4.5000000000000009 10.750000000000002 -48.249999999999993
decision_type=2 2 2 2 2 2 2 2 2 2 2 2 2 2 2 2 2 2 2 2 2 2 2
left_child=5 6 -3 -4 -5 11 14 8 -8 10 -9 -1 -13 -14 15 16 18 21 22 20 -19 -18 -2
right_child=1 2 3 4 -6 -7 7 9 -10 -11 -12 12 13 -15 -16 -17 17 19 -20 -21 -22 -23 -24
leaf_value=-0.30682189887073424 0.021052851002598204 0.088663687106977127 0.087980176414453687 -0.0085849613792029801 0.00099454736377708737 0.02251610056233062 -0.015349019255045419 -0.0033583549448221103 0.0020051997968709399 -0.034209596119726272 0.015154133824817463 0.033535778354708369 -0.26557176772562852 -0.0072160762435462544 -0.007046506695323842 -0.01291696882675886 9.0751010435496941e-06 -0.0080093473915596285 0.0028706159134026165 0.0086850277063299335 -0.00015905152068654616 0.010550854281488 -0.0082174529011520281
leaf_weight=9.9999999999999947 9.9999999999999982 23 9.0000000000000018 5.9999999999999982 7 8.9999999999999982 7.0000000000000027 5.0000000000000009 13.999999999999998 5.9999999999999991 10 8.9999999999999982 12.000000000000009 4.9999999999999991 4.9999999999999991 32 98 9.0000000000000036 13.999999999999998 5.9999999999999991 12 33 9.0000000000000018
leaf_count=10 10 23 9 6 7 9 7 5 14 6 10 9 12 5 5 32 98 9 14 6 12 33 9
internal_value=0.00116667 0.00333333 0.0126667 0 -0.0115385 -0.014 0.00177778 0.00857143 0.0157143 0.00142857 0.01 -0.0183333 -0.0138462 -0.0229412 0.000526316 0.000941704 0.00204188 0.000379747 0.01 -0.01 -0.0157143 0.00251908 0.00157895
internal_weight=360 315 45 22 13 45 270 42 21 21 15 36 26 17 228 223 191 158 33 27 21 131 19
internal_count=360 315 45 22 13 45 270 42 21 21 15 36 26 17 228 223 191 158 33 27 21 131 19
is_linear=0
shrinkage=0.03


Tree=142
num_leaves=24
num_cat=0
split_feature=0 1 2 5 8 8 8 8 6 2 2 2 6 8 0 5 6 8 8 5 8 3 9
split_gain=12.573 7.11958 7.84 3.75556 3.33333 3.80952 2.09402 4.51383 1.76703 1.69761 3.00082 1.66646 1.8265 3.01336 2.13095 4.44444 1.7462 2.14155 3.24 2.14074 1.94613 6.22222 2.86112
threshold=1.0000000180025095e-35 217.50000000000003 51.45000000000001 1.0000000180025095e-35 -11.699999999999998 3.2000000000000006 -18.649999999999995 -5.3499999999999988 77.850000000000009 221.90000000000001 165.15000000000001 1.4500000000000002 92.050000000000011 -3.1499999999999999 2.5000000000000004 1.0000000180025095e-35 145.70000000000002 2.2500000000000004 1.0000000180025095e-35 1.0000000180025095e-35 -67.549999999999983 20.500000000000004 3.5000000000000004
decision_type=2 2 2 2 2 2 2 2 2 2 2 2 2 2 2 2 2 2 2 2 2 2 2
left_child=3 8 -3 6 -4 -6 -1 -8 -2 10 11 -10 13 -13 15 -14 17 18 19 20 21 -16 -22
right_child=1 2 4 -5 5 -7 7 -9 9 -11 -12 12 14 -15 16 -17 -18 -19 -20 -21 22 -23 -24
leaf_value=-0.29761724190461214 0.056117323907149484 0.086003776493767531 0.051860024031108481 0.021840617545460787 -0.014750094493821848 0.00096471094286300742 0.032529705004067148 -0.23360230249292832 -0.011515735886571789 0.00099250804781235045 -0.042685707978135097 0.0050058316539259807 -0.29327776591849425 0.00028434981337873918 0.002208138740471668 0.046879956170382681 -0.0068351114944638879 0.0021173834258154042 -0.00033338016070651123 0.32938999024343729 5.9508124408935709e-05 -0.013573801526030565 0.0041379307484243101
leaf_weight=9.9999999999999947 7.9999999999999991 25 8.0000000000000018 8.9999999999999982 4.9999999999999982 7 8.9999999999999982 17.000000000000007 36 4.9999999999999991 8.9999999999999982 9.0000000000000018 5.9999999999999973 22 18.000000000000004 9 6.9999999999999991 8.9999999999999982 5.9999999999999991 8.9999999999999982 94 6.9999999999999991 15.999999999999998
leaf_count=10 8 25 8 9 5 7 9 17 36 5 9 9 6 22 18 9 7 9 6 9 94 7 16
internal_value=0.000833333 0.00295238 0.014 -0.014 0 -0.01 -0.0183333 -0.0138462 0.00111111 0.000687023 0.000350195 0.000967742 0.00198113 0.00870968 0.000828729 -0.01 0.00180723 0.00245283 0.0016 0.0025 0.00155556 -0.006 0.00327273
internal_weight=360 315 45 45 20 12 36 26 270 262 257 248 212 31 181 15 166 159 150 144 135 25 110
internal_count=360 315 45 45 20 12 36 26 270 262 257 248 212 31 181 15 166 159 150 144 135 25 110
is_linear=0
shrinkage=0.03


Tree=143
num_leaves=24
num_cat=0
split_feature=0 1 2 8 8 4 8 6 8 8 2 9 8 9 2 9 8 2 6 5 8 8 9
split_gain=10.4143 5.72275 7.67343 4.70085 4.21978 3.62294 3.35484 2.8875 3.89863 4.27824 2.8 2.69827 5.55882 2.94118 2.5974 2.28872 3.21442 2.8 2.38235 2.05262 3.07302 2.17486 4.44444
threshold=1.0000000180025095e-35 217.50000000000003 46.550000000000004 -11.699999999999998 3.2000000000000006 4.5000000000000009 -5.3499999999999988 143.30000000000004 2.2500000000000004 1.0000000180025095e-35 8.4500000000000011 -4.8999999999999995 -46.04999999999999 -9.6499999999999986 19.000000000000004 -1.9499999999999997 -20.949999999999996 26.400000000000002 127.7 1.0000000180025095e-35 -2.5499999999999994 -101.89999999999999 93.100000000000009
decision_type=2 2 2 2 2 2 2 2 2 2 2 2 2 2 2 2 2 2 2 2 2 2 2
left_child=5 7 -3 -4 -5 6 14 8 9 11 -7 12 13 -2 -1 16 18 -18 -13 21 -21 22 -17
right_child=1 2 3 4 -6 10 -8 -9 -10 -11 -12 15 -14 -15 -16 19 17 -19 -20 20 -22 -23 -24
leaf_value=0.089390176274324634 -0.006875721921339277 0.083423663198954043 0.083784970401086414 -0.0084314524099403342 0.00093576961457699772 0.25653021488636324 -0.25155355278358787 -0.0038774000727113387 0.0090023756461162212 -0.000766099173358441 -0.20108438134106676 0.0029524107680727238 -0.014913587815851769 0.061184355186567813 -0.24560287482746027 -0.048533338184152085 0.0002482864951323904 -0.0077708522135449699 0.00016891340654510146 0.31950829053613405 -0.00062953687571166484 0.00015554292260546275 0.0016560227228237068
leaf_weight=7.0000000000000027 9.0000000000000036 23 9.0000000000000018 5.9999999999999982 7 4.9999999999999991 13.000000000000002 15.999999999999998 7.9999999999999991 9.9999999999999982 8.9999999999999982 9.0000000000000053 6.9999999999999991 8 10.999999999999998 8.9999999999999982 8.9999999999999982 4.9999999999999991 7.9999999999999991 8.9999999999999982 4.9999999999999991 152 5.9999999999999991
leaf_count=7 9 23 9 6 7 5 13 16 8 10 9 9 7 8 11 9 9 5 8 9 5 152 6
internal_value=0.000833333 0.0027619 0.0126667 0 -0.0115385 -0.0126667 -0.0183871 0.00111111 0.00188976 0.00121951 0 0.0020339 -0.0075 0.00176471 -0.01 0.00311321 0.0106452 0 0.0194118 0.0018232 0.0128571 0.000898204 -0.01
internal_weight=360 315 45 22 13 45 31 270 254 246 14 236 24 17 18 212 31 14 17 181 14 167 15
internal_count=360 315 45 22 13 45 31 270 254 246 14 236 24 17 18 212 31 14 17 181 14 167 15
is_linear=0
shrinkage=0.03


Tree=144
num_leaves=24
num_cat=0
split_feature=0 1 2 8 8 9 4 8 2 4 0 2 2 8 6 0 4 8 8 9 2 0 9
split_gain=12.8571 5.29101 7.67343 4.70085 4.21978 3.09862 2.04366 1.92513 3.65062 1.7252 3.04762 4.2315 3.33333 3.6 2.22965 4.21978 2.87468 5.19699 4.82143 4.14857 5.04 3.74269 3.6
threshold=1.0000000180025095e-35 217.50000000000003 46.550000000000004 -11.699999999999998 3.2000000000000006 0.25000000000000006 4.5000000000000009 -5.2499999999999991 19.000000000000004 5.5000000000000009 5.5000000000000009 28.600000000000005 60.250000000000007 -117.09999999999998 143.30000000000004 6.5000000000000009 4.5000000000000009 -4.4499999999999993 -6.6499999999999995 -4.3499999999999988 67.350000000000009 5.5000000000000009 -8.3999999999999968
decision_type=2 2 2 2 2 2 2 2 2 2 2 2 2 2 2 2 2 2 2 2 2 2 2
left_child=5 9 -3 -4 -5 -1 7 8 -7 14 11 -11 -13 -14 16 -16 19 18 -18 20 -2 -19 -22
right_child=1 2 3 4 -6 6 -8 -9 -10 10 -12 12 13 -15 15 -17 17 21 -20 -21 22 -23 -24
leaf_value=-0.24304993903556404 -0.00752530692337416 0.080920953302984905 0.081271421289053472 -0.0081785088376426524 0.00090769652614028471 0.13260373932879641 0.027217930459328698 -0.30865903868832728 -0.23823478858263641 0.0014391114079563749 -0.010487768062253622 -0.021094260646179207 -0.0017707613994933523 0.20696238996710689 -0.11473734348458975 2.1476818830024058e-05 -0.00047772722898578476 -0.0031426112651258362 0.0025782978753460381 0.00045209097506351267 -0.039698644410302679 -0.0021095544010077561 0.059348824530971171
leaf_weight=13.999999999999998 7.0000000000000027 23 9.0000000000000018 5.9999999999999982 7 6.0000000000000062 8.9999999999999982 5.0000000000000027 10.999999999999998 13.000000000000002 13.999999999999998 4.9999999999999991 4.9999999999999973 5.0000000000000009 5.9999999999999982 7 16.000000000000004 10.000000000000002 4.9999999999999991 150 10.000000000000004 8.9999999999999982 7.9999999999999973
leaf_count=14 7 23 9 6 7 6 9 5 11 13 14 5 5 5 6 7 16 10 5 150 10 9 8
internal_value=0.001 0.00314286 0.0126667 0 -0.0115385 -0.014 -0.00870968 -0.0136364 -0.00882353 0.00155556 0.00714286 0.0128571 0.002 0.012 0.000526316 -0.0115385 0.00125581 -0.006 0.00428571 0.00291429 -0.0084 -0.0173684 0
internal_weight=360 315 45 22 13 45 31 22 17 270 42 28 15 10 228 13 215 40 21 175 25 19 18
internal_count=360 315 45 22 13 45 31 22 17 270 42 28 15 10 228 13 215 40 21 175 25 19 18
is_linear=0
shrinkage=0.03


Tree=145
num_leaves=24
num_cat=0
split_feature=1 1 2 6 5 8 9 1 8 2 2 6 8 9 2 6 9 9 8 8 9 8 8
split_gain=13.1444 6.22222 5.71994 3.91903 3.75556 3.2312 3.88288 2.85168 2.84444 2.80702 4.8445 4.84848 2.69388 5.9136 5.78238 5.63218 3.6 2.84444 2.63959 4.18803 2.39348 2.09402 4.51383
threshold=52.500000000000007 135.00000000000003 46.550000000000004 143.30000000000004 1.0000000180025095e-35 0.70000000000000007 -4.8999999999999995 217.50000000000003 -50.399999999999999 26.400000000000002 18.500000000000004 142.05000000000004 -28.049999999999994 16.450000000000006 26.400000000000002 129.75000000000003 55.300000000000004 39.400000000000006 -11.699999999999998 -2.4499999999999997 3.5000000000000004 -18.649999999999995 -5.3499999999999988
decision_type=2 2 2 2 2 2 2 2 2 2 2 2 2 2 2 2 2 2 2 2 2 2 2
left_child=4 3 7 5 21 6 8 9 -2 10 -3 -12 13 -8 20 16 17 -15 -4 -20 -14 -1 -23
right_child=1 2 18 -5 -6 -7 12 -9 -10 -11 11 -13 14 15 -16 -17 -18 -19 19 -21 -22 22 -24
leaf_value=-0.27882316293309622 -0.0017176385575083941 0.013419125546277541 0.0060155053528617936 -0.063732271309068264 0.026401392545548814 0.0017406173114186173 0.0049626102947725311 0.078493324703894696 -0.016724066055602903 0.01002802970289224 0.0068203997408373589 -0.010654481686752603 6.1734521770233643e-05 -0.003484118450503928 -0.022205700877997572 0.0013117505759610991 0.00014236063697438793 -0.066668136078887344 -0.0063844047044892705 0.00088046563035561578 0.014301420122505773 0.036769807380397236 -0.21175612866356586
leaf_weight=9.9999999999999947 8.9999999999999982 8.0000000000000053 25 6.9999999999999991 8.9999999999999982 6.9999999999999991 12.999999999999998 23 5.9999999999999991 4.9999999999999991 5.9999999999999982 5 139 9.0000000000000053 8.9999999999999982 4.9999999999999991 8.9999999999999982 5.9999999999999991 5.0000000000000027 12.999999999999998 5.9999999999999991 8.9999999999999982 17.000000000000007
leaf_count=10 9 8 25 7 9 7 13 23 6 5 6 5 139 9 9 5 9 6 5 13 6 9 17
internal_value=0.00116667 0.00333333 0.01 0.000666667 -0.014 0.00137615 0.0007109 0.017234 -0.014 0.01 0.00473684 -0.00818182 0.00183673 0.00857143 0 0.00103448 -0.005 -0.014 0.00209302 -0.00666667 0.00144828 -0.0183333 -0.0138462
internal_weight=360 315 90 225 45 218 211 47 15 24 19 11 196 42 154 29 24 15 43 18 145 36 26
internal_count=360 315 90 225 45 218 211 47 15 24 19 11 196 42 154 29 24 15 43 18 145 36 26
is_linear=0
shrinkage=0.03


Tree=146
num_leaves=24
num_cat=0
split_feature=0 1 2 4 8 8 6 8 2 9 8 4 6 6 3 2 2 2 6 4 2 4 8
split_gain=10.9349 6.87619 6.4 3.62294 3.35484 3.33333 2.99226 3.80978 2.8 2.76788 4.76298 3.06045 3.31373 4.18301 3.65062 2.84444 4.66781 7.15344 2.74286 3.33333 2.5974 2.56642 2.53001
threshold=1.0000000180025095e-35 217.50000000000003 79.850000000000009 4.5000000000000009 -5.3499999999999988 -11.699999999999998 143.30000000000004 2.2500000000000004 8.4500000000000011 -4.4999999999999991 -46.04999999999999 4.5000000000000009 129.75000000000003 126.85000000000001 5.5000000000000009 139.90000000000001 19.900000000000002 7.1000000000000005 78.600000000000009 5.5000000000000009 19.000000000000004 2.5000000000000004 -8.1499999999999968
decision_type=2 2 2 2 2 2 2 2 2 2 2 2 2 2 2 2 2 2 2 2 2 2 2
left_child=3 6 -3 4 20 -4 7 9 -5 10 21 22 13 15 -14 16 17 18 -13 -20 -1 -2 -11
right_child=1 2 5 8 -6 -7 -8 -9 -10 11 -12 12 14 -15 -16 -17 -18 -19 19 -21 -22 -23 -24
leaf_value=0.081627264584819337 -0.006909304495312369 0.069239156461852927 0.078652813489795789 0.2624784904707464 -0.23036276416910623 -0.013569128039688962 -0.0011941441550213483 0.0092539788524254613 -0.17939565684177494 0.0027013974069356548 -0.0096414015183744796 0.074804614283255619 -0.0053753502928645955 -0.0052901401693483049 0.0024515642125243174 0.00077840501647756348 -0.0033795948969888912 0.040064746194650662 -0.056612040087506511 0.0012644520813400106 -0.22272305003716447 0.0053243860891026883 0.00034572577379556431
leaf_weight=7.0000000000000027 7.0000000000000062 30 4.9999999999999991 4.9999999999999991 13.000000000000002 9.9999999999999982 15.999999999999998 7.9999999999999991 8.9999999999999982 57 9.9999999999999982 6.0000000000000062 6.0000000000000027 5.9999999999999991 10.999999999999998 4.9999999999999991 12.999999999999998 5.9999999999999991 9.9999999999999982 4.9999999999999991 10.999999999999998 11.999999999999998 92
leaf_count=7 7 30 5 5 13 10 16 8 9 57 10 6 6 6 11 5 13 6 10 5 11 12 92
internal_value=0.00116667 0.00314286 0.014 -0.0126667 -0.0183871 -0.002 0.00133333 0.00212598 0 0.00146341 -0.00724138 0.00262673 -0.00264706 -0.00647059 0.00882353 -0.00333333 -0.006 0.00111111 -0.00714286 -0.014 -0.01 0.00157895 0.00503356
internal_weight=360 315 45 45 31 15 270 254 14 246 29 217 68 51 17 45 40 27 21 15 18 19 149
internal_count=360 315 45 45 31 15 270 254 14 246 29 217 68 51 17 45 40 27 21 15 18 19 149
is_linear=0
shrinkage=0.03


Tree=147
num_leaves=24
num_cat=0
split_feature=0 6 9 5 4 2 1 6 6 5 4 4 2 2 6 0 4 6 2 2 6 9 2
split_gain=12.8571 3.94348 4.38294 3.75556 3.55556 3.16908 5.40476 4.58915 5.36232 4.63768 2.35065 3.7649 2.66512 4.11729 2.17687 5.03424 4.44444 2.41429 2.09402 2.70916 1.9345 2.37363 1.86667
threshold=1.0000000180025095e-35 292.65000000000003 -2.9999999999999996 1.0000000180025095e-35 3.5000000000000004 42.250000000000007 217.50000000000003 143.30000000000004 124.65000000000002 1.0000000180025095e-35 5.5000000000000009 4.5000000000000009 5.1500000000000012 28.600000000000005 125.85000000000001 4.5000000000000009 3.5000000000000004 126.65000000000002 21.050000000000001 9.5500000000000025 126.85000000000001 -0.34999999999999992 88.600000000000009
decision_type=2 2 2 2 2 2 2 2 2 2 2 2 2 2 2 2 2 2 2 2 2 2 2
left_child=3 5 4 18 -3 6 10 8 -7 14 11 -2 -12 -14 16 -16 -10 -17 19 -1 -13 -22 -9
right_child=1 2 -4 -5 -6 7 -8 22 9 -11 12 20 13 -15 15 17 -18 -19 -20 -21 21 -23 -24
leaf_value=-0.19849256187858563 0.0003201248029380821 -0.013210686839254322 0.071061624927125422 0.030991220474435578 0.065061716479859796 -0.044809762452622692 0.17125999877010314 -0.0041606029862117566 -0.0067020253604530922 0.43461682912255412 -0.014630701828806991 -0.00032749850017040668 0.0012384398036528665 -0.012195735257192553 -0.034892299459257994 -0.04496157429248171 0.0034981557498257841 0.0011993906443490232 -0.27093124883928582 0.04104858286423848 -0.00075888680613360286 -0.00028669751613243473 -0.031775081909324855
leaf_weight=21.000000000000004 130 9.0000000000000018 13.999999999999998 8.9999999999999982 8.9999999999999982 4.9999999999999991 6.9999999999999991 6.9999999999999982 8.9999999999999982 4.9999999999999991 7.0000000000000027 21 14.000000000000002 4.9999999999999991 8.9999999999999982 4.9999999999999991 5.9999999999999991 35 9.9999999999999982 4.9999999999999991 7 5.9999999999999982 5
leaf_count=21 130 9 14 9 9 5 7 7 9 5 7 21 14 5 9 5 6 35 10 5 7 6 5
internal_value=0.001 0.00314286 0.013125 -0.014 0.00333333 0.00201413 0.00411168 -0.0027907 0 0.00217391 0.00315789 0.00182927 0.0115385 0.0173684 0 -0.00306122 0.01 0.0015 -0.0183333 -0.0138462 -0.00705882 -0.0161538 -0.02
internal_weight=360 315 32 45 18 283 197 86 74 69 190 164 26 19 64 49 15 40 36 26 34 13 12
internal_count=360 315 32 45 18 283 197 86 74 69 190 164 26 19 64 49 15 40 36 26 34 13 12
is_linear=0
shrinkage=0.03


Tree=148
num_leaves=24
num_cat=0
split_feature=0 4 2 1 2 8 8 6 8 8 5 2 6 4 8 4 3 3 2 2 8 6 6
split_gain=8.92857 5.50865 4.57143 4.09735 9.45525 6.36519 3.35484 3.09888 4.35357 3.15637 4.53697 2.5974 2.37363 2.2621 3.58566 2.88984 2.57989 2.67857 2.1 2.00379 2.66391 1.80484 3.85363
threshold=1.0000000180025095e-35 4.5000000000000009 21.050000000000001 217.50000000000003 46.550000000000004 -11.699999999999998 -5.3499999999999988 143.30000000000004 0.70000000000000007 1.0000000180025095e-35 1.0000000180025095e-35 19.000000000000004 292.90000000000003 1.5000000000000002 -147.09999999999999 4.5000000000000009 21.500000000000004 1.0000000180025095e-35 16.650000000000002 139.05000000000004 -20.949999999999996 78.600000000000009 124.25000000000001
decision_type=2 2 2 2 2 2 2 2 2 2 2 2 2 2 2 2 2 2 2 2 2 2 2
left_child=1 6 -3 7 -5 -6 11 8 9 10 13 -1 -7 16 -15 19 17 -2 -12 20 -16 -17 -23
right_child=3 2 -4 4 5 12 -8 -9 -10 -11 18 -13 -14 14 15 21 -18 -19 -20 -21 -22 22 -24
leaf_value=0.077946989161347777 -0.037458058783523422 0.039817125378311322 -0.22924389836158687 0.070878999727677292 0.074341377590706081 -0.0089412433280168097 -0.21749710438767536 -0.0011007126576213012 0.0090583132702045776 -0.022766161113638359 0.29307702930228002 -0.21727281602197648 -0.0016738288662685363 -0.06546090961419565 0.0025955729947085616 0.13639325926982779 -0.0024318015711536842 2.7559437742254999e-05 0.28047546692877817 -0.036786856857926008 0.00073594445853387926 -0.025438919105085063 7.5603293397676909e-05
leaf_weight=7.0000000000000027 5.9999999999999991 6.9999999999999982 7 23 9.0000000000000018 5.9999999999999982 13.000000000000002 15.999999999999998 11.999999999999998 5.9999999999999991 6.9999999999999991 10.999999999999998 7 5.9999999999999991 23 6.9999999999999991 9.9999999999999982 42 7.9999999999999991 7.9999999999999991 65 19 35
leaf_count=7 6 7 7 23 9 6 13 16 12 6 7 11 7 6 23 7 10 42 8 8 65 19 35
internal_value=0.00116667 -0.0113333 0.00428571 0.00295238 0.0113333 -0.00272727 -0.0183871 0.00155556 0.0023622 0.0014876 0.0020339 -0.01 -0.0161538 0.000950226 0.00276074 0.00363057 -0.00413793 -0.00125 0.018 0.006875 0.00818182 -0.00147541 -0.00333333
internal_weight=360 45 14 315 45 22 31 270 254 242 236 18 13 221 163 157 58 48 15 96 88 61 54
internal_count=360 45 14 315 45 22 31 270 254 242 236 18 13 221 163 157 58 48 15 96 88 61 54
is_linear=0
shrinkage=0.03


Tree=149
num_leaves=24
num_cat=0
split_feature=0 1 2 8 5 6 8 8 6 6 3 2 6 0 5 5 2 2 2 6 9 2 8
split_gain=10.4143 4.28571 9.45525 6.36519 3.2 2.99226 2.73504 3.3826 2.37363 1.88235 1.52441 1.63488 2.87507 3.40691 4.94756 3.75 3.6 1.53544 3.0329 2.86211 2.72727 1.53722 3.8078
threshold=1.0000000180025095e-35 217.50000000000003 46.550000000000004 -11.699999999999998 1.0000000180025095e-35 143.30000000000004 -18.649999999999995 -5.3499999999999988 292.90000000000003 31.850000000000005 22.500000000000004 0.90000000000000013 92.050000000000011 2.5000000000000004 1.0000000180025095e-35 1.0000000180025095e-35 8.4500000000000011 6.5500000000000007 8.9000000000000021 123.95000000000002 0.25000000000000006 221.90000000000001 -110.94999999999999
decision_type=2 2 2 2 2 2 2 2 2 2 2 2 2 2 2 2 2 2 2 2 2 2 2
left_child=4 5 -3 -4 6 10 -1 -8 -5 -9 11 -2 -13 15 17 -14 -17 -15 20 -20 -19 22 -21
right_child=1 2 3 8 -6 -7 7 9 -10 -11 -12 12 13 14 -16 16 -18 18 19 21 -22 -23 -24
leaf_value=-0.24960099926098733 -0.012585148529559404 0.06875262973584767 0.072111136262984696 -0.0086730060281760748 0.036938800811050214 -0.0010676912778923508 0.038622611616962031 -0.173083252594634 -0.0016236140002803268 -0.21370313305186184 -5.6801013514444772e-05 0.0018309516526922209 -0.28454156784458062 0.0033584884601975062 0.53039019879172344 0.061349727338391342 -0.091424234910143121 0.00040622528112884023 0.00075719758858653556 -0.041620421242229068 -0.004177409470938755 0.0019162406281540711 0.00018560653192416509
leaf_weight=9.9999999999999947 36 23 9.0000000000000018 5.9999999999999982 8.9999999999999982 15.999999999999998 8.9999999999999982 9.0000000000000089 7 7.9999999999999991 8.9999999999999982 38 5.9999999999999973 7.9999999999999991 5.9999999999999991 5 5 5.9999999999999982 6.9999999999999991 11.999999999999998 5 4.9999999999999991 106
leaf_count=10 36 23 9 6 9 16 9 9 7 8 9 38 6 8 6 5 5 6 7 12 5 5 106
internal_value=0.000833333 0.0027619 0.0113333 -0.00272727 -0.0126667 0.00133333 -0.0166667 -0.0115385 -0.0161538 -0.0194118 0.00212598 0.00257143 0.00358852 0.00192982 0.00329032 -0.01125 0 0.00221477 0.00148936 0.00276923 -0.0136364 0.00170732 0.00101695
internal_weight=360 315 45 22 45 270 36 26 13 17 254 245 209 171 155 16 10 149 141 130 11 123 118
internal_count=360 315 45 22 45 270 36 26 13 17 254 245 209 171 155 16 10 149 141 130 11 123 118
is_linear=0
shrinkage=0.03


Tree=150
num_leaves=24
num_cat=0
split_feature=0 4 2 6 9 4 8 4 2 8 2 4 9 3 6 3 2 9 3 2 9 9 8
split_gain=8.92857 5.50865 4.57143 4.09541 4.38294 3.55556 3.35484 2.80158 3.59227 8.90909 5.04503 3.31373 3.95122 3.66913 6.78557 3.90095 3.48792 3.62319 3.33333 2.5974 2.51485 3.37501 2.35434
threshold=1.0000000180025095e-35 4.5000000000000009 21.050000000000001 292.65000000000003 -2.9999999999999996 3.5000000000000004 -5.3499999999999988 5.5000000000000009 28.600000000000005 -52.54999999999999 5.1500000000000012 4.5000000000000009 -4.2499999999999991 5.5000000000000009 139.25000000000003 3.5000000000000004 67.350000000000009 -7.6499999999999995 4.5000000000000009 19.000000000000004 35.350000000000009 4.2500000000000009 -44.79999999999999
decision_type=2 2 2 2 2 2 2 2 2 2 2 2 2 2 2 2 2 2 2 2 2 2 2
left_child=1 6 -3 7 5 -5 19 11 10 -10 -9 12 16 15 20 22 -2 18 -18 -1 21 -15 -14
right_child=3 2 -4 4 -6 -7 -8 8 9 -11 -12 -13 13 14 -16 -17 17 -19 -20 -21 -22 -23 -24
leaf_value=0.074449901137998389 -0.0059672587668484307 0.037463933268453181 -0.21487855143290971 -0.012715442948079953 0.064740827295407255 0.0589209161015583 -0.205779693678206 -0.013483541750371017 0.0056314905955127869 -0.020714765101339482 0.0091263356207981865 -0.00043362751157602017 -0.037778846645466331 0.00021271158830913351 -0.039277637527593966 0.11787806956420922 -0.0018180628014871302 0.057882987753209818 -0.030293401971359799 -0.20326660156348772 -0.0058458524039910736 0.13661864895290143 0.0042485441551436765
leaf_weight=7.0000000000000027 8.9999999999999982 6.9999999999999982 7 9.0000000000000018 13.999999999999998 8.9999999999999982 13.000000000000002 7.0000000000000027 11.000000000000002 10.999999999999998 15.999999999999998 42 7.9999999999999991 95 5.9999999999999991 7.9999999999999991 9.9999999999999982 8.0000000000000018 4.9999999999999991 10.999999999999998 4.9999999999999991 7.9999999999999991 34
leaf_count=7 9 7 7 9 14 9 13 7 11 11 16 42 8 95 6 8 10 8 5 11 5 8 34
internal_value=0.00116667 -0.0113333 0.00428571 0.00295238 0.013125 0.00333333 -0.0183871 0.00180212 0.00866667 0 0.0169565 0.000504202 0.00214286 0.00402439 0.00105263 0.0108 -0.0075 -0.00130435 -0.01 -0.01 0.00277778 0.00378641 0.00714286
internal_weight=360 45 14 315 32 18 31 283 45 22 23 238 196 164 114 50 32 23 15 18 108 103 42
internal_count=360 45 14 315 32 18 31 283 45 22 23 238 196 164 114 50 32 23 15 18 108 103 42
is_linear=0
shrinkage=0.03


Tree=151
num_leaves=24
num_cat=0
split_feature=0 4 2 1 2 8 8 8 2 2 2 4 8 4 8 2 2 9 6 2 6 8 6
split_gain=8.45873 5.50865 4.57143 4.47831 9.45525 3.35484 2.74126 4.21978 2.5974 2.50319 5.29484 2.71377 4.69875 3.99762 3.10427 3.53551 2.71148 3.26667 2.4 2.22 3.84991 2.19939 6.75
threshold=1.0000000180025095e-35 4.5000000000000009 21.050000000000001 217.50000000000003 46.550000000000004 -5.3499999999999988 -11.699999999999998 3.2000000000000006 19.000000000000004 201.10000000000002 165.15000000000001 1.5000000000000002 -5.5499999999999989 2.5000000000000004 -62.649999999999999 55.600000000000009 76.050000000000026 0.45000000000000007 138.45000000000002 0.90000000000000013 89.750000000000014 -19.999999999999996 130.50000000000003
decision_type=2 2 2 2 2 2 2 2 2 2 2 2 2 2 2 2 2 2 2 2 2 2 2
left_child=1 5 -3 9 -5 8 -6 -8 -1 10 11 12 -2 16 18 19 17 -13 -15 -16 -21 22 -22
right_child=3 2 -4 4 6 -7 7 -9 -10 -11 -12 13 -14 14 15 -17 -18 -19 -20 20 21 -23 -24
leaf_value=0.072216404103858517 -0.0040896050446204415 0.03634001527039963 -0.2084321948899224 0.063153708756846075 0.068180174692047901 -0.19960630286785991 -0.0078481597884572808 0.00033892459700155084 -0.19716860351658319 0.0016898086914440569 -0.17639183517471507 0.017857889940836313 0.00081304056186290549 0.0033899458177251061 -0.013706422523858989 -0.020093322148299533 -0.033935347208928449 0.0049184115124769785 0.028598154326023459 0.0039425686588309356 -0.0051253982914704465 0.0002967186667611088 0.0057888016540586307
leaf_weight=7.0000000000000027 31 6.9999999999999982 7 23 9.0000000000000018 13.000000000000002 5.9999999999999982 7 10.999999999999998 8.9999999999999982 4.9999999999999991 15.000000000000002 38 15.000000000000002 22 6.9999999999999991 6.9999999999999991 11.999999999999998 4.9999999999999991 10.999999999999998 16.000000000000004 69 7.9999999999999991
leaf_count=7 31 7 7 23 9 13 6 7 11 9 5 15 38 15 22 7 7 12 5 11 16 69 8
internal_value=0.000833333 -0.0113333 0.00428571 0.00257143 0.0113333 -0.0183871 -0.00272727 -0.0115385 -0.01 0.00111111 0.000574713 0.00117187 -0.00391304 0.00304813 0.000980392 -0.000676692 0.0123529 0.0166667 0.012 0.00047619 0.00230769 0.000322581 -0.0075
internal_weight=360 45 14 315 45 31 22 13 18 270 261 256 69 187 153 133 34 27 20 126 104 93 24
internal_count=360 45 14 315 45 31 22 13 18 270 261 256 69 187 153 133 34 27 20 126 104 93 24
is_linear=0
shrinkage=0.03


Tree=152
num_leaves=24
num_cat=0
split_feature=0 4 2 8 4 8 6 8 6 2 2 6 2 4 3 2 6 9 9 2 8 6 0
split_gain=7.77778 5.50865 4.57143 3.35484 3.32718 3.97895 4.99221 4.50358 3.46699 6.27451 3.80952 3.30124 9.27221 3.67647 2.80519 2.5974 2.03308 2.95125 3.00248 2.03462 3.3373 2.00993 3.22667
threshold=1.0000000180025095e-35 4.5000000000000009 21.050000000000001 -5.3499999999999988 5.5000000000000009 -39.04999999999999 141.20000000000002 -34.599999999999987 124.65000000000002 28.600000000000005 5.1500000000000012 150.00000000000003 46.550000000000004 4.5000000000000009 3.5000000000000004 19.000000000000004 138.45000000000002 55.300000000000004 39.400000000000006 76.050000000000026 -105.44999999999999 91.65000000000002 4.5000000000000009
decision_type=2 2 2 2 2 2 2 2 2 2 2 2 2 2 2 2 2 2 2 2 2 2 2
left_child=1 3 -3 15 5 6 16 -7 9 10 -6 13 -13 -9 -10 -1 17 18 19 -2 -21 -15 -23
right_child=4 2 -4 -5 8 7 -8 11 14 -11 -12 12 -14 21 -16 -17 -18 -19 -20 20 -22 22 -24
leaf_value=0.070049911980742854 0.0020260398131303958 0.035249814812287603 -0.20217922904322469 -0.193618113781824 -0.013087937057862575 0.0053603876948359643 -0.013872314872786262 0.00028855359017654792 0.00061969272595518987 -0.038815515080841294 0.12656112285209731 0.063903716555637397 -0.0032069122448237408 0.0023484082487119904 0.01687367097464005 -0.19125354541108577 0.027740209696242458 0.0064298541203740454 -0.088383444139381304 0.0032882474431931994 -0.017536710653403419 -0.0040479799214662646 6.0045238594597095e-06
leaf_weight=7.0000000000000027 10.000000000000005 6.9999999999999982 7 13.000000000000002 7.0000000000000018 8.9999999999999982 10.999999999999998 136 10.999999999999998 4.9999999999999991 5 19.000000000000004 11.999999999999998 8.9999999999999982 21 10.999999999999998 6.9999999999999991 6.9999999999999991 4.9999999999999991 6.9999999999999991 8.9999999999999982 15.000000000000002 9.9999999999999982
leaf_count=7 10 7 7 13 7 9 11 136 11 5 5 19 12 9 21 11 7 7 5 7 9 15 10
internal_value=0.000333333 -0.0113333 0.00428571 -0.0183871 0.002 0.000676692 -0.00642857 0.00257143 0.00918367 -0.00176471 0.01 0.00164179 0.0106452 0 0.015 -0.01 -0.002 -0.00473684 -0.00870968 -0.00461538 -0.01125 -0.00882353 -0.0132
internal_weight=360 45 14 31 315 266 56 210 49 17 12 201 31 170 32 18 45 38 31 26 16 34 25
internal_count=360 45 14 31 315 266 56 210 49 17 12 201 31 170 32 18 45 38 31 26 16 34 25
is_linear=0
shrinkage=0.03


Tree=153
num_leaves=24
num_cat=0
split_feature=0 4 1 2 2 9 8 2 8 2 2 0 7 5 9 3 8 2 9 7 2 8 8
split_gain=6.50159 5.50865 4.87619 11.4229 4.57143 4.05844 3.35484 2.92281 3.19117 3.11111 2.5974 2.54135 2.84761 5.70469 2.23471 3.62244 2.72727 2.22221 2.25041 2.3593 2.54737 2.33333 3.73333
threshold=1.0000000180025095e-35 4.5000000000000009 217.50000000000003 46.550000000000004 21.050000000000001 -5.6499999999999995 -5.3499999999999988 18.500000000000004 -8.1499999999999968 12.850000000000001 19.000000000000004 2.5000000000000004 143.30000000000004 1.0000000180025095e-35 -1.4499999999999997 21.500000000000004 -3.5499999999999994 0.50000000000000011 0.75000000000000011 130.65000000000001 4.5500000000000007 -6.6499999999999995 -2.4499999999999997
decision_type=2 2 2 2 2 2 2 2 2 2 2 2 2 2 2 2 2 2 2 2 2 2 2
left_child=1 6 7 -4 -3 -5 10 8 9 -2 -1 -9 13 -13 16 17 -10 -16 21 20 -20 -19 -23
right_child=2 4 3 5 -6 -7 -8 11 14 -11 -12 12 -14 -15 15 -17 -18 18 19 -21 -22 22 -24
leaf_value=0.06794841462132048 0.086990367793094381 0.03419232036791893 0.059341985997472757 0.0039132040832811294 -0.19611385217192798 -0.0024149111552267755 -0.18780957036836929 -0.085731940815200289 0.018758700194738083 0.0034206327221951937 -0.18551593904875319 -0.00015490582056905565 -0.0013948508538089753 0.39625949276210004 -0.013303886455848825 -0.0027144158953494469 0.0037794950756247659 -0.0047127982728466123 -0.033376662730888997 -0.0064799621633714818 0.0068150767537545672 0.015428922705115439 0.00052562256007746553
leaf_weight=7.0000000000000027 6.9999999999999991 6.9999999999999982 23 14.000000000000002 7 7.9999999999999991 13.000000000000002 6.9999999999999991 5 8.9999999999999982 10.999999999999998 108 12.999999999999998 4.9999999999999991 30 6.9999999999999991 5.9999999999999982 5.9999999999999991 9.0000000000000053 5.9999999999999991 9.9999999999999982 14.999999999999998 27
leaf_count=7 7 7 23 14 7 8 13 7 5 9 11 108 13 5 30 7 6 6 9 6 10 15 27
internal_value=-0.000666667 -0.0113333 0.000857143 0.01 0.00428571 -0.00545455 -0.0183871 -0.000666667 0.00240876 0.015 -0.01 -0.00383459 -0.00285714 -0.00132743 0.000743802 -0.000545455 0.0136364 0.000873786 0.00369863 -0.0036 0.00157895 0.0075 0.01
internal_weight=360 45 315 45 14 22 31 270 137 16 18 133 126 113 121 110 11 103 73 25 19 48 42
internal_count=360 45 315 45 14 22 31 270 137 16 18 133 126 113 121 110 11 103 73 25 19 48 42
is_linear=0
shrinkage=0.03


Tree=154
num_leaves=24
num_cat=0
split_feature=0 1 2 9 9 2 8 2 0 6 5 8 9 5 2 8 6 8 5 6 2 2 3
split_gain=6.70635 4.67513 11.4229 4.05844 3.39596 3.34725 2.97303 3.11111 2.54135 2.84761 5.70469 2.5102 2.18182 2.66667 2.26263 2.07395 3.78701 2.66984 2.4381 2.28571 2.04848 1.73077 1.40206
threshold=1.0000000180025095e-35 217.50000000000003 46.550000000000004 -5.6499999999999995 0.15000000000000005 18.500000000000004 -8.1499999999999968 12.850000000000001 2.5000000000000004 143.30000000000004 1.0000000180025095e-35 -7.4499999999999993 0.65000000000000002 1.0000000180025095e-35 27.650000000000002 -3.7499999999999996 102.95000000000002 -4.6999999999999984 1.0000000180025095e-35 77.850000000000009 9.5500000000000025 26.400000000000002 7.5000000000000009
decision_type=2 2 2 2 2 2 2 2 2 2 2 2 2 2 2 2 2 2 2 2 2 2 2
left_child=4 5 -3 -4 -1 6 7 -2 -7 10 22 -8 -6 14 20 17 18 -13 19 -17 -14 -11 -10
right_child=1 2 3 -5 12 8 11 -9 9 21 -12 15 13 -15 -16 16 -18 -19 -20 -21 -22 -23 -24
leaf_value=-0.18368762863941798 0.08438065675930119 0.057561726417548011 0.0037958079607824402 -0.0023424638205707992 0.0024423109282161446 -0.083159982590744044 -0.0088633605436400122 0.0033180137405292953 -3.6499601748687382e-05 -0.060526413987433331 0.3843717079792367 4.5796181011894533e-05 -0.13917702922291092 0.060478751612858442 -0.22848093906328365 0.052419688303213759 -0.009333063022542375 0.0026957091726872305 0.090828921489570294 -0.0046307231247750026 0.033166550756881394 -0.00010247095720217203 -0.00043846586542628074
leaf_weight=11.999999999999998 6.9999999999999991 23 14.000000000000002 7.9999999999999991 5.9999999999999991 6.9999999999999991 7.9999999999999991 8.9999999999999982 73 4.9999999999999991 4.9999999999999991 21 6.0000000000000018 9.0000000000000018 6.9999999999999991 7.9999999999999991 6.9999999999999991 14.999999999999998 5.9999999999999991 56 5 7.9999999999999991 35
leaf_count=12 7 23 14 8 6 7 8 9 73 5 5 21 6 9 7 8 7 15 6 56 5 8 35
internal_value=-0.0005 0.00104762 0.01 -0.00545455 -0.0113333 -0.000444444 0.00284672 0.015 -0.00383459 -0.00285714 -0.00132743 0.00123967 -0.00636364 -0.01 -0.0166667 0.00238938 -0.00038961 0.00833333 0.00171429 0 -0.00818182 -0.0161538 -0.00277778
internal_weight=360 315 45 22 45 270 137 16 133 126 113 121 33 27 18 113 77 36 70 64 11 13 108
internal_count=360 315 45 22 45 270 137 16 133 126 113 121 33 27 18 113 77 36 70 64 11 13 108
is_linear=0
shrinkage=0.03


Tree=155
num_leaves=24
num_cat=0
split_feature=1 2 0 4 2 9 4 0 9 2 6 9 2 6 5 6 0 9 6 2 0 2 9
split_gain=7.5 8.1294 4.50667 5.50865 4.57143 4.34625 4 3.89778 3.80952 5.35714 3.372 3.07442 2.93379 2.84444 2.70427 3.74234 3.20856 2.58081 3.02472 4.77463 4.58347 3.75016 3.80837
threshold=135.00000000000003 46.550000000000004 1.0000000180025095e-35 4.5000000000000009 21.050000000000001 -5.6499999999999995 4.5000000000000009 6.5000000000000009 -10.399999999999997 113.75000000000001 143.30000000000004 -4.3499999999999988 6.1500000000000012 140.75000000000003 1.0000000180025095e-35 130.65000000000001 3.5000000000000004 -1.8499999999999999 92.050000000000011 0.90000000000000013 2.5000000000000004 6.5500000000000007 1.0000000180025095e-35
decision_type=2 2 2 2 2 2 2 2 2 2 2 2 2 2 2 2 2 2 2 2 2 2 2
left_child=2 7 3 12 -5 6 8 -2 -3 -10 11 -4 -1 -7 15 17 -16 -13 19 -19 -20 -22 -23
right_child=1 5 10 4 -6 13 -8 -9 9 -11 -12 14 -14 -15 16 -17 -18 18 20 -21 21 22 -24
leaf_value=-0.17789029812027554 0.055834874625022048 -0.071360228306425522 -0.0047019498310044835 0.032171554234174948 -0.18471980774758762 -0.0012297952944690849 0.25126446412862208 0.0019126587175796316 -0.012842000561946633 0.048267092651553579 -0.058710621567809936 0.00036880088148492972 -0.18094545739999696 -0.0029679836282056724 0.031532839635046626 -0.0061937510203054552 0.49969005893330543 -0.010141128930325465 -0.27550625980697624 0.0018109545539349624 0.0088072854644413202 -0.00063721781980788708 -4.6901119037556778e-06
leaf_weight=12.000000000000002 23 6.0000000000000044 22 6.9999999999999982 7 8.0000000000000018 4.9999999999999991 24 7.9999999999999991 6.0000000000000009 6.9999999999999991 24 19 9.9999999999999982 11.000000000000002 9.9999999999999982 5.9999999999999991 33 5.9999999999999991 38 5.9999999999999991 14.999999999999998 47
leaf_count=12 23 6 22 7 7 8 5 24 8 6 7 24 19 10 11 10 6 33 6 38 6 15 47
internal_value=-0.000166667 0.00733333 -0.00266667 -0.0113333 0.00428571 -0.00209302 0.006 0.0159574 0 0.00857143 -0.000933333 -0.000275229 -0.0183871 -0.0133333 0.000918367 -0.000167598 0.0123529 0.000887574 -0.00062069 0.00380282 -0.00486486 -0.00264706 -0.00483871
internal_weight=360 90 270 45 14 43 25 47 20 14 225 218 31 18 196 179 17 169 145 71 74 68 62
internal_count=360 90 270 45 14 43 25 47 20 14 225 218 31 18 196 179 17 169 145 71 74 68 62
is_linear=0
shrinkage=0.03


Tree=156
num_leaves=24
num_cat=0
split_feature=0 4 3 8 9 6 8 4 6 3 8 6 4 9 6 6 6 8 4 9 3 8 8
split_gain=7.33968 5.50865 4.57143 3.35484 2.86368 3.58534 2.5974 2.20242 2.66764 4.62857 2.35772 3.36253 7.44048 5.0381 3.54579 4 3.42857 2.43878 2.08333 2.43056 2.8 2.41327 2.77692
threshold=1.0000000180025095e-35 4.5000000000000009 19.500000000000004 -5.3499999999999988 -9.6499999999999986 293.45000000000005 8.1000000000000014 2.5000000000000004 144.15000000000001 5.5000000000000009 -3.7499999999999996 92.350000000000009 5.5000000000000009 -4.0499999999999989 79.750000000000014 77.600000000000009 90.350000000000009 -5.3499999999999988 1.5000000000000002 0.45000000000000007 17.500000000000004 -38.949999999999996 -117.09999999999998
decision_type=2 2 2 2 2 2 2 2 2 2 2 2 2 2 2 2 2 2 2 2 2 2 2
left_child=1 3 -3 -1 6 7 -2 8 18 -10 17 14 -13 -14 15 -12 -16 -9 21 -20 -21 22 -6
right_child=4 2 -4 -5 5 -7 -8 10 9 -11 11 12 13 -15 16 -17 -18 -19 19 20 -22 -23 -24
leaf_value=-0.11607487999874014 -0.028802729916451851 0.031206407607149697 -0.17917821351515989 -0.17691184364155638 0.36572934201546259 0.053804722105970766 0.0005789538819726658 4.4867838997646459e-05 0.061292666747822862 -0.011576532233775083 0.097785054950473696 -0.0044125703162966089 -0.0031861840077505119 0.049078546031889797 0.0064101250560803175 -0.018470598716890763 7.9241164149834725e-05 0.036956230512699334 0.013683833975959842 -0.032139126987661366 0.0090720693412147564 0.00010048090775981676 -0.088233082297169779
leaf_weight=18 11.000000000000002 6.9999999999999982 7 13.000000000000002 5 13.999999999999998 6.9999999999999991 94 8.9999999999999982 4.9999999999999991 5.0000000000000027 15.999999999999998 5 7.0000000000000018 5.9999999999999991 20 7.9999999999999991 11.999999999999998 18 4.9999999999999991 8.9999999999999982 51 7.9999999999999982
leaf_count=18 11 7 7 13 5 14 7 94 9 5 5 16 5 7 6 20 8 12 18 5 9 51 8
internal_value=0 -0.0113333 0.00428571 -0.0183871 0.00161905 0.00232323 -0.01 0.00159011 0.00490909 0.0171429 -0.000520231 -0.00492537 -0.0128571 0.005 0.000769231 -0.006 0.0128571 0.00226415 0.003125 0.009375 0 0 -0.0115385
internal_weight=360 45 14 31 315 297 18 283 110 14 173 67 28 12 39 25 14 106 96 32 14 64 13
internal_count=360 45 14 31 315 297 18 283 110 14 173 67 28 12 39 25 14 106 96 32 14 64 13
is_linear=0
shrinkage=0.03


Tree=157
num_leaves=24
num_cat=0
split_feature=0 4 8 8 8 4 8 2 9 4 2 6 5 2 2 9 9 2 6 8 1 1 2
split_gain=8.69206 3.62294 3.35484 2.94425 4.57216 3.72308 2.86781 2.8 2.7104 3.92727 2.5974 2.13333 1.80419 2.91667 4.32143 2.08526 4.44444 2.11358 3.1078 4.2949 3.60533 2.4 4.8
threshold=1.0000000180025095e-35 4.5000000000000009 -5.3499999999999988 0.70000000000000007 3.6000000000000005 1.0000000180025095e-35 1.0000000180025095e-35 8.4500000000000011 -9.6499999999999986 3.5000000000000004 19.000000000000004 140.75000000000003 1.0000000180025095e-35 69.350000000000009 16.650000000000002 39.400000000000006 93.100000000000009 0.90000000000000013 91.65000000000002 -3.7499999999999996 217.50000000000003 217.50000000000003 19.500000000000004
decision_type=2 2 2 2 2 2 2 2 2 2 2 2 2 2 2 2 2 2 2 2 2 2 2
left_child=1 2 10 6 11 -6 8 -3 9 -2 -1 -5 15 14 -14 17 -17 -10 -19 20 -20 22 -21
right_child=3 7 -4 4 5 -7 -8 -9 12 -11 -12 -13 13 -15 -16 16 -18 18 19 21 -22 -23 -24
leaf_value=0.073825575781936686 -0.097868053403216637 0.26386880392184214 -0.17160448833230973 3.9592734265738723e-05 0.016616608814575214 -0.0089231841179295661 -0.016826208640797518 -0.11044481841946133 -0.010762189158308644 0.00075230598603141623 -0.1720348472780347 0.048398522375964599 0.27852647786726636 0.20003982659757583 -0.078964175833157804 -0.0079658600859195874 0.0039332779036995186 0.0023182220779995075 4.1548571705902755e-05 -0.023674412599131143 0.055190305784589097 -0.0026325496243276804 0.011782324370448122
leaf_weight=7.0000000000000027 5.9999999999999982 4.9999999999999991 13.000000000000002 5.0000000000000027 4.9999999999999991 7.9999999999999991 5.9999999999999991 8.9999999999999982 32 5 10.999999999999998 9.9999999999999982 7.0000000000000062 4.9999999999999991 8.9999999999999982 8.9999999999999982 5.9999999999999991 32 125 10.000000000000002 25 4.9999999999999991 4.9999999999999991
leaf_count=7 6 5 13 5 5 8 6 9 32 5 11 10 7 5 9 9 6 32 125 10 25 5 5
internal_value=-0.000333333 -0.0126667 -0.0183871 0.00142857 0.0107143 -0.00230769 0.000522648 0 0.000960854 -0.0136364 -0.01 0.022 0.00155556 0.01 0.00375 0.000843373 -0.01 0.00153846 0.00267327 0.00105882 0.0028 -0.012 -0.006
internal_weight=360 45 31 315 28 13 287 14 281 11 18 15 270 21 16 249 15 234 202 170 150 20 15
internal_count=360 45 31 315 28 13 287 14 281 11 18 15 270 21 16 249 15 234 202 170 150 20 15
is_linear=0
shrinkage=0.03


Tree=158
num_leaves=24
num_cat=0
split_feature=0 5 8 4 8 1 3 6 8 6 4 6 6 9 6 6 4 3 9 8 6 6 6
split_gain=7.1254 5.68889 2.73504 4.02051 4.8 2.03386 5.5254 1.74451 1.87694 4.8752 3.99742 2.05714 2.13333 1.74633 2.1991 3.46956 2.0362 2.71282 1.71905 3.6 1.66667 1.71905 1.63644
threshold=1.0000000180025095e-35 1.0000000180025095e-35 -18.649999999999995 4.5000000000000009 -5.3499999999999988 217.50000000000003 5.5000000000000009 77.600000000000009 -2.4499999999999997 90.550000000000011 4.5000000000000009 126.65000000000002 90.350000000000009 -4.2499999999999991 102.95000000000002 90.550000000000011 1.0000000180025095e-35 16.500000000000004 -5.6499999999999995 -5.5499999999999989 78.750000000000014 79.050000000000011 143.30000000000004
decision_type=2 2 2 2 2 2 2 2 2 2 2 2 2 2 2 2 2 2 2 2 2 2 2
left_child=1 2 -1 4 -4 7 -7 -2 9 -9 13 12 -12 -10 15 16 -15 20 -8 -20 -18 -22 -11
right_child=5 -3 3 -5 -6 6 18 8 10 22 11 -13 -14 14 -16 -17 17 -19 19 -21 21 -23 -24
leaf_value=-0.19712544298970622 0.095174368976708765 0.072894674254938813 -0.11642655515933682 0.018034572003682445 -0.16209809921745144 0.053309958271794924 0.0013595752329376863 0.01266815908463215 0.016118110550138027 7.868769723678781e-05 -0.046232493717891288 9.9539604319076602e-05 -0.015460436005257207 -0.037459233157567197 -0.00062599202010368057 0.055681366450762083 -0.012962038130409467 0.0063319899209221828 0.0082264110697303754 -0.0027816079066860767 0.024484590693107006 -0.0044706719748103295 -0.0029141604452613021
leaf_weight=9.9999999999999947 4.9999999999999991 8.9999999999999982 8 5.9999999999999991 12.000000000000007 21 14.000000000000002 8.9999999999999982 4.9999999999999991 162 12.000000000000005 7.9999999999999991 7.9999999999999991 7.9999999999999991 7.9999999999999991 6.9999999999999991 5.0000000000000062 5.9999999999999991 5 4.9999999999999982 6.9999999999999991 7.9999999999999991 11.999999999999998
leaf_count=10 5 9 8 6 12 21 14 9 5 162 12 8 8 8 8 7 5 6 5 5 7 8 12
internal_value=-0.000166667 -0.0113333 -0.0166667 -0.0115385 -0.018 0.00142857 0.00733333 0.000444444 0.000113208 0.00180328 -0.00365854 -0.0128571 -0.018 0.00111111 -0.000612245 0.00219512 -0.00176471 0.00230769 -0.0025 -0.012 -0.003 0.002 0.000689655
internal_weight=360 45 36 26 20 315 45 270 265 183 82 28 20 54 49 41 34 26 24 10 20 15 174
internal_count=360 45 36 26 20 315 45 270 265 183 82 28 20 54 49 41 34 26 24 10 20 15 174
is_linear=0
shrinkage=0.03


Tree=159
num_leaves=24
num_cat=0
split_feature=6 5 8 6 1 3 9 8 6 9 8 3 9 9 9 8 8 3 9 8 8 4 9
split_gain=7.0645 4.2087 4.32 3.53455 1.98073 5.5254 1.71905 3.6 1.62584 3.01195 2.51553 4.2686 1.6794 6.15193 2.90909 3.65501 2.69479 4.2 2.62295 3.22437 2.40455 2.37576 1.88864
threshold=78.950000000000017 1.0000000180025095e-35 -18.649999999999995 29.450000000000003 217.50000000000003 5.5000000000000009 -5.6499999999999995 -5.5499999999999989 138.75000000000003 1.1500000000000001 -48.249999999999993 3.5000000000000004 16.450000000000006 2.9500000000000006 55.300000000000004 -39.849999999999994 -70.049999999999983 3.5000000000000004 -4.3499999999999988 -24.749999999999996 -50.399999999999999 5.5000000000000009 -2.9999999999999996
decision_type=2 2 2 2 2 2 2 2 2 2 2 2 2 2 2 2 2 2 2 2 2 2 2
left_child=1 2 -1 -4 8 -6 -7 -8 12 10 -10 -12 13 16 15 -14 17 -2 20 -20 -18 -17 -21
right_child=4 -3 3 -5 5 6 7 -9 9 -11 11 -13 14 -15 -16 21 18 -19 19 22 -22 -23 -24
leaf_value=-0.19121167970001496 -0.025004967047779016 0.070707834027290625 -0.14155020459743234 -0.011133813066724939 0.051710659523641879 0.001318787975949931 0.0079796187376376792 -0.0026981596694855624 -0.14963548216193132 0.0048464880196544867 -0.00062405383184611191 0.0045186506202023226 -0.033536481883428448 0.043818783695508047 0.0015047015117511365 -0.0039210843976056255 0.0058249767797614992 0.028761550864174125 0.0015945626713461535 -0.00034928149460561998 -0.00619482352759249 0.0016086173341732036 0.00015984978795557936
leaf_weight=9.9999999999999982 4.9999999999999982 8.9999999999999982 5.9999999999999991 44 21 14.000000000000002 5 4.9999999999999982 5.0000000000000027 17 18.000000000000004 4.9999999999999991 12.999999999999998 10.999999999999998 8.9999999999999982 6.0000000000000018 4.9999999999999991 7 6.9999999999999991 9.9999999999999982 10.999999999999998 5 112
leaf_count=10 5 9 6 44 21 14 5 5 5 17 18 5 13 11 9 6 5 7 7 10 11 5 112
internal_value=-0.0005 -0.00913043 -0.012 -0.0084 0.00154639 0.00733333 -0.0025 -0.012 0.000487805 -0.00466667 -0.0107143 -0.00652174 0.00164179 0.00285714 -0.00454545 -0.01 0.00133758 0.015 0.000206897 0.00162791 -0.01125 0.00272727 0.000491803
internal_weight=360 69 60 50 291 45 24 10 246 45 28 23 201 168 33 24 157 12 145 129 16 11 122
internal_count=360 69 60 50 291 45 24 10 246 45 28 23 201 168 33 24 157 12 145 129 16 11 122
is_linear=0
shrinkage=0.03


end of trees

feature_importances:
entry_delay_min=721
historical_avg_runtime_section=676
congestion_proxy=645
train_recovery_rate_prev=519
day_of_week=326
scheduled_runtime=245
section_code_enc=173
fog_flag=159
hour_of_day=144
historical_avg_runtime_train=61

parameters:
[boosting: gbdt]
[objective: regression_l1]
[metric: l1]
[tree_learner: serial]
[device_type: cpu]
[data_sample_strategy: bagging]
[data: ]
[valid: ]
[num_iterations: 300]
[learning_rate: 0.03]
[num_leaves: 24]
[num_threads: 12]
[seed: 42]
[deterministic: 0]
[force_col_wise: 0]
[force_row_wise: 0]
[histogram_pool_size: -1]
[max_depth: -1]
[min_data_in_leaf: 5]
[min_sum_hessian_in_leaf: 0.001]
[bagging_fraction: 0.85]
[pos_bagging_fraction: 1]
[neg_bagging_fraction: 1]
[bagging_freq: 0]
[bagging_seed: 400]
[bagging_by_query: 0]
[feature_fraction: 0.85]
[feature_fraction_bynode: 1]
[feature_fraction_seed: 30056]
[extra_trees: 0]
[extra_seed: 12879]
[early_stopping_round: 0]
[early_stopping_min_delta: 0]
[first_metric_only: 0]
[max_delta_step: 0]
[lambda_l1: 0]
[lambda_l2: 0]
[linear_lambda: 0]
[min_gain_to_split: 0]
[drop_rate: 0.1]
[max_drop: 50]
[skip_drop: 0.5]
[xgboost_dart_mode: 0]
[uniform_drop: 0]
[drop_seed: 17869]
[top_rate: 0.2]
[other_rate: 0.1]
[min_data_per_group: 100]
[max_cat_threshold: 32]
[cat_l2: 10]
[cat_smooth: 10]
[max_cat_to_onehot: 4]
[top_k: 20]
[monotone_constraints: ]
[monotone_constraints_method: basic]
[monotone_penalty: 0]
[feature_contri: ]
[forcedsplits_filename: ]
[refit_decay_rate: 0.9]
[cegb_tradeoff: 1]
[cegb_penalty_split: 0]
[cegb_penalty_feature_lazy: ]
[cegb_penalty_feature_coupled: ]
[path_smooth: 0]
[interaction_constraints: ]
[verbosity: -1]
[saved_feature_importance_type: 0]
[use_quantized_grad: 0]
[num_grad_quant_bins: 4]
[quant_train_renew_leaf: 0]
[stochastic_rounding: 1]
[linear_tree: 0]
[max_bin: 255]
[max_bin_by_feature: ]
[min_data_in_bin: 3]
[bin_construct_sample_cnt: 200000]
[data_random_seed: 175]
[is_enable_sparse: 1]
[enable_bundle: 1]
[use_missing: 1]
[zero_as_missing: 0]
[feature_pre_filter: 1]
[pre_partition: 0]
[two_round: 0]
[header: 0]
[label_column: ]
[weight_column: ]
[group_column: ]
[ignore_column: ]
[categorical_feature: ]
[forcedbins_filename: ]
[precise_float_parser: 0]
[parser_config_file: ]
[objective_seed: 16083]
[num_class: 1]
[is_unbalance: 0]
[scale_pos_weight: 1]
[sigmoid: 1]
[boost_from_average: 1]
[reg_sqrt: 0]
[alpha: 0.9]
[fair_c: 1]
[poisson_max_delta_step: 0.7]
[tweedie_variance_power: 1.5]
[lambdarank_truncation_level: 30]
[lambdarank_norm: 1]
[label_gain: ]
[lambdarank_position_bias_regularization: 0]
[eval_at: ]
[multi_error_top_k: 1]
[auc_mu_weights: ]
[num_machines: 1]
[local_listen_port: 12400]
[time_out: 120]
[machine_list_filename: ]
[machines: ]
[gpu_platform_id: -1]
[gpu_device_id: -1]
[gpu_device_id_list: ]
[gpu_use_dp: 0]
[num_gpu: 1]

end of parameters

pandas_categorical:[]
